country,iso3,year,latitude,longitude,conflict_type,deaths,conflict_type_label
Afghanistan,AFG,2015,33.93911,67.709953,interstate,0,Interstate
Afghanistan,AFG,2015,33.93911,67.709953,intrastate,17310,Intrastate
Afghanistan,AFG,2015,33.93911,67.709953,non_state,532,Non-state
Afghanistan,AFG,2015,33.93911,67.709953,one_sided_violence,174,One-sided violence
Afghanistan,AFG,2016,33.93911,67.709953,interstate,0,Interstate
Afghanistan,AFG,2016,33.93911,67.709953,intrastate,17985,Intrastate
Afghanistan,AFG,2016,33.93911,67.709953,non_state,665,Non-state
Afghanistan,AFG,2016,33.93911,67.709953,one_sided_violence,341,One-sided violence
Afghanistan,AFG,2017,33.93911,67.709953,interstate,0,Interstate
Afghanistan,AFG,2017,33.93911,67.709953,intrastate,19019,Intrastate
Afghanistan,AFG,2017,33.93911,67.709953,non_state,412,Non-state
Afghanistan,AFG,2017,33.93911,67.709953,one_sided_violence,335,One-sided violence
Afghanistan,AFG,2018,33.93911,67.709953,interstate,0,Interstate
Afghanistan,AFG,2018,33.93911,67.709953,intrastate,25676,Intrastate
Afghanistan,AFG,2018,33.93911,67.709953,non_state,631,Non-state
Afghanistan,AFG,2018,33.93911,67.709953,one_sided_violence,542,One-sided violence
Afghanistan,AFG,2019,33.93911,67.709953,interstate,0,Interstate
Afghanistan,AFG,2019,33.93911,67.709953,intrastate,29942,Intrastate
Afghanistan,AFG,2019,33.93911,67.709953,non_state,113,Non-state
Afghanistan,AFG,2019,33.93911,67.709953,one_sided_violence,379,One-sided violence
Afghanistan,AFG,2020,33.93911,67.709953,interstate,0,Interstate
Afghanistan,AFG,2020,33.93911,67.709953,intrastate,20475,Intrastate
Afghanistan,AFG,2020,33.93911,67.709953,non_state,0,Non-state
Afghanistan,AFG,2020,33.93911,67.709953,one_sided_violence,361,One-sided violence
Afghanistan,AFG,2021,33.93911,67.709953,interstate,0,Interstate
Afghanistan,AFG,2021,33.93911,67.709953,intrastate,35787,Intrastate
Afghanistan,AFG,2021,33.93911,67.709953,non_state,0,Non-state
Afghanistan,AFG,2021,33.93911,67.709953,one_sided_violence,588,One-sided violence
Afghanistan,AFG,2022,33.93911,67.709953,interstate,0,Interstate
Afghanistan,AFG,2022,33.93911,67.709953,intrastate,935,Intrastate
Afghanistan,AFG,2022,33.93911,67.709953,non_state,0,Non-state
Afghanistan,AFG,2022,33.93911,67.709953,one_sided_violence,642,One-sided violence
Afghanistan,AFG,2023,33.93911,67.709953,interstate,0,Interstate
Afghanistan,AFG,2023,33.93911,67.709953,intrastate,237,Intrastate
Afghanistan,AFG,2023,33.93911,67.709953,non_state,0,Non-state
Afghanistan,AFG,2023,33.93911,67.709953,one_sided_violence,108,One-sided violence
Afghanistan,AFG,2024,33.93911,67.709953,interstate,53,Interstate
Afghanistan,AFG,2024,33.93911,67.709953,intrastate,218,Intrastate
Afghanistan,AFG,2024,33.93911,67.709953,non_state,0,Non-state
Afghanistan,AFG,2024,33.93911,67.709953,one_sided_violence,90,One-sided violence
Albania,ALB,2015,41.153332,20.168331,interstate,0,Interstate
Albania,ALB,2015,41.153332,20.168331,intrastate,0,Intrastate
Albania,ALB,2015,41.153332,20.168331,non_state,0,Non-state
Albania,ALB,2015,41.153332,20.168331,one_sided_violence,0,One-sided violence
Albania,ALB,2016,41.153332,20.168331,interstate,0,Interstate
Albania,ALB,2016,41.153332,20.168331,intrastate,0,Intrastate
Albania,ALB,2016,41.153332,20.168331,non_state,0,Non-state
Albania,ALB,2016,41.153332,20.168331,one_sided_violence,0,One-sided violence
Albania,ALB,2017,41.153332,20.168331,interstate,0,Interstate
Albania,ALB,2017,41.153332,20.168331,intrastate,0,Intrastate
Albania,ALB,2017,41.153332,20.168331,non_state,0,Non-state
Albania,ALB,2017,41.153332,20.168331,one_sided_violence,0,One-sided violence
Albania,ALB,2018,41.153332,20.168331,interstate,0,Interstate
Albania,ALB,2018,41.153332,20.168331,intrastate,0,Intrastate
Albania,ALB,2018,41.153332,20.168331,non_state,0,Non-state
Albania,ALB,2018,41.153332,20.168331,one_sided_violence,0,One-sided violence
Albania,ALB,2019,41.153332,20.168331,interstate,0,Interstate
Albania,ALB,2019,41.153332,20.168331,intrastate,0,Intrastate
Albania,ALB,2019,41.153332,20.168331,non_state,0,Non-state
Albania,ALB,2019,41.153332,20.168331,one_sided_violence,0,One-sided violence
Albania,ALB,2020,41.153332,20.168331,interstate,0,Interstate
Albania,ALB,2020,41.153332,20.168331,intrastate,0,Intrastate
Albania,ALB,2020,41.153332,20.168331,non_state,0,Non-state
Albania,ALB,2020,41.153332,20.168331,one_sided_violence,0,One-sided violence
Albania,ALB,2021,41.153332,20.168331,interstate,0,Interstate
Albania,ALB,2021,41.153332,20.168331,intrastate,0,Intrastate
Albania,ALB,2021,41.153332,20.168331,non_state,0,Non-state
Albania,ALB,2021,41.153332,20.168331,one_sided_violence,0,One-sided violence
Albania,ALB,2022,41.153332,20.168331,interstate,0,Interstate
Albania,ALB,2022,41.153332,20.168331,intrastate,0,Intrastate
Albania,ALB,2022,41.153332,20.168331,non_state,0,Non-state
Albania,ALB,2022,41.153332,20.168331,one_sided_violence,0,One-sided violence
Albania,ALB,2023,41.153332,20.168331,interstate,0,Interstate
Albania,ALB,2023,41.153332,20.168331,intrastate,0,Intrastate
Albania,ALB,2023,41.153332,20.168331,non_state,0,Non-state
Albania,ALB,2023,41.153332,20.168331,one_sided_violence,0,One-sided violence
Albania,ALB,2024,41.153332,20.168331,interstate,0,Interstate
Albania,ALB,2024,41.153332,20.168331,intrastate,0,Intrastate
Albania,ALB,2024,41.153332,20.168331,non_state,0,Non-state
Albania,ALB,2024,41.153332,20.168331,one_sided_violence,0,One-sided violence
Algeria,DZA,2015,28.033886,1.659626,interstate,0,Interstate
Algeria,DZA,2015,28.033886,1.659626,intrastate,110,Intrastate
Algeria,DZA,2015,28.033886,1.659626,non_state,0,Non-state
Algeria,DZA,2015,28.033886,1.659626,one_sided_violence,0,One-sided violence
Algeria,DZA,2016,28.033886,1.659626,interstate,0,Interstate
Algeria,DZA,2016,28.033886,1.659626,intrastate,85,Intrastate
Algeria,DZA,2016,28.033886,1.659626,non_state,0,Non-state
Algeria,DZA,2016,28.033886,1.659626,one_sided_violence,0,One-sided violence
Algeria,DZA,2017,28.033886,1.659626,interstate,0,Interstate
Algeria,DZA,2017,28.033886,1.659626,intrastate,60,Intrastate
Algeria,DZA,2017,28.033886,1.659626,non_state,22,Non-state
Algeria,DZA,2017,28.033886,1.659626,one_sided_violence,16,One-sided violence
Algeria,DZA,2018,28.033886,1.659626,interstate,0,Interstate
Algeria,DZA,2018,28.033886,1.659626,intrastate,33,Intrastate
Algeria,DZA,2018,28.033886,1.659626,non_state,0,Non-state
Algeria,DZA,2018,28.033886,1.659626,one_sided_violence,0,One-sided violence
Algeria,DZA,2019,28.033886,1.659626,interstate,0,Interstate
Algeria,DZA,2019,28.033886,1.659626,intrastate,0,Intrastate
Algeria,DZA,2019,28.033886,1.659626,non_state,0,Non-state
Algeria,DZA,2019,28.033886,1.659626,one_sided_violence,0,One-sided violence
Algeria,DZA,2020,28.033886,1.659626,interstate,0,Interstate
Algeria,DZA,2020,28.033886,1.659626,intrastate,26,Intrastate
Algeria,DZA,2020,28.033886,1.659626,non_state,0,Non-state
Algeria,DZA,2020,28.033886,1.659626,one_sided_violence,0,One-sided violence
Algeria,DZA,2021,28.033886,1.659626,interstate,0,Interstate
Algeria,DZA,2021,28.033886,1.659626,intrastate,0,Intrastate
Algeria,DZA,2021,28.033886,1.659626,non_state,0,Non-state
Algeria,DZA,2021,28.033886,1.659626,one_sided_violence,0,One-sided violence
Algeria,DZA,2022,28.033886,1.659626,interstate,0,Interstate
Algeria,DZA,2022,28.033886,1.659626,intrastate,0,Intrastate
Algeria,DZA,2022,28.033886,1.659626,non_state,0,Non-state
Algeria,DZA,2022,28.033886,1.659626,one_sided_violence,0,One-sided violence
Algeria,DZA,2023,28.033886,1.659626,interstate,0,Interstate
Algeria,DZA,2023,28.033886,1.659626,intrastate,0,Intrastate
Algeria,DZA,2023,28.033886,1.659626,non_state,0,Non-state
Algeria,DZA,2023,28.033886,1.659626,one_sided_violence,0,One-sided violence
Algeria,DZA,2024,28.033886,1.659626,interstate,0,Interstate
Algeria,DZA,2024,28.033886,1.659626,intrastate,0,Intrastate
Algeria,DZA,2024,28.033886,1.659626,non_state,0,Non-state
Algeria,DZA,2024,28.033886,1.659626,one_sided_violence,0,One-sided violence
Andorra,AND,2015,42.546245,1.601554,interstate,0,Interstate
Andorra,AND,2015,42.546245,1.601554,intrastate,0,Intrastate
Andorra,AND,2015,42.546245,1.601554,non_state,0,Non-state
Andorra,AND,2015,42.546245,1.601554,one_sided_violence,0,One-sided violence
Andorra,AND,2016,42.546245,1.601554,interstate,0,Interstate
Andorra,AND,2016,42.546245,1.601554,intrastate,0,Intrastate
Andorra,AND,2016,42.546245,1.601554,non_state,0,Non-state
Andorra,AND,2016,42.546245,1.601554,one_sided_violence,0,One-sided violence
Andorra,AND,2017,42.546245,1.601554,interstate,0,Interstate
Andorra,AND,2017,42.546245,1.601554,intrastate,0,Intrastate
Andorra,AND,2017,42.546245,1.601554,non_state,0,Non-state
Andorra,AND,2017,42.546245,1.601554,one_sided_violence,0,One-sided violence
Andorra,AND,2018,42.546245,1.601554,interstate,0,Interstate
Andorra,AND,2018,42.546245,1.601554,intrastate,0,Intrastate
Andorra,AND,2018,42.546245,1.601554,non_state,0,Non-state
Andorra,AND,2018,42.546245,1.601554,one_sided_violence,0,One-sided violence
Andorra,AND,2019,42.546245,1.601554,interstate,0,Interstate
Andorra,AND,2019,42.546245,1.601554,intrastate,0,Intrastate
Andorra,AND,2019,42.546245,1.601554,non_state,0,Non-state
Andorra,AND,2019,42.546245,1.601554,one_sided_violence,0,One-sided violence
Andorra,AND,2020,42.546245,1.601554,interstate,0,Interstate
Andorra,AND,2020,42.546245,1.601554,intrastate,0,Intrastate
Andorra,AND,2020,42.546245,1.601554,non_state,0,Non-state
Andorra,AND,2020,42.546245,1.601554,one_sided_violence,0,One-sided violence
Andorra,AND,2021,42.546245,1.601554,interstate,0,Interstate
Andorra,AND,2021,42.546245,1.601554,intrastate,0,Intrastate
Andorra,AND,2021,42.546245,1.601554,non_state,0,Non-state
Andorra,AND,2021,42.546245,1.601554,one_sided_violence,0,One-sided violence
Andorra,AND,2022,42.546245,1.601554,interstate,0,Interstate
Andorra,AND,2022,42.546245,1.601554,intrastate,0,Intrastate
Andorra,AND,2022,42.546245,1.601554,non_state,0,Non-state
Andorra,AND,2022,42.546245,1.601554,one_sided_violence,0,One-sided violence
Andorra,AND,2023,42.546245,1.601554,interstate,0,Interstate
Andorra,AND,2023,42.546245,1.601554,intrastate,0,Intrastate
Andorra,AND,2023,42.546245,1.601554,non_state,0,Non-state
Andorra,AND,2023,42.546245,1.601554,one_sided_violence,0,One-sided violence
Andorra,AND,2024,42.546245,1.601554,interstate,0,Interstate
Andorra,AND,2024,42.546245,1.601554,intrastate,0,Intrastate
Andorra,AND,2024,42.546245,1.601554,non_state,0,Non-state
Andorra,AND,2024,42.546245,1.601554,one_sided_violence,0,One-sided violence
Angola,AGO,2015,-11.202692,17.873887,interstate,0,Interstate
Angola,AGO,2015,-11.202692,17.873887,intrastate,0,Intrastate
Angola,AGO,2015,-11.202692,17.873887,non_state,0,Non-state
Angola,AGO,2015,-11.202692,17.873887,one_sided_violence,0,One-sided violence
Angola,AGO,2016,-11.202692,17.873887,interstate,0,Interstate
Angola,AGO,2016,-11.202692,17.873887,intrastate,23,Intrastate
Angola,AGO,2016,-11.202692,17.873887,non_state,0,Non-state
Angola,AGO,2016,-11.202692,17.873887,one_sided_violence,0,One-sided violence
Angola,AGO,2017,-11.202692,17.873887,interstate,0,Interstate
Angola,AGO,2017,-11.202692,17.873887,intrastate,25,Intrastate
Angola,AGO,2017,-11.202692,17.873887,non_state,0,Non-state
Angola,AGO,2017,-11.202692,17.873887,one_sided_violence,0,One-sided violence
Angola,AGO,2018,-11.202692,17.873887,interstate,0,Interstate
Angola,AGO,2018,-11.202692,17.873887,intrastate,0,Intrastate
Angola,AGO,2018,-11.202692,17.873887,non_state,0,Non-state
Angola,AGO,2018,-11.202692,17.873887,one_sided_violence,0,One-sided violence
Angola,AGO,2019,-11.202692,17.873887,interstate,0,Interstate
Angola,AGO,2019,-11.202692,17.873887,intrastate,25,Intrastate
Angola,AGO,2019,-11.202692,17.873887,non_state,0,Non-state
Angola,AGO,2019,-11.202692,17.873887,one_sided_violence,0,One-sided violence
Angola,AGO,2020,-11.202692,17.873887,interstate,0,Interstate
Angola,AGO,2020,-11.202692,17.873887,intrastate,21,Intrastate
Angola,AGO,2020,-11.202692,17.873887,non_state,0,Non-state
Angola,AGO,2020,-11.202692,17.873887,one_sided_violence,0,One-sided violence
Angola,AGO,2021,-11.202692,17.873887,interstate,0,Interstate
Angola,AGO,2021,-11.202692,17.873887,intrastate,0,Intrastate
Angola,AGO,2021,-11.202692,17.873887,non_state,0,Non-state
Angola,AGO,2021,-11.202692,17.873887,one_sided_violence,0,One-sided violence
Angola,AGO,2022,-11.202692,17.873887,interstate,0,Interstate
Angola,AGO,2022,-11.202692,17.873887,intrastate,20,Intrastate
Angola,AGO,2022,-11.202692,17.873887,non_state,0,Non-state
Angola,AGO,2022,-11.202692,17.873887,one_sided_violence,0,One-sided violence
Angola,AGO,2023,-11.202692,17.873887,interstate,0,Interstate
Angola,AGO,2023,-11.202692,17.873887,intrastate,0,Intrastate
Angola,AGO,2023,-11.202692,17.873887,non_state,0,Non-state
Angola,AGO,2023,-11.202692,17.873887,one_sided_violence,0,One-sided violence
Angola,AGO,2024,-11.202692,17.873887,interstate,0,Interstate
Angola,AGO,2024,-11.202692,17.873887,intrastate,25,Intrastate
Angola,AGO,2024,-11.202692,17.873887,non_state,0,Non-state
Angola,AGO,2024,-11.202692,17.873887,one_sided_violence,0,One-sided violence
Antigua and Barbuda,ATG,2015,17.060816,-61.796428,interstate,0,Interstate
Antigua and Barbuda,ATG,2015,17.060816,-61.796428,intrastate,0,Intrastate
Antigua and Barbuda,ATG,2015,17.060816,-61.796428,non_state,0,Non-state
Antigua and Barbuda,ATG,2015,17.060816,-61.796428,one_sided_violence,0,One-sided violence
Antigua and Barbuda,ATG,2016,17.060816,-61.796428,interstate,0,Interstate
Antigua and Barbuda,ATG,2016,17.060816,-61.796428,intrastate,0,Intrastate
Antigua and Barbuda,ATG,2016,17.060816,-61.796428,non_state,0,Non-state
Antigua and Barbuda,ATG,2016,17.060816,-61.796428,one_sided_violence,0,One-sided violence
Antigua and Barbuda,ATG,2017,17.060816,-61.796428,interstate,0,Interstate
Antigua and Barbuda,ATG,2017,17.060816,-61.796428,intrastate,0,Intrastate
Antigua and Barbuda,ATG,2017,17.060816,-61.796428,non_state,0,Non-state
Antigua and Barbuda,ATG,2017,17.060816,-61.796428,one_sided_violence,0,One-sided violence
Antigua and Barbuda,ATG,2018,17.060816,-61.796428,interstate,0,Interstate
Antigua and Barbuda,ATG,2018,17.060816,-61.796428,intrastate,0,Intrastate
Antigua and Barbuda,ATG,2018,17.060816,-61.796428,non_state,0,Non-state
Antigua and Barbuda,ATG,2018,17.060816,-61.796428,one_sided_violence,0,One-sided violence
Antigua and Barbuda,ATG,2019,17.060816,-61.796428,interstate,0,Interstate
Antigua and Barbuda,ATG,2019,17.060816,-61.796428,intrastate,0,Intrastate
Antigua and Barbuda,ATG,2019,17.060816,-61.796428,non_state,0,Non-state
Antigua and Barbuda,ATG,2019,17.060816,-61.796428,one_sided_violence,0,One-sided violence
Antigua and Barbuda,ATG,2020,17.060816,-61.796428,interstate,0,Interstate
Antigua and Barbuda,ATG,2020,17.060816,-61.796428,intrastate,0,Intrastate
Antigua and Barbuda,ATG,2020,17.060816,-61.796428,non_state,0,Non-state
Antigua and Barbuda,ATG,2020,17.060816,-61.796428,one_sided_violence,0,One-sided violence
Antigua and Barbuda,ATG,2021,17.060816,-61.796428,interstate,0,Interstate
Antigua and Barbuda,ATG,2021,17.060816,-61.796428,intrastate,0,Intrastate
Antigua and Barbuda,ATG,2021,17.060816,-61.796428,non_state,0,Non-state
Antigua and Barbuda,ATG,2021,17.060816,-61.796428,one_sided_violence,0,One-sided violence
Antigua and Barbuda,ATG,2022,17.060816,-61.796428,interstate,0,Interstate
Antigua and Barbuda,ATG,2022,17.060816,-61.796428,intrastate,0,Intrastate
Antigua and Barbuda,ATG,2022,17.060816,-61.796428,non_state,0,Non-state
Antigua and Barbuda,ATG,2022,17.060816,-61.796428,one_sided_violence,0,One-sided violence
Antigua and Barbuda,ATG,2023,17.060816,-61.796428,interstate,0,Interstate
Antigua and Barbuda,ATG,2023,17.060816,-61.796428,intrastate,0,Intrastate
Antigua and Barbuda,ATG,2023,17.060816,-61.796428,non_state,0,Non-state
Antigua and Barbuda,ATG,2023,17.060816,-61.796428,one_sided_violence,0,One-sided violence
Antigua and Barbuda,ATG,2024,17.060816,-61.796428,interstate,0,Interstate
Antigua and Barbuda,ATG,2024,17.060816,-61.796428,intrastate,0,Intrastate
Antigua and Barbuda,ATG,2024,17.060816,-61.796428,non_state,0,Non-state
Antigua and Barbuda,ATG,2024,17.060816,-61.796428,one_sided_violence,0,One-sided violence
Argentina,ARG,2015,-38.416097,-63.616672,interstate,0,Interstate
Argentina,ARG,2015,-38.416097,-63.616672,intrastate,0,Intrastate
Argentina,ARG,2015,-38.416097,-63.616672,non_state,0,Non-state
Argentina,ARG,2015,-38.416097,-63.616672,one_sided_violence,0,One-sided violence
Argentina,ARG,2016,-38.416097,-63.616672,interstate,0,Interstate
Argentina,ARG,2016,-38.416097,-63.616672,intrastate,0,Intrastate
Argentina,ARG,2016,-38.416097,-63.616672,non_state,0,Non-state
Argentina,ARG,2016,-38.416097,-63.616672,one_sided_violence,0,One-sided violence
Argentina,ARG,2017,-38.416097,-63.616672,interstate,0,Interstate
Argentina,ARG,2017,-38.416097,-63.616672,intrastate,0,Intrastate
Argentina,ARG,2017,-38.416097,-63.616672,non_state,0,Non-state
Argentina,ARG,2017,-38.416097,-63.616672,one_sided_violence,0,One-sided violence
Argentina,ARG,2018,-38.416097,-63.616672,interstate,0,Interstate
Argentina,ARG,2018,-38.416097,-63.616672,intrastate,0,Intrastate
Argentina,ARG,2018,-38.416097,-63.616672,non_state,0,Non-state
Argentina,ARG,2018,-38.416097,-63.616672,one_sided_violence,0,One-sided violence
Argentina,ARG,2019,-38.416097,-63.616672,interstate,0,Interstate
Argentina,ARG,2019,-38.416097,-63.616672,intrastate,0,Intrastate
Argentina,ARG,2019,-38.416097,-63.616672,non_state,0,Non-state
Argentina,ARG,2019,-38.416097,-63.616672,one_sided_violence,0,One-sided violence
Argentina,ARG,2020,-38.416097,-63.616672,interstate,0,Interstate
Argentina,ARG,2020,-38.416097,-63.616672,intrastate,0,Intrastate
Argentina,ARG,2020,-38.416097,-63.616672,non_state,0,Non-state
Argentina,ARG,2020,-38.416097,-63.616672,one_sided_violence,0,One-sided violence
Argentina,ARG,2021,-38.416097,-63.616672,interstate,0,Interstate
Argentina,ARG,2021,-38.416097,-63.616672,intrastate,0,Intrastate
Argentina,ARG,2021,-38.416097,-63.616672,non_state,0,Non-state
Argentina,ARG,2021,-38.416097,-63.616672,one_sided_violence,0,One-sided violence
Argentina,ARG,2022,-38.416097,-63.616672,interstate,0,Interstate
Argentina,ARG,2022,-38.416097,-63.616672,intrastate,0,Intrastate
Argentina,ARG,2022,-38.416097,-63.616672,non_state,0,Non-state
Argentina,ARG,2022,-38.416097,-63.616672,one_sided_violence,0,One-sided violence
Argentina,ARG,2023,-38.416097,-63.616672,interstate,0,Interstate
Argentina,ARG,2023,-38.416097,-63.616672,intrastate,0,Intrastate
Argentina,ARG,2023,-38.416097,-63.616672,non_state,0,Non-state
Argentina,ARG,2023,-38.416097,-63.616672,one_sided_violence,0,One-sided violence
Argentina,ARG,2024,-38.416097,-63.616672,interstate,0,Interstate
Argentina,ARG,2024,-38.416097,-63.616672,intrastate,0,Intrastate
Argentina,ARG,2024,-38.416097,-63.616672,non_state,0,Non-state
Argentina,ARG,2024,-38.416097,-63.616672,one_sided_violence,0,One-sided violence
Armenia,ARM,2015,40.069099,45.038189,interstate,0,Interstate
Armenia,ARM,2015,40.069099,45.038189,intrastate,9,Intrastate
Armenia,ARM,2015,40.069099,45.038189,non_state,0,Non-state
Armenia,ARM,2015,40.069099,45.038189,one_sided_violence,0,One-sided violence
Armenia,ARM,2016,40.069099,45.038189,interstate,0,Interstate
Armenia,ARM,2016,40.069099,45.038189,intrastate,4,Intrastate
Armenia,ARM,2016,40.069099,45.038189,non_state,0,Non-state
Armenia,ARM,2016,40.069099,45.038189,one_sided_violence,0,One-sided violence
Armenia,ARM,2017,40.069099,45.038189,interstate,0,Interstate
Armenia,ARM,2017,40.069099,45.038189,intrastate,0,Intrastate
Armenia,ARM,2017,40.069099,45.038189,non_state,0,Non-state
Armenia,ARM,2017,40.069099,45.038189,one_sided_violence,0,One-sided violence
Armenia,ARM,2018,40.069099,45.038189,interstate,0,Interstate
Armenia,ARM,2018,40.069099,45.038189,intrastate,0,Intrastate
Armenia,ARM,2018,40.069099,45.038189,non_state,0,Non-state
Armenia,ARM,2018,40.069099,45.038189,one_sided_violence,0,One-sided violence
Armenia,ARM,2019,40.069099,45.038189,interstate,0,Interstate
Armenia,ARM,2019,40.069099,45.038189,intrastate,0,Intrastate
Armenia,ARM,2019,40.069099,45.038189,non_state,0,Non-state
Armenia,ARM,2019,40.069099,45.038189,one_sided_violence,0,One-sided violence
Armenia,ARM,2020,40.069099,45.038189,interstate,0,Interstate
Armenia,ARM,2020,40.069099,45.038189,intrastate,10,Intrastate
Armenia,ARM,2020,40.069099,45.038189,non_state,0,Non-state
Armenia,ARM,2020,40.069099,45.038189,one_sided_violence,0,One-sided violence
Armenia,ARM,2021,40.069099,45.038189,interstate,0,Interstate
Armenia,ARM,2021,40.069099,45.038189,intrastate,10,Intrastate
Armenia,ARM,2021,40.069099,45.038189,non_state,0,Non-state
Armenia,ARM,2021,40.069099,45.038189,one_sided_violence,0,One-sided violence
Armenia,ARM,2022,40.069099,45.038189,interstate,0,Interstate
Armenia,ARM,2022,40.069099,45.038189,intrastate,154,Intrastate
Armenia,ARM,2022,40.069099,45.038189,non_state,0,Non-state
Armenia,ARM,2022,40.069099,45.038189,one_sided_violence,0,One-sided violence
Armenia,ARM,2023,40.069099,45.038189,interstate,0,Interstate
Armenia,ARM,2023,40.069099,45.038189,intrastate,20,Intrastate
Armenia,ARM,2023,40.069099,45.038189,non_state,0,Non-state
Armenia,ARM,2023,40.069099,45.038189,one_sided_violence,0,One-sided violence
Armenia,ARM,2024,40.069099,45.038189,interstate,0,Interstate
Armenia,ARM,2024,40.069099,45.038189,intrastate,0,Intrastate
Armenia,ARM,2024,40.069099,45.038189,non_state,0,Non-state
Armenia,ARM,2024,40.069099,45.038189,one_sided_violence,0,One-sided violence
Australia,AUS,2015,-25.274398,133.775136,interstate,0,Interstate
Australia,AUS,2015,-25.274398,133.775136,intrastate,0,Intrastate
Australia,AUS,2015,-25.274398,133.775136,non_state,0,Non-state
Australia,AUS,2015,-25.274398,133.775136,one_sided_violence,0,One-sided violence
Australia,AUS,2016,-25.274398,133.775136,interstate,0,Interstate
Australia,AUS,2016,-25.274398,133.775136,intrastate,0,Intrastate
Australia,AUS,2016,-25.274398,133.775136,non_state,0,Non-state
Australia,AUS,2016,-25.274398,133.775136,one_sided_violence,0,One-sided violence
Australia,AUS,2017,-25.274398,133.775136,interstate,0,Interstate
Australia,AUS,2017,-25.274398,133.775136,intrastate,0,Intrastate
Australia,AUS,2017,-25.274398,133.775136,non_state,0,Non-state
Australia,AUS,2017,-25.274398,133.775136,one_sided_violence,0,One-sided violence
Australia,AUS,2018,-25.274398,133.775136,interstate,0,Interstate
Australia,AUS,2018,-25.274398,133.775136,intrastate,1,Intrastate
Australia,AUS,2018,-25.274398,133.775136,non_state,0,Non-state
Australia,AUS,2018,-25.274398,133.775136,one_sided_violence,1,One-sided violence
Australia,AUS,2019,-25.274398,133.775136,interstate,0,Interstate
Australia,AUS,2019,-25.274398,133.775136,intrastate,0,Intrastate
Australia,AUS,2019,-25.274398,133.775136,non_state,0,Non-state
Australia,AUS,2019,-25.274398,133.775136,one_sided_violence,0,One-sided violence
Australia,AUS,2020,-25.274398,133.775136,interstate,0,Interstate
Australia,AUS,2020,-25.274398,133.775136,intrastate,0,Intrastate
Australia,AUS,2020,-25.274398,133.775136,non_state,0,Non-state
Australia,AUS,2020,-25.274398,133.775136,one_sided_violence,0,One-sided violence
Australia,AUS,2021,-25.274398,133.775136,interstate,0,Interstate
Australia,AUS,2021,-25.274398,133.775136,intrastate,0,Intrastate
Australia,AUS,2021,-25.274398,133.775136,non_state,0,Non-state
Australia,AUS,2021,-25.274398,133.775136,one_sided_violence,0,One-sided violence
Australia,AUS,2022,-25.274398,133.775136,interstate,0,Interstate
Australia,AUS,2022,-25.274398,133.775136,intrastate,0,Intrastate
Australia,AUS,2022,-25.274398,133.775136,non_state,0,Non-state
Australia,AUS,2022,-25.274398,133.775136,one_sided_violence,0,One-sided violence
Australia,AUS,2023,-25.274398,133.775136,interstate,0,Interstate
Australia,AUS,2023,-25.274398,133.775136,intrastate,0,Intrastate
Australia,AUS,2023,-25.274398,133.775136,non_state,0,Non-state
Australia,AUS,2023,-25.274398,133.775136,one_sided_violence,0,One-sided violence
Australia,AUS,2024,-25.274398,133.775136,interstate,0,Interstate
Australia,AUS,2024,-25.274398,133.775136,intrastate,0,Intrastate
Australia,AUS,2024,-25.274398,133.775136,non_state,0,Non-state
Australia,AUS,2024,-25.274398,133.775136,one_sided_violence,0,One-sided violence
Austria,AUT,2015,47.516231,14.550072,interstate,0,Interstate
Austria,AUT,2015,47.516231,14.550072,intrastate,0,Intrastate
Austria,AUT,2015,47.516231,14.550072,non_state,0,Non-state
Austria,AUT,2015,47.516231,14.550072,one_sided_violence,0,One-sided violence
Austria,AUT,2016,47.516231,14.550072,interstate,0,Interstate
Austria,AUT,2016,47.516231,14.550072,intrastate,0,Intrastate
Austria,AUT,2016,47.516231,14.550072,non_state,0,Non-state
Austria,AUT,2016,47.516231,14.550072,one_sided_violence,0,One-sided violence
Austria,AUT,2017,47.516231,14.550072,interstate,0,Interstate
Austria,AUT,2017,47.516231,14.550072,intrastate,0,Intrastate
Austria,AUT,2017,47.516231,14.550072,non_state,0,Non-state
Austria,AUT,2017,47.516231,14.550072,one_sided_violence,0,One-sided violence
Austria,AUT,2018,47.516231,14.550072,interstate,0,Interstate
Austria,AUT,2018,47.516231,14.550072,intrastate,0,Intrastate
Austria,AUT,2018,47.516231,14.550072,non_state,0,Non-state
Austria,AUT,2018,47.516231,14.550072,one_sided_violence,0,One-sided violence
Austria,AUT,2019,47.516231,14.550072,interstate,0,Interstate
Austria,AUT,2019,47.516231,14.550072,intrastate,0,Intrastate
Austria,AUT,2019,47.516231,14.550072,non_state,0,Non-state
Austria,AUT,2019,47.516231,14.550072,one_sided_violence,0,One-sided violence
Austria,AUT,2020,47.516231,14.550072,interstate,0,Interstate
Austria,AUT,2020,47.516231,14.550072,intrastate,0,Intrastate
Austria,AUT,2020,47.516231,14.550072,non_state,0,Non-state
Austria,AUT,2020,47.516231,14.550072,one_sided_violence,4,One-sided violence
Austria,AUT,2021,47.516231,14.550072,interstate,0,Interstate
Austria,AUT,2021,47.516231,14.550072,intrastate,0,Intrastate
Austria,AUT,2021,47.516231,14.550072,non_state,0,Non-state
Austria,AUT,2021,47.516231,14.550072,one_sided_violence,0,One-sided violence
Austria,AUT,2022,47.516231,14.550072,interstate,0,Interstate
Austria,AUT,2022,47.516231,14.550072,intrastate,0,Intrastate
Austria,AUT,2022,47.516231,14.550072,non_state,0,Non-state
Austria,AUT,2022,47.516231,14.550072,one_sided_violence,0,One-sided violence
Austria,AUT,2023,47.516231,14.550072,interstate,0,Interstate
Austria,AUT,2023,47.516231,14.550072,intrastate,0,Intrastate
Austria,AUT,2023,47.516231,14.550072,non_state,0,Non-state
Austria,AUT,2023,47.516231,14.550072,one_sided_violence,0,One-sided violence
Austria,AUT,2024,47.516231,14.550072,interstate,0,Interstate
Austria,AUT,2024,47.516231,14.550072,intrastate,0,Intrastate
Austria,AUT,2024,47.516231,14.550072,non_state,0,Non-state
Austria,AUT,2024,47.516231,14.550072,one_sided_violence,0,One-sided violence
Azerbaijan,AZE,2015,40.143105,47.576927,interstate,0,Interstate
Azerbaijan,AZE,2015,40.143105,47.576927,intrastate,63,Intrastate
Azerbaijan,AZE,2015,40.143105,47.576927,non_state,0,Non-state
Azerbaijan,AZE,2015,40.143105,47.576927,one_sided_violence,0,One-sided violence
Azerbaijan,AZE,2016,40.143105,47.576927,interstate,0,Interstate
Azerbaijan,AZE,2016,40.143105,47.576927,intrastate,137,Intrastate
Azerbaijan,AZE,2016,40.143105,47.576927,non_state,0,Non-state
Azerbaijan,AZE,2016,40.143105,47.576927,one_sided_violence,0,One-sided violence
Azerbaijan,AZE,2017,40.143105,47.576927,interstate,0,Interstate
Azerbaijan,AZE,2017,40.143105,47.576927,intrastate,36,Intrastate
Azerbaijan,AZE,2017,40.143105,47.576927,non_state,0,Non-state
Azerbaijan,AZE,2017,40.143105,47.576927,one_sided_violence,0,One-sided violence
Azerbaijan,AZE,2018,40.143105,47.576927,interstate,0,Interstate
Azerbaijan,AZE,2018,40.143105,47.576927,intrastate,0,Intrastate
Azerbaijan,AZE,2018,40.143105,47.576927,non_state,0,Non-state
Azerbaijan,AZE,2018,40.143105,47.576927,one_sided_violence,0,One-sided violence
Azerbaijan,AZE,2019,40.143105,47.576927,interstate,0,Interstate
Azerbaijan,AZE,2019,40.143105,47.576927,intrastate,0,Intrastate
Azerbaijan,AZE,2019,40.143105,47.576927,non_state,0,Non-state
Azerbaijan,AZE,2019,40.143105,47.576927,one_sided_violence,0,One-sided violence
Azerbaijan,AZE,2020,40.143105,47.576927,interstate,0,Interstate
Azerbaijan,AZE,2020,40.143105,47.576927,intrastate,7636,Intrastate
Azerbaijan,AZE,2020,40.143105,47.576927,non_state,0,Non-state
Azerbaijan,AZE,2020,40.143105,47.576927,one_sided_violence,0,One-sided violence
Azerbaijan,AZE,2021,40.143105,47.576927,interstate,0,Interstate
Azerbaijan,AZE,2021,40.143105,47.576927,intrastate,30,Intrastate
Azerbaijan,AZE,2021,40.143105,47.576927,non_state,0,Non-state
Azerbaijan,AZE,2021,40.143105,47.576927,one_sided_violence,0,One-sided violence
Azerbaijan,AZE,2022,40.143105,47.576927,interstate,0,Interstate
Azerbaijan,AZE,2022,40.143105,47.576927,intrastate,154,Intrastate
Azerbaijan,AZE,2022,40.143105,47.576927,non_state,0,Non-state
Azerbaijan,AZE,2022,40.143105,47.576927,one_sided_violence,0,One-sided violence
Azerbaijan,AZE,2023,40.143105,47.576927,interstate,0,Interstate
Azerbaijan,AZE,2023,40.143105,47.576927,intrastate,442,Intrastate
Azerbaijan,AZE,2023,40.143105,47.576927,non_state,0,Non-state
Azerbaijan,AZE,2023,40.143105,47.576927,one_sided_violence,0,One-sided violence
Azerbaijan,AZE,2024,40.143105,47.576927,interstate,0,Interstate
Azerbaijan,AZE,2024,40.143105,47.576927,intrastate,0,Intrastate
Azerbaijan,AZE,2024,40.143105,47.576927,non_state,0,Non-state
Azerbaijan,AZE,2024,40.143105,47.576927,one_sided_violence,0,One-sided violence
Bahamas,BHS,2015,25.03428,-77.39628,interstate,0,Interstate
Bahamas,BHS,2015,25.03428,-77.39628,intrastate,0,Intrastate
Bahamas,BHS,2015,25.03428,-77.39628,non_state,0,Non-state
Bahamas,BHS,2015,25.03428,-77.39628,one_sided_violence,0,One-sided violence
Bahamas,BHS,2016,25.03428,-77.39628,interstate,0,Interstate
Bahamas,BHS,2016,25.03428,-77.39628,intrastate,0,Intrastate
Bahamas,BHS,2016,25.03428,-77.39628,non_state,0,Non-state
Bahamas,BHS,2016,25.03428,-77.39628,one_sided_violence,0,One-sided violence
Bahamas,BHS,2017,25.03428,-77.39628,interstate,0,Interstate
Bahamas,BHS,2017,25.03428,-77.39628,intrastate,0,Intrastate
Bahamas,BHS,2017,25.03428,-77.39628,non_state,0,Non-state
Bahamas,BHS,2017,25.03428,-77.39628,one_sided_violence,0,One-sided violence
Bahamas,BHS,2018,25.03428,-77.39628,interstate,0,Interstate
Bahamas,BHS,2018,25.03428,-77.39628,intrastate,0,Intrastate
Bahamas,BHS,2018,25.03428,-77.39628,non_state,0,Non-state
Bahamas,BHS,2018,25.03428,-77.39628,one_sided_violence,0,One-sided violence
Bahamas,BHS,2019,25.03428,-77.39628,interstate,0,Interstate
Bahamas,BHS,2019,25.03428,-77.39628,intrastate,0,Intrastate
Bahamas,BHS,2019,25.03428,-77.39628,non_state,0,Non-state
Bahamas,BHS,2019,25.03428,-77.39628,one_sided_violence,0,One-sided violence
Bahamas,BHS,2020,25.03428,-77.39628,interstate,0,Interstate
Bahamas,BHS,2020,25.03428,-77.39628,intrastate,0,Intrastate
Bahamas,BHS,2020,25.03428,-77.39628,non_state,0,Non-state
Bahamas,BHS,2020,25.03428,-77.39628,one_sided_violence,0,One-sided violence
Bahamas,BHS,2021,25.03428,-77.39628,interstate,0,Interstate
Bahamas,BHS,2021,25.03428,-77.39628,intrastate,0,Intrastate
Bahamas,BHS,2021,25.03428,-77.39628,non_state,0,Non-state
Bahamas,BHS,2021,25.03428,-77.39628,one_sided_violence,0,One-sided violence
Bahamas,BHS,2022,25.03428,-77.39628,interstate,0,Interstate
Bahamas,BHS,2022,25.03428,-77.39628,intrastate,0,Intrastate
Bahamas,BHS,2022,25.03428,-77.39628,non_state,0,Non-state
Bahamas,BHS,2022,25.03428,-77.39628,one_sided_violence,0,One-sided violence
Bahamas,BHS,2023,25.03428,-77.39628,interstate,0,Interstate
Bahamas,BHS,2023,25.03428,-77.39628,intrastate,0,Intrastate
Bahamas,BHS,2023,25.03428,-77.39628,non_state,0,Non-state
Bahamas,BHS,2023,25.03428,-77.39628,one_sided_violence,0,One-sided violence
Bahamas,BHS,2024,25.03428,-77.39628,interstate,0,Interstate
Bahamas,BHS,2024,25.03428,-77.39628,intrastate,0,Intrastate
Bahamas,BHS,2024,25.03428,-77.39628,non_state,0,Non-state
Bahamas,BHS,2024,25.03428,-77.39628,one_sided_violence,0,One-sided violence
Bahrain,BHR,2015,25.930414,50.637772,interstate,0,Interstate
Bahrain,BHR,2015,25.930414,50.637772,intrastate,0,Intrastate
Bahrain,BHR,2015,25.930414,50.637772,non_state,0,Non-state
Bahrain,BHR,2015,25.930414,50.637772,one_sided_violence,0,One-sided violence
Bahrain,BHR,2016,25.930414,50.637772,interstate,0,Interstate
Bahrain,BHR,2016,25.930414,50.637772,intrastate,0,Intrastate
Bahrain,BHR,2016,25.930414,50.637772,non_state,0,Non-state
Bahrain,BHR,2016,25.930414,50.637772,one_sided_violence,0,One-sided violence
Bahrain,BHR,2017,25.930414,50.637772,interstate,0,Interstate
Bahrain,BHR,2017,25.930414,50.637772,intrastate,0,Intrastate
Bahrain,BHR,2017,25.930414,50.637772,non_state,0,Non-state
Bahrain,BHR,2017,25.930414,50.637772,one_sided_violence,0,One-sided violence
Bahrain,BHR,2018,25.930414,50.637772,interstate,0,Interstate
Bahrain,BHR,2018,25.930414,50.637772,intrastate,0,Intrastate
Bahrain,BHR,2018,25.930414,50.637772,non_state,0,Non-state
Bahrain,BHR,2018,25.930414,50.637772,one_sided_violence,0,One-sided violence
Bahrain,BHR,2019,25.930414,50.637772,interstate,0,Interstate
Bahrain,BHR,2019,25.930414,50.637772,intrastate,0,Intrastate
Bahrain,BHR,2019,25.930414,50.637772,non_state,0,Non-state
Bahrain,BHR,2019,25.930414,50.637772,one_sided_violence,0,One-sided violence
Bahrain,BHR,2020,25.930414,50.637772,interstate,0,Interstate
Bahrain,BHR,2020,25.930414,50.637772,intrastate,0,Intrastate
Bahrain,BHR,2020,25.930414,50.637772,non_state,0,Non-state
Bahrain,BHR,2020,25.930414,50.637772,one_sided_violence,0,One-sided violence
Bahrain,BHR,2021,25.930414,50.637772,interstate,0,Interstate
Bahrain,BHR,2021,25.930414,50.637772,intrastate,0,Intrastate
Bahrain,BHR,2021,25.930414,50.637772,non_state,0,Non-state
Bahrain,BHR,2021,25.930414,50.637772,one_sided_violence,0,One-sided violence
Bahrain,BHR,2022,25.930414,50.637772,interstate,0,Interstate
Bahrain,BHR,2022,25.930414,50.637772,intrastate,0,Intrastate
Bahrain,BHR,2022,25.930414,50.637772,non_state,0,Non-state
Bahrain,BHR,2022,25.930414,50.637772,one_sided_violence,0,One-sided violence
Bahrain,BHR,2023,25.930414,50.637772,interstate,0,Interstate
Bahrain,BHR,2023,25.930414,50.637772,intrastate,0,Intrastate
Bahrain,BHR,2023,25.930414,50.637772,non_state,0,Non-state
Bahrain,BHR,2023,25.930414,50.637772,one_sided_violence,0,One-sided violence
Bahrain,BHR,2024,25.930414,50.637772,interstate,0,Interstate
Bahrain,BHR,2024,25.930414,50.637772,intrastate,0,Intrastate
Bahrain,BHR,2024,25.930414,50.637772,non_state,0,Non-state
Bahrain,BHR,2024,25.930414,50.637772,one_sided_violence,0,One-sided violence
Bangladesh,BGD,2015,23.684994,90.356331,interstate,0,Interstate
Bangladesh,BGD,2015,23.684994,90.356331,intrastate,0,Intrastate
Bangladesh,BGD,2015,23.684994,90.356331,non_state,0,Non-state
Bangladesh,BGD,2015,23.684994,90.356331,one_sided_violence,5,One-sided violence
Bangladesh,BGD,2016,23.684994,90.356331,interstate,0,Interstate
Bangladesh,BGD,2016,23.684994,90.356331,intrastate,41,Intrastate
Bangladesh,BGD,2016,23.684994,90.356331,non_state,0,Non-state
Bangladesh,BGD,2016,23.684994,90.356331,one_sided_violence,32,One-sided violence
Bangladesh,BGD,2017,23.684994,90.356331,interstate,0,Interstate
Bangladesh,BGD,2017,23.684994,90.356331,intrastate,47,Intrastate
Bangladesh,BGD,2017,23.684994,90.356331,non_state,0,Non-state
Bangladesh,BGD,2017,23.684994,90.356331,one_sided_violence,1,One-sided violence
Bangladesh,BGD,2018,23.684994,90.356331,interstate,0,Interstate
Bangladesh,BGD,2018,23.684994,90.356331,intrastate,0,Intrastate
Bangladesh,BGD,2018,23.684994,90.356331,non_state,0,Non-state
Bangladesh,BGD,2018,23.684994,90.356331,one_sided_violence,0,One-sided violence
Bangladesh,BGD,2019,23.684994,90.356331,interstate,0,Interstate
Bangladesh,BGD,2019,23.684994,90.356331,intrastate,0,Intrastate
Bangladesh,BGD,2019,23.684994,90.356331,non_state,0,Non-state
Bangladesh,BGD,2019,23.684994,90.356331,one_sided_violence,0,One-sided violence
Bangladesh,BGD,2020,23.684994,90.356331,interstate,0,Interstate
Bangladesh,BGD,2020,23.684994,90.356331,intrastate,2,Intrastate
Bangladesh,BGD,2020,23.684994,90.356331,non_state,0,Non-state
Bangladesh,BGD,2020,23.684994,90.356331,one_sided_violence,1,One-sided violence
Bangladesh,BGD,2021,23.684994,90.356331,interstate,0,Interstate
Bangladesh,BGD,2021,23.684994,90.356331,intrastate,0,Intrastate
Bangladesh,BGD,2021,23.684994,90.356331,non_state,0,Non-state
Bangladesh,BGD,2021,23.684994,90.356331,one_sided_violence,0,One-sided violence
Bangladesh,BGD,2022,23.684994,90.356331,interstate,0,Interstate
Bangladesh,BGD,2022,23.684994,90.356331,intrastate,2,Intrastate
Bangladesh,BGD,2022,23.684994,90.356331,non_state,0,Non-state
Bangladesh,BGD,2022,23.684994,90.356331,one_sided_violence,0,One-sided violence
Bangladesh,BGD,2023,23.684994,90.356331,interstate,0,Interstate
Bangladesh,BGD,2023,23.684994,90.356331,intrastate,0,Intrastate
Bangladesh,BGD,2023,23.684994,90.356331,non_state,0,Non-state
Bangladesh,BGD,2023,23.684994,90.356331,one_sided_violence,0,One-sided violence
Bangladesh,BGD,2024,23.684994,90.356331,interstate,0,Interstate
Bangladesh,BGD,2024,23.684994,90.356331,intrastate,2,Intrastate
Bangladesh,BGD,2024,23.684994,90.356331,non_state,353,Non-state
Bangladesh,BGD,2024,23.684994,90.356331,one_sided_violence,0,One-sided violence
Barbados,BRB,2015,13.193887,-59.543198,interstate,0,Interstate
Barbados,BRB,2015,13.193887,-59.543198,intrastate,0,Intrastate
Barbados,BRB,2015,13.193887,-59.543198,non_state,0,Non-state
Barbados,BRB,2015,13.193887,-59.543198,one_sided_violence,0,One-sided violence
Barbados,BRB,2016,13.193887,-59.543198,interstate,0,Interstate
Barbados,BRB,2016,13.193887,-59.543198,intrastate,0,Intrastate
Barbados,BRB,2016,13.193887,-59.543198,non_state,0,Non-state
Barbados,BRB,2016,13.193887,-59.543198,one_sided_violence,0,One-sided violence
Barbados,BRB,2017,13.193887,-59.543198,interstate,0,Interstate
Barbados,BRB,2017,13.193887,-59.543198,intrastate,0,Intrastate
Barbados,BRB,2017,13.193887,-59.543198,non_state,0,Non-state
Barbados,BRB,2017,13.193887,-59.543198,one_sided_violence,0,One-sided violence
Barbados,BRB,2018,13.193887,-59.543198,interstate,0,Interstate
Barbados,BRB,2018,13.193887,-59.543198,intrastate,0,Intrastate
Barbados,BRB,2018,13.193887,-59.543198,non_state,0,Non-state
Barbados,BRB,2018,13.193887,-59.543198,one_sided_violence,0,One-sided violence
Barbados,BRB,2019,13.193887,-59.543198,interstate,0,Interstate
Barbados,BRB,2019,13.193887,-59.543198,intrastate,0,Intrastate
Barbados,BRB,2019,13.193887,-59.543198,non_state,0,Non-state
Barbados,BRB,2019,13.193887,-59.543198,one_sided_violence,0,One-sided violence
Barbados,BRB,2020,13.193887,-59.543198,interstate,0,Interstate
Barbados,BRB,2020,13.193887,-59.543198,intrastate,0,Intrastate
Barbados,BRB,2020,13.193887,-59.543198,non_state,0,Non-state
Barbados,BRB,2020,13.193887,-59.543198,one_sided_violence,0,One-sided violence
Barbados,BRB,2021,13.193887,-59.543198,interstate,0,Interstate
Barbados,BRB,2021,13.193887,-59.543198,intrastate,0,Intrastate
Barbados,BRB,2021,13.193887,-59.543198,non_state,0,Non-state
Barbados,BRB,2021,13.193887,-59.543198,one_sided_violence,0,One-sided violence
Barbados,BRB,2022,13.193887,-59.543198,interstate,0,Interstate
Barbados,BRB,2022,13.193887,-59.543198,intrastate,0,Intrastate
Barbados,BRB,2022,13.193887,-59.543198,non_state,0,Non-state
Barbados,BRB,2022,13.193887,-59.543198,one_sided_violence,0,One-sided violence
Barbados,BRB,2023,13.193887,-59.543198,interstate,0,Interstate
Barbados,BRB,2023,13.193887,-59.543198,intrastate,0,Intrastate
Barbados,BRB,2023,13.193887,-59.543198,non_state,0,Non-state
Barbados,BRB,2023,13.193887,-59.543198,one_sided_violence,0,One-sided violence
Barbados,BRB,2024,13.193887,-59.543198,interstate,0,Interstate
Barbados,BRB,2024,13.193887,-59.543198,intrastate,0,Intrastate
Barbados,BRB,2024,13.193887,-59.543198,non_state,0,Non-state
Barbados,BRB,2024,13.193887,-59.543198,one_sided_violence,0,One-sided violence
Belarus,BLR,2015,53.709807,27.953389,interstate,0,Interstate
Belarus,BLR,2015,53.709807,27.953389,intrastate,0,Intrastate
Belarus,BLR,2015,53.709807,27.953389,non_state,0,Non-state
Belarus,BLR,2015,53.709807,27.953389,one_sided_violence,0,One-sided violence
Belarus,BLR,2016,53.709807,27.953389,interstate,0,Interstate
Belarus,BLR,2016,53.709807,27.953389,intrastate,0,Intrastate
Belarus,BLR,2016,53.709807,27.953389,non_state,0,Non-state
Belarus,BLR,2016,53.709807,27.953389,one_sided_violence,0,One-sided violence
Belarus,BLR,2017,53.709807,27.953389,interstate,0,Interstate
Belarus,BLR,2017,53.709807,27.953389,intrastate,0,Intrastate
Belarus,BLR,2017,53.709807,27.953389,non_state,0,Non-state
Belarus,BLR,2017,53.709807,27.953389,one_sided_violence,0,One-sided violence
Belarus,BLR,2018,53.709807,27.953389,interstate,0,Interstate
Belarus,BLR,2018,53.709807,27.953389,intrastate,0,Intrastate
Belarus,BLR,2018,53.709807,27.953389,non_state,0,Non-state
Belarus,BLR,2018,53.709807,27.953389,one_sided_violence,0,One-sided violence
Belarus,BLR,2019,53.709807,27.953389,interstate,0,Interstate
Belarus,BLR,2019,53.709807,27.953389,intrastate,0,Intrastate
Belarus,BLR,2019,53.709807,27.953389,non_state,0,Non-state
Belarus,BLR,2019,53.709807,27.953389,one_sided_violence,0,One-sided violence
Belarus,BLR,2020,53.709807,27.953389,interstate,0,Interstate
Belarus,BLR,2020,53.709807,27.953389,intrastate,0,Intrastate
Belarus,BLR,2020,53.709807,27.953389,non_state,0,Non-state
Belarus,BLR,2020,53.709807,27.953389,one_sided_violence,0,One-sided violence
Belarus,BLR,2021,53.709807,27.953389,interstate,0,Interstate
Belarus,BLR,2021,53.709807,27.953389,intrastate,0,Intrastate
Belarus,BLR,2021,53.709807,27.953389,non_state,0,Non-state
Belarus,BLR,2021,53.709807,27.953389,one_sided_violence,0,One-sided violence
Belarus,BLR,2022,53.709807,27.953389,interstate,0,Interstate
Belarus,BLR,2022,53.709807,27.953389,intrastate,0,Intrastate
Belarus,BLR,2022,53.709807,27.953389,non_state,0,Non-state
Belarus,BLR,2022,53.709807,27.953389,one_sided_violence,0,One-sided violence
Belarus,BLR,2023,53.709807,27.953389,interstate,0,Interstate
Belarus,BLR,2023,53.709807,27.953389,intrastate,0,Intrastate
Belarus,BLR,2023,53.709807,27.953389,non_state,0,Non-state
Belarus,BLR,2023,53.709807,27.953389,one_sided_violence,0,One-sided violence
Belarus,BLR,2024,53.709807,27.953389,interstate,0,Interstate
Belarus,BLR,2024,53.709807,27.953389,intrastate,0,Intrastate
Belarus,BLR,2024,53.709807,27.953389,non_state,0,Non-state
Belarus,BLR,2024,53.709807,27.953389,one_sided_violence,0,One-sided violence
Belgium,BEL,2015,50.503887,4.469936,interstate,0,Interstate
Belgium,BEL,2015,50.503887,4.469936,intrastate,0,Intrastate
Belgium,BEL,2015,50.503887,4.469936,non_state,0,Non-state
Belgium,BEL,2015,50.503887,4.469936,one_sided_violence,0,One-sided violence
Belgium,BEL,2016,50.503887,4.469936,interstate,0,Interstate
Belgium,BEL,2016,50.503887,4.469936,intrastate,2,Intrastate
Belgium,BEL,2016,50.503887,4.469936,non_state,0,Non-state
Belgium,BEL,2016,50.503887,4.469936,one_sided_violence,32,One-sided violence
Belgium,BEL,2017,50.503887,4.469936,interstate,0,Interstate
Belgium,BEL,2017,50.503887,4.469936,intrastate,0,Intrastate
Belgium,BEL,2017,50.503887,4.469936,non_state,0,Non-state
Belgium,BEL,2017,50.503887,4.469936,one_sided_violence,0,One-sided violence
Belgium,BEL,2018,50.503887,4.469936,interstate,0,Interstate
Belgium,BEL,2018,50.503887,4.469936,intrastate,3,Intrastate
Belgium,BEL,2018,50.503887,4.469936,non_state,0,Non-state
Belgium,BEL,2018,50.503887,4.469936,one_sided_violence,1,One-sided violence
Belgium,BEL,2019,50.503887,4.469936,interstate,0,Interstate
Belgium,BEL,2019,50.503887,4.469936,intrastate,0,Intrastate
Belgium,BEL,2019,50.503887,4.469936,non_state,0,Non-state
Belgium,BEL,2019,50.503887,4.469936,one_sided_violence,0,One-sided violence
Belgium,BEL,2020,50.503887,4.469936,interstate,0,Interstate
Belgium,BEL,2020,50.503887,4.469936,intrastate,0,Intrastate
Belgium,BEL,2020,50.503887,4.469936,non_state,0,Non-state
Belgium,BEL,2020,50.503887,4.469936,one_sided_violence,0,One-sided violence
Belgium,BEL,2021,50.503887,4.469936,interstate,0,Interstate
Belgium,BEL,2021,50.503887,4.469936,intrastate,0,Intrastate
Belgium,BEL,2021,50.503887,4.469936,non_state,0,Non-state
Belgium,BEL,2021,50.503887,4.469936,one_sided_violence,0,One-sided violence
Belgium,BEL,2022,50.503887,4.469936,interstate,0,Interstate
Belgium,BEL,2022,50.503887,4.469936,intrastate,0,Intrastate
Belgium,BEL,2022,50.503887,4.469936,non_state,0,Non-state
Belgium,BEL,2022,50.503887,4.469936,one_sided_violence,0,One-sided violence
Belgium,BEL,2023,50.503887,4.469936,interstate,0,Interstate
Belgium,BEL,2023,50.503887,4.469936,intrastate,0,Intrastate
Belgium,BEL,2023,50.503887,4.469936,non_state,0,Non-state
Belgium,BEL,2023,50.503887,4.469936,one_sided_violence,2,One-sided violence
Belgium,BEL,2024,50.503887,4.469936,interstate,0,Interstate
Belgium,BEL,2024,50.503887,4.469936,intrastate,0,Intrastate
Belgium,BEL,2024,50.503887,4.469936,non_state,0,Non-state
Belgium,BEL,2024,50.503887,4.469936,one_sided_violence,0,One-sided violence
Belize,BLZ,2015,17.189877,-88.49765,interstate,0,Interstate
Belize,BLZ,2015,17.189877,-88.49765,intrastate,0,Intrastate
Belize,BLZ,2015,17.189877,-88.49765,non_state,0,Non-state
Belize,BLZ,2015,17.189877,-88.49765,one_sided_violence,0,One-sided violence
Belize,BLZ,2016,17.189877,-88.49765,interstate,0,Interstate
Belize,BLZ,2016,17.189877,-88.49765,intrastate,0,Intrastate
Belize,BLZ,2016,17.189877,-88.49765,non_state,0,Non-state
Belize,BLZ,2016,17.189877,-88.49765,one_sided_violence,0,One-sided violence
Belize,BLZ,2017,17.189877,-88.49765,interstate,0,Interstate
Belize,BLZ,2017,17.189877,-88.49765,intrastate,0,Intrastate
Belize,BLZ,2017,17.189877,-88.49765,non_state,0,Non-state
Belize,BLZ,2017,17.189877,-88.49765,one_sided_violence,0,One-sided violence
Belize,BLZ,2018,17.189877,-88.49765,interstate,0,Interstate
Belize,BLZ,2018,17.189877,-88.49765,intrastate,0,Intrastate
Belize,BLZ,2018,17.189877,-88.49765,non_state,0,Non-state
Belize,BLZ,2018,17.189877,-88.49765,one_sided_violence,0,One-sided violence
Belize,BLZ,2019,17.189877,-88.49765,interstate,0,Interstate
Belize,BLZ,2019,17.189877,-88.49765,intrastate,0,Intrastate
Belize,BLZ,2019,17.189877,-88.49765,non_state,0,Non-state
Belize,BLZ,2019,17.189877,-88.49765,one_sided_violence,0,One-sided violence
Belize,BLZ,2020,17.189877,-88.49765,interstate,0,Interstate
Belize,BLZ,2020,17.189877,-88.49765,intrastate,0,Intrastate
Belize,BLZ,2020,17.189877,-88.49765,non_state,0,Non-state
Belize,BLZ,2020,17.189877,-88.49765,one_sided_violence,0,One-sided violence
Belize,BLZ,2021,17.189877,-88.49765,interstate,0,Interstate
Belize,BLZ,2021,17.189877,-88.49765,intrastate,0,Intrastate
Belize,BLZ,2021,17.189877,-88.49765,non_state,0,Non-state
Belize,BLZ,2021,17.189877,-88.49765,one_sided_violence,0,One-sided violence
Belize,BLZ,2022,17.189877,-88.49765,interstate,0,Interstate
Belize,BLZ,2022,17.189877,-88.49765,intrastate,0,Intrastate
Belize,BLZ,2022,17.189877,-88.49765,non_state,0,Non-state
Belize,BLZ,2022,17.189877,-88.49765,one_sided_violence,0,One-sided violence
Belize,BLZ,2023,17.189877,-88.49765,interstate,0,Interstate
Belize,BLZ,2023,17.189877,-88.49765,intrastate,0,Intrastate
Belize,BLZ,2023,17.189877,-88.49765,non_state,0,Non-state
Belize,BLZ,2023,17.189877,-88.49765,one_sided_violence,0,One-sided violence
Belize,BLZ,2024,17.189877,-88.49765,interstate,0,Interstate
Belize,BLZ,2024,17.189877,-88.49765,intrastate,0,Intrastate
Belize,BLZ,2024,17.189877,-88.49765,non_state,0,Non-state
Belize,BLZ,2024,17.189877,-88.49765,one_sided_violence,0,One-sided violence
Benin,BEN,2015,9.30769,2.315834,interstate,0,Interstate
Benin,BEN,2015,9.30769,2.315834,intrastate,0,Intrastate
Benin,BEN,2015,9.30769,2.315834,non_state,0,Non-state
Benin,BEN,2015,9.30769,2.315834,one_sided_violence,0,One-sided violence
Benin,BEN,2016,9.30769,2.315834,interstate,0,Interstate
Benin,BEN,2016,9.30769,2.315834,intrastate,0,Intrastate
Benin,BEN,2016,9.30769,2.315834,non_state,0,Non-state
Benin,BEN,2016,9.30769,2.315834,one_sided_violence,0,One-sided violence
Benin,BEN,2017,9.30769,2.315834,interstate,0,Interstate
Benin,BEN,2017,9.30769,2.315834,intrastate,0,Intrastate
Benin,BEN,2017,9.30769,2.315834,non_state,0,Non-state
Benin,BEN,2017,9.30769,2.315834,one_sided_violence,0,One-sided violence
Benin,BEN,2018,9.30769,2.315834,interstate,0,Interstate
Benin,BEN,2018,9.30769,2.315834,intrastate,0,Intrastate
Benin,BEN,2018,9.30769,2.315834,non_state,0,Non-state
Benin,BEN,2018,9.30769,2.315834,one_sided_violence,0,One-sided violence
Benin,BEN,2019,9.30769,2.315834,interstate,0,Interstate
Benin,BEN,2019,9.30769,2.315834,intrastate,0,Intrastate
Benin,BEN,2019,9.30769,2.315834,non_state,0,Non-state
Benin,BEN,2019,9.30769,2.315834,one_sided_violence,1,One-sided violence
Benin,BEN,2020,9.30769,2.315834,interstate,0,Interstate
Benin,BEN,2020,9.30769,2.315834,intrastate,0,Intrastate
Benin,BEN,2020,9.30769,2.315834,non_state,0,Non-state
Benin,BEN,2020,9.30769,2.315834,one_sided_violence,0,One-sided violence
Benin,BEN,2021,9.30769,2.315834,interstate,0,Interstate
Benin,BEN,2021,9.30769,2.315834,intrastate,0,Intrastate
Benin,BEN,2021,9.30769,2.315834,non_state,0,Non-state
Benin,BEN,2021,9.30769,2.315834,one_sided_violence,0,One-sided violence
Benin,BEN,2022,9.30769,2.315834,interstate,0,Interstate
Benin,BEN,2022,9.30769,2.315834,intrastate,30,Intrastate
Benin,BEN,2022,9.30769,2.315834,non_state,0,Non-state
Benin,BEN,2022,9.30769,2.315834,one_sided_violence,0,One-sided violence
Benin,BEN,2023,9.30769,2.315834,interstate,0,Interstate
Benin,BEN,2023,9.30769,2.315834,intrastate,28,Intrastate
Benin,BEN,2023,9.30769,2.315834,non_state,0,Non-state
Benin,BEN,2023,9.30769,2.315834,one_sided_violence,18,One-sided violence
Benin,BEN,2024,9.30769,2.315834,interstate,0,Interstate
Benin,BEN,2024,9.30769,2.315834,intrastate,77,Intrastate
Benin,BEN,2024,9.30769,2.315834,non_state,0,Non-state
Benin,BEN,2024,9.30769,2.315834,one_sided_violence,6,One-sided violence
Bhutan,BTN,2015,27.514162,90.433601,interstate,0,Interstate
Bhutan,BTN,2015,27.514162,90.433601,intrastate,0,Intrastate
Bhutan,BTN,2015,27.514162,90.433601,non_state,0,Non-state
Bhutan,BTN,2015,27.514162,90.433601,one_sided_violence,0,One-sided violence
Bhutan,BTN,2016,27.514162,90.433601,interstate,0,Interstate
Bhutan,BTN,2016,27.514162,90.433601,intrastate,0,Intrastate
Bhutan,BTN,2016,27.514162,90.433601,non_state,0,Non-state
Bhutan,BTN,2016,27.514162,90.433601,one_sided_violence,0,One-sided violence
Bhutan,BTN,2017,27.514162,90.433601,interstate,0,Interstate
Bhutan,BTN,2017,27.514162,90.433601,intrastate,0,Intrastate
Bhutan,BTN,2017,27.514162,90.433601,non_state,0,Non-state
Bhutan,BTN,2017,27.514162,90.433601,one_sided_violence,0,One-sided violence
Bhutan,BTN,2018,27.514162,90.433601,interstate,0,Interstate
Bhutan,BTN,2018,27.514162,90.433601,intrastate,0,Intrastate
Bhutan,BTN,2018,27.514162,90.433601,non_state,0,Non-state
Bhutan,BTN,2018,27.514162,90.433601,one_sided_violence,0,One-sided violence
Bhutan,BTN,2019,27.514162,90.433601,interstate,0,Interstate
Bhutan,BTN,2019,27.514162,90.433601,intrastate,0,Intrastate
Bhutan,BTN,2019,27.514162,90.433601,non_state,0,Non-state
Bhutan,BTN,2019,27.514162,90.433601,one_sided_violence,0,One-sided violence
Bhutan,BTN,2020,27.514162,90.433601,interstate,0,Interstate
Bhutan,BTN,2020,27.514162,90.433601,intrastate,0,Intrastate
Bhutan,BTN,2020,27.514162,90.433601,non_state,0,Non-state
Bhutan,BTN,2020,27.514162,90.433601,one_sided_violence,0,One-sided violence
Bhutan,BTN,2021,27.514162,90.433601,interstate,0,Interstate
Bhutan,BTN,2021,27.514162,90.433601,intrastate,0,Intrastate
Bhutan,BTN,2021,27.514162,90.433601,non_state,0,Non-state
Bhutan,BTN,2021,27.514162,90.433601,one_sided_violence,0,One-sided violence
Bhutan,BTN,2022,27.514162,90.433601,interstate,0,Interstate
Bhutan,BTN,2022,27.514162,90.433601,intrastate,0,Intrastate
Bhutan,BTN,2022,27.514162,90.433601,non_state,0,Non-state
Bhutan,BTN,2022,27.514162,90.433601,one_sided_violence,0,One-sided violence
Bhutan,BTN,2023,27.514162,90.433601,interstate,0,Interstate
Bhutan,BTN,2023,27.514162,90.433601,intrastate,0,Intrastate
Bhutan,BTN,2023,27.514162,90.433601,non_state,0,Non-state
Bhutan,BTN,2023,27.514162,90.433601,one_sided_violence,0,One-sided violence
Bhutan,BTN,2024,27.514162,90.433601,interstate,0,Interstate
Bhutan,BTN,2024,27.514162,90.433601,intrastate,0,Intrastate
Bhutan,BTN,2024,27.514162,90.433601,non_state,0,Non-state
Bhutan,BTN,2024,27.514162,90.433601,one_sided_violence,0,One-sided violence
Bolivia,BOL,2015,-16.290154,-63.588653,interstate,0,Interstate
Bolivia,BOL,2015,-16.290154,-63.588653,intrastate,0,Intrastate
Bolivia,BOL,2015,-16.290154,-63.588653,non_state,0,Non-state
Bolivia,BOL,2015,-16.290154,-63.588653,one_sided_violence,0,One-sided violence
Bolivia,BOL,2016,-16.290154,-63.588653,interstate,0,Interstate
Bolivia,BOL,2016,-16.290154,-63.588653,intrastate,0,Intrastate
Bolivia,BOL,2016,-16.290154,-63.588653,non_state,0,Non-state
Bolivia,BOL,2016,-16.290154,-63.588653,one_sided_violence,0,One-sided violence
Bolivia,BOL,2017,-16.290154,-63.588653,interstate,0,Interstate
Bolivia,BOL,2017,-16.290154,-63.588653,intrastate,0,Intrastate
Bolivia,BOL,2017,-16.290154,-63.588653,non_state,0,Non-state
Bolivia,BOL,2017,-16.290154,-63.588653,one_sided_violence,0,One-sided violence
Bolivia,BOL,2018,-16.290154,-63.588653,interstate,0,Interstate
Bolivia,BOL,2018,-16.290154,-63.588653,intrastate,0,Intrastate
Bolivia,BOL,2018,-16.290154,-63.588653,non_state,0,Non-state
Bolivia,BOL,2018,-16.290154,-63.588653,one_sided_violence,0,One-sided violence
Bolivia,BOL,2019,-16.290154,-63.588653,interstate,0,Interstate
Bolivia,BOL,2019,-16.290154,-63.588653,intrastate,0,Intrastate
Bolivia,BOL,2019,-16.290154,-63.588653,non_state,0,Non-state
Bolivia,BOL,2019,-16.290154,-63.588653,one_sided_violence,0,One-sided violence
Bolivia,BOL,2020,-16.290154,-63.588653,interstate,0,Interstate
Bolivia,BOL,2020,-16.290154,-63.588653,intrastate,0,Intrastate
Bolivia,BOL,2020,-16.290154,-63.588653,non_state,1,Non-state
Bolivia,BOL,2020,-16.290154,-63.588653,one_sided_violence,0,One-sided violence
Bolivia,BOL,2021,-16.290154,-63.588653,interstate,0,Interstate
Bolivia,BOL,2021,-16.290154,-63.588653,intrastate,0,Intrastate
Bolivia,BOL,2021,-16.290154,-63.588653,non_state,1,Non-state
Bolivia,BOL,2021,-16.290154,-63.588653,one_sided_violence,0,One-sided violence
Bolivia,BOL,2022,-16.290154,-63.588653,interstate,0,Interstate
Bolivia,BOL,2022,-16.290154,-63.588653,intrastate,0,Intrastate
Bolivia,BOL,2022,-16.290154,-63.588653,non_state,1,Non-state
Bolivia,BOL,2022,-16.290154,-63.588653,one_sided_violence,0,One-sided violence
Bolivia,BOL,2023,-16.290154,-63.588653,interstate,0,Interstate
Bolivia,BOL,2023,-16.290154,-63.588653,intrastate,0,Intrastate
Bolivia,BOL,2023,-16.290154,-63.588653,non_state,1,Non-state
Bolivia,BOL,2023,-16.290154,-63.588653,one_sided_violence,0,One-sided violence
Bolivia,BOL,2024,-16.290154,-63.588653,interstate,0,Interstate
Bolivia,BOL,2024,-16.290154,-63.588653,intrastate,0,Intrastate
Bolivia,BOL,2024,-16.290154,-63.588653,non_state,0,Non-state
Bolivia,BOL,2024,-16.290154,-63.588653,one_sided_violence,0,One-sided violence
Bosnia and Herzegovina,BIH,2015,43.915886,17.679076,interstate,0,Interstate
Bosnia and Herzegovina,BIH,2015,43.915886,17.679076,intrastate,0,Intrastate
Bosnia and Herzegovina,BIH,2015,43.915886,17.679076,non_state,0,Non-state
Bosnia and Herzegovina,BIH,2015,43.915886,17.679076,one_sided_violence,0,One-sided violence
Bosnia and Herzegovina,BIH,2016,43.915886,17.679076,interstate,0,Interstate
Bosnia and Herzegovina,BIH,2016,43.915886,17.679076,intrastate,0,Intrastate
Bosnia and Herzegovina,BIH,2016,43.915886,17.679076,non_state,0,Non-state
Bosnia and Herzegovina,BIH,2016,43.915886,17.679076,one_sided_violence,0,One-sided violence
Bosnia and Herzegovina,BIH,2017,43.915886,17.679076,interstate,0,Interstate
Bosnia and Herzegovina,BIH,2017,43.915886,17.679076,intrastate,0,Intrastate
Bosnia and Herzegovina,BIH,2017,43.915886,17.679076,non_state,0,Non-state
Bosnia and Herzegovina,BIH,2017,43.915886,17.679076,one_sided_violence,0,One-sided violence
Bosnia and Herzegovina,BIH,2018,43.915886,17.679076,interstate,0,Interstate
Bosnia and Herzegovina,BIH,2018,43.915886,17.679076,intrastate,0,Intrastate
Bosnia and Herzegovina,BIH,2018,43.915886,17.679076,non_state,0,Non-state
Bosnia and Herzegovina,BIH,2018,43.915886,17.679076,one_sided_violence,0,One-sided violence
Bosnia and Herzegovina,BIH,2019,43.915886,17.679076,interstate,0,Interstate
Bosnia and Herzegovina,BIH,2019,43.915886,17.679076,intrastate,0,Intrastate
Bosnia and Herzegovina,BIH,2019,43.915886,17.679076,non_state,0,Non-state
Bosnia and Herzegovina,BIH,2019,43.915886,17.679076,one_sided_violence,0,One-sided violence
Bosnia and Herzegovina,BIH,2020,43.915886,17.679076,interstate,0,Interstate
Bosnia and Herzegovina,BIH,2020,43.915886,17.679076,intrastate,0,Intrastate
Bosnia and Herzegovina,BIH,2020,43.915886,17.679076,non_state,0,Non-state
Bosnia and Herzegovina,BIH,2020,43.915886,17.679076,one_sided_violence,0,One-sided violence
Bosnia and Herzegovina,BIH,2021,43.915886,17.679076,interstate,0,Interstate
Bosnia and Herzegovina,BIH,2021,43.915886,17.679076,intrastate,0,Intrastate
Bosnia and Herzegovina,BIH,2021,43.915886,17.679076,non_state,0,Non-state
Bosnia and Herzegovina,BIH,2021,43.915886,17.679076,one_sided_violence,0,One-sided violence
Bosnia and Herzegovina,BIH,2022,43.915886,17.679076,interstate,0,Interstate
Bosnia and Herzegovina,BIH,2022,43.915886,17.679076,intrastate,0,Intrastate
Bosnia and Herzegovina,BIH,2022,43.915886,17.679076,non_state,0,Non-state
Bosnia and Herzegovina,BIH,2022,43.915886,17.679076,one_sided_violence,0,One-sided violence
Bosnia and Herzegovina,BIH,2023,43.915886,17.679076,interstate,0,Interstate
Bosnia and Herzegovina,BIH,2023,43.915886,17.679076,intrastate,0,Intrastate
Bosnia and Herzegovina,BIH,2023,43.915886,17.679076,non_state,0,Non-state
Bosnia and Herzegovina,BIH,2023,43.915886,17.679076,one_sided_violence,0,One-sided violence
Bosnia and Herzegovina,BIH,2024,43.915886,17.679076,interstate,0,Interstate
Bosnia and Herzegovina,BIH,2024,43.915886,17.679076,intrastate,0,Intrastate
Bosnia and Herzegovina,BIH,2024,43.915886,17.679076,non_state,0,Non-state
Bosnia and Herzegovina,BIH,2024,43.915886,17.679076,one_sided_violence,0,One-sided violence
Botswana,BWA,2015,-22.328474,24.684866,interstate,0,Interstate
Botswana,BWA,2015,-22.328474,24.684866,intrastate,0,Intrastate
Botswana,BWA,2015,-22.328474,24.684866,non_state,0,Non-state
Botswana,BWA,2015,-22.328474,24.684866,one_sided_violence,0,One-sided violence
Botswana,BWA,2016,-22.328474,24.684866,interstate,0,Interstate
Botswana,BWA,2016,-22.328474,24.684866,intrastate,0,Intrastate
Botswana,BWA,2016,-22.328474,24.684866,non_state,0,Non-state
Botswana,BWA,2016,-22.328474,24.684866,one_sided_violence,0,One-sided violence
Botswana,BWA,2017,-22.328474,24.684866,interstate,0,Interstate
Botswana,BWA,2017,-22.328474,24.684866,intrastate,0,Intrastate
Botswana,BWA,2017,-22.328474,24.684866,non_state,0,Non-state
Botswana,BWA,2017,-22.328474,24.684866,one_sided_violence,0,One-sided violence
Botswana,BWA,2018,-22.328474,24.684866,interstate,0,Interstate
Botswana,BWA,2018,-22.328474,24.684866,intrastate,0,Intrastate
Botswana,BWA,2018,-22.328474,24.684866,non_state,0,Non-state
Botswana,BWA,2018,-22.328474,24.684866,one_sided_violence,0,One-sided violence
Botswana,BWA,2019,-22.328474,24.684866,interstate,0,Interstate
Botswana,BWA,2019,-22.328474,24.684866,intrastate,0,Intrastate
Botswana,BWA,2019,-22.328474,24.684866,non_state,0,Non-state
Botswana,BWA,2019,-22.328474,24.684866,one_sided_violence,0,One-sided violence
Botswana,BWA,2020,-22.328474,24.684866,interstate,0,Interstate
Botswana,BWA,2020,-22.328474,24.684866,intrastate,0,Intrastate
Botswana,BWA,2020,-22.328474,24.684866,non_state,0,Non-state
Botswana,BWA,2020,-22.328474,24.684866,one_sided_violence,0,One-sided violence
Botswana,BWA,2021,-22.328474,24.684866,interstate,0,Interstate
Botswana,BWA,2021,-22.328474,24.684866,intrastate,0,Intrastate
Botswana,BWA,2021,-22.328474,24.684866,non_state,0,Non-state
Botswana,BWA,2021,-22.328474,24.684866,one_sided_violence,0,One-sided violence
Botswana,BWA,2022,-22.328474,24.684866,interstate,0,Interstate
Botswana,BWA,2022,-22.328474,24.684866,intrastate,0,Intrastate
Botswana,BWA,2022,-22.328474,24.684866,non_state,0,Non-state
Botswana,BWA,2022,-22.328474,24.684866,one_sided_violence,0,One-sided violence
Botswana,BWA,2023,-22.328474,24.684866,interstate,0,Interstate
Botswana,BWA,2023,-22.328474,24.684866,intrastate,0,Intrastate
Botswana,BWA,2023,-22.328474,24.684866,non_state,0,Non-state
Botswana,BWA,2023,-22.328474,24.684866,one_sided_violence,0,One-sided violence
Botswana,BWA,2024,-22.328474,24.684866,interstate,0,Interstate
Botswana,BWA,2024,-22.328474,24.684866,intrastate,0,Intrastate
Botswana,BWA,2024,-22.328474,24.684866,non_state,0,Non-state
Botswana,BWA,2024,-22.328474,24.684866,one_sided_violence,0,One-sided violence
Brazil,BRA,2015,-14.235004,-51.92528,interstate,0,Interstate
Brazil,BRA,2015,-14.235004,-51.92528,intrastate,0,Intrastate
Brazil,BRA,2015,-14.235004,-51.92528,non_state,65,Non-state
Brazil,BRA,2015,-14.235004,-51.92528,one_sided_violence,0,One-sided violence
Brazil,BRA,2016,-14.235004,-51.92528,interstate,0,Interstate
Brazil,BRA,2016,-14.235004,-51.92528,intrastate,0,Intrastate
Brazil,BRA,2016,-14.235004,-51.92528,non_state,147,Non-state
Brazil,BRA,2016,-14.235004,-51.92528,one_sided_violence,0,One-sided violence
Brazil,BRA,2017,-14.235004,-51.92528,interstate,0,Interstate
Brazil,BRA,2017,-14.235004,-51.92528,intrastate,0,Intrastate
Brazil,BRA,2017,-14.235004,-51.92528,non_state,3045,Non-state
Brazil,BRA,2017,-14.235004,-51.92528,one_sided_violence,0,One-sided violence
Brazil,BRA,2018,-14.235004,-51.92528,interstate,0,Interstate
Brazil,BRA,2018,-14.235004,-51.92528,intrastate,0,Intrastate
Brazil,BRA,2018,-14.235004,-51.92528,non_state,2635,Non-state
Brazil,BRA,2018,-14.235004,-51.92528,one_sided_violence,0,One-sided violence
Brazil,BRA,2019,-14.235004,-51.92528,interstate,0,Interstate
Brazil,BRA,2019,-14.235004,-51.92528,intrastate,0,Intrastate
Brazil,BRA,2019,-14.235004,-51.92528,non_state,1633,Non-state
Brazil,BRA,2019,-14.235004,-51.92528,one_sided_violence,26,One-sided violence
Brazil,BRA,2020,-14.235004,-51.92528,interstate,0,Interstate
Brazil,BRA,2020,-14.235004,-51.92528,intrastate,0,Intrastate
Brazil,BRA,2020,-14.235004,-51.92528,non_state,2578,Non-state
Brazil,BRA,2020,-14.235004,-51.92528,one_sided_violence,0,One-sided violence
Brazil,BRA,2021,-14.235004,-51.92528,interstate,0,Interstate
Brazil,BRA,2021,-14.235004,-51.92528,intrastate,0,Intrastate
Brazil,BRA,2021,-14.235004,-51.92528,non_state,2539,Non-state
Brazil,BRA,2021,-14.235004,-51.92528,one_sided_violence,43,One-sided violence
Brazil,BRA,2022,-14.235004,-51.92528,interstate,0,Interstate
Brazil,BRA,2022,-14.235004,-51.92528,intrastate,0,Intrastate
Brazil,BRA,2022,-14.235004,-51.92528,non_state,1531,Non-state
Brazil,BRA,2022,-14.235004,-51.92528,one_sided_violence,119,One-sided violence
Brazil,BRA,2023,-14.235004,-51.92528,interstate,0,Interstate
Brazil,BRA,2023,-14.235004,-51.92528,intrastate,0,Intrastate
Brazil,BRA,2023,-14.235004,-51.92528,non_state,2241,Non-state
Brazil,BRA,2023,-14.235004,-51.92528,one_sided_violence,147,One-sided violence
Brazil,BRA,2024,-14.235004,-51.92528,interstate,0,Interstate
Brazil,BRA,2024,-14.235004,-51.92528,intrastate,0,Intrastate
Brazil,BRA,2024,-14.235004,-51.92528,non_state,1514,Non-state
Brazil,BRA,2024,-14.235004,-51.92528,one_sided_violence,55,One-sided violence
Brunei,BRN,2015,4.535277,114.727669,interstate,0,Interstate
Brunei,BRN,2015,4.535277,114.727669,intrastate,0,Intrastate
Brunei,BRN,2015,4.535277,114.727669,non_state,0,Non-state
Brunei,BRN,2015,4.535277,114.727669,one_sided_violence,0,One-sided violence
Brunei,BRN,2016,4.535277,114.727669,interstate,0,Interstate
Brunei,BRN,2016,4.535277,114.727669,intrastate,0,Intrastate
Brunei,BRN,2016,4.535277,114.727669,non_state,0,Non-state
Brunei,BRN,2016,4.535277,114.727669,one_sided_violence,0,One-sided violence
Brunei,BRN,2017,4.535277,114.727669,interstate,0,Interstate
Brunei,BRN,2017,4.535277,114.727669,intrastate,0,Intrastate
Brunei,BRN,2017,4.535277,114.727669,non_state,0,Non-state
Brunei,BRN,2017,4.535277,114.727669,one_sided_violence,0,One-sided violence
Brunei,BRN,2018,4.535277,114.727669,interstate,0,Interstate
Brunei,BRN,2018,4.535277,114.727669,intrastate,0,Intrastate
Brunei,BRN,2018,4.535277,114.727669,non_state,0,Non-state
Brunei,BRN,2018,4.535277,114.727669,one_sided_violence,0,One-sided violence
Brunei,BRN,2019,4.535277,114.727669,interstate,0,Interstate
Brunei,BRN,2019,4.535277,114.727669,intrastate,0,Intrastate
Brunei,BRN,2019,4.535277,114.727669,non_state,0,Non-state
Brunei,BRN,2019,4.535277,114.727669,one_sided_violence,0,One-sided violence
Brunei,BRN,2020,4.535277,114.727669,interstate,0,Interstate
Brunei,BRN,2020,4.535277,114.727669,intrastate,0,Intrastate
Brunei,BRN,2020,4.535277,114.727669,non_state,0,Non-state
Brunei,BRN,2020,4.535277,114.727669,one_sided_violence,0,One-sided violence
Brunei,BRN,2021,4.535277,114.727669,interstate,0,Interstate
Brunei,BRN,2021,4.535277,114.727669,intrastate,0,Intrastate
Brunei,BRN,2021,4.535277,114.727669,non_state,0,Non-state
Brunei,BRN,2021,4.535277,114.727669,one_sided_violence,0,One-sided violence
Brunei,BRN,2022,4.535277,114.727669,interstate,0,Interstate
Brunei,BRN,2022,4.535277,114.727669,intrastate,0,Intrastate
Brunei,BRN,2022,4.535277,114.727669,non_state,0,Non-state
Brunei,BRN,2022,4.535277,114.727669,one_sided_violence,0,One-sided violence
Brunei,BRN,2023,4.535277,114.727669,interstate,0,Interstate
Brunei,BRN,2023,4.535277,114.727669,intrastate,0,Intrastate
Brunei,BRN,2023,4.535277,114.727669,non_state,0,Non-state
Brunei,BRN,2023,4.535277,114.727669,one_sided_violence,0,One-sided violence
Brunei,BRN,2024,4.535277,114.727669,interstate,0,Interstate
Brunei,BRN,2024,4.535277,114.727669,intrastate,0,Intrastate
Brunei,BRN,2024,4.535277,114.727669,non_state,0,Non-state
Brunei,BRN,2024,4.535277,114.727669,one_sided_violence,0,One-sided violence
Bulgaria,BGR,2015,42.733883,25.48583,interstate,0,Interstate
Bulgaria,BGR,2015,42.733883,25.48583,intrastate,0,Intrastate
Bulgaria,BGR,2015,42.733883,25.48583,non_state,0,Non-state
Bulgaria,BGR,2015,42.733883,25.48583,one_sided_violence,0,One-sided violence
Bulgaria,BGR,2016,42.733883,25.48583,interstate,0,Interstate
Bulgaria,BGR,2016,42.733883,25.48583,intrastate,0,Intrastate
Bulgaria,BGR,2016,42.733883,25.48583,non_state,0,Non-state
Bulgaria,BGR,2016,42.733883,25.48583,one_sided_violence,0,One-sided violence
Bulgaria,BGR,2017,42.733883,25.48583,interstate,0,Interstate
Bulgaria,BGR,2017,42.733883,25.48583,intrastate,0,Intrastate
Bulgaria,BGR,2017,42.733883,25.48583,non_state,0,Non-state
Bulgaria,BGR,2017,42.733883,25.48583,one_sided_violence,0,One-sided violence
Bulgaria,BGR,2018,42.733883,25.48583,interstate,0,Interstate
Bulgaria,BGR,2018,42.733883,25.48583,intrastate,0,Intrastate
Bulgaria,BGR,2018,42.733883,25.48583,non_state,0,Non-state
Bulgaria,BGR,2018,42.733883,25.48583,one_sided_violence,0,One-sided violence
Bulgaria,BGR,2019,42.733883,25.48583,interstate,0,Interstate
Bulgaria,BGR,2019,42.733883,25.48583,intrastate,0,Intrastate
Bulgaria,BGR,2019,42.733883,25.48583,non_state,0,Non-state
Bulgaria,BGR,2019,42.733883,25.48583,one_sided_violence,0,One-sided violence
Bulgaria,BGR,2020,42.733883,25.48583,interstate,0,Interstate
Bulgaria,BGR,2020,42.733883,25.48583,intrastate,0,Intrastate
Bulgaria,BGR,2020,42.733883,25.48583,non_state,0,Non-state
Bulgaria,BGR,2020,42.733883,25.48583,one_sided_violence,0,One-sided violence
Bulgaria,BGR,2021,42.733883,25.48583,interstate,0,Interstate
Bulgaria,BGR,2021,42.733883,25.48583,intrastate,0,Intrastate
Bulgaria,BGR,2021,42.733883,25.48583,non_state,0,Non-state
Bulgaria,BGR,2021,42.733883,25.48583,one_sided_violence,0,One-sided violence
Bulgaria,BGR,2022,42.733883,25.48583,interstate,0,Interstate
Bulgaria,BGR,2022,42.733883,25.48583,intrastate,0,Intrastate
Bulgaria,BGR,2022,42.733883,25.48583,non_state,0,Non-state
Bulgaria,BGR,2022,42.733883,25.48583,one_sided_violence,0,One-sided violence
Bulgaria,BGR,2023,42.733883,25.48583,interstate,0,Interstate
Bulgaria,BGR,2023,42.733883,25.48583,intrastate,0,Intrastate
Bulgaria,BGR,2023,42.733883,25.48583,non_state,0,Non-state
Bulgaria,BGR,2023,42.733883,25.48583,one_sided_violence,0,One-sided violence
Bulgaria,BGR,2024,42.733883,25.48583,interstate,0,Interstate
Bulgaria,BGR,2024,42.733883,25.48583,intrastate,0,Intrastate
Bulgaria,BGR,2024,42.733883,25.48583,non_state,0,Non-state
Bulgaria,BGR,2024,42.733883,25.48583,one_sided_violence,0,One-sided violence
Burkina Faso,BFA,2015,12.238333,-1.561593,interstate,0,Interstate
Burkina Faso,BFA,2015,12.238333,-1.561593,intrastate,0,Intrastate
Burkina Faso,BFA,2015,12.238333,-1.561593,non_state,0,Non-state
Burkina Faso,BFA,2015,12.238333,-1.561593,one_sided_violence,0,One-sided violence
Burkina Faso,BFA,2016,12.238333,-1.561593,interstate,0,Interstate
Burkina Faso,BFA,2016,12.238333,-1.561593,intrastate,0,Intrastate
Burkina Faso,BFA,2016,12.238333,-1.561593,non_state,0,Non-state
Burkina Faso,BFA,2016,12.238333,-1.561593,one_sided_violence,25,One-sided violence
Burkina Faso,BFA,2017,12.238333,-1.561593,interstate,0,Interstate
Burkina Faso,BFA,2017,12.238333,-1.561593,intrastate,0,Intrastate
Burkina Faso,BFA,2017,12.238333,-1.561593,non_state,0,Non-state
Burkina Faso,BFA,2017,12.238333,-1.561593,one_sided_violence,34,One-sided violence
Burkina Faso,BFA,2018,12.238333,-1.561593,interstate,0,Interstate
Burkina Faso,BFA,2018,12.238333,-1.561593,intrastate,79,Intrastate
Burkina Faso,BFA,2018,12.238333,-1.561593,non_state,0,Non-state
Burkina Faso,BFA,2018,12.238333,-1.561593,one_sided_violence,92,One-sided violence
Burkina Faso,BFA,2019,12.238333,-1.561593,interstate,0,Interstate
Burkina Faso,BFA,2019,12.238333,-1.561593,intrastate,349,Intrastate
Burkina Faso,BFA,2019,12.238333,-1.561593,non_state,28,Non-state
Burkina Faso,BFA,2019,12.238333,-1.561593,one_sided_violence,868,One-sided violence
Burkina Faso,BFA,2020,12.238333,-1.561593,interstate,0,Interstate
Burkina Faso,BFA,2020,12.238333,-1.561593,intrastate,512,Intrastate
Burkina Faso,BFA,2020,12.238333,-1.561593,non_state,137,Non-state
Burkina Faso,BFA,2020,12.238333,-1.561593,one_sided_violence,503,One-sided violence
Burkina Faso,BFA,2021,12.238333,-1.561593,interstate,0,Interstate
Burkina Faso,BFA,2021,12.238333,-1.561593,intrastate,991,Intrastate
Burkina Faso,BFA,2021,12.238333,-1.561593,non_state,82,Non-state
Burkina Faso,BFA,2021,12.238333,-1.561593,one_sided_violence,381,One-sided violence
Burkina Faso,BFA,2022,12.238333,-1.561593,interstate,0,Interstate
Burkina Faso,BFA,2022,12.238333,-1.561593,intrastate,2093,Intrastate
Burkina Faso,BFA,2022,12.238333,-1.561593,non_state,42,Non-state
Burkina Faso,BFA,2022,12.238333,-1.561593,one_sided_violence,567,One-sided violence
Burkina Faso,BFA,2023,12.238333,-1.561593,interstate,0,Interstate
Burkina Faso,BFA,2023,12.238333,-1.561593,intrastate,4622,Intrastate
Burkina Faso,BFA,2023,12.238333,-1.561593,non_state,178,Non-state
Burkina Faso,BFA,2023,12.238333,-1.561593,one_sided_violence,1332,One-sided violence
Burkina Faso,BFA,2024,12.238333,-1.561593,interstate,0,Interstate
Burkina Faso,BFA,2024,12.238333,-1.561593,intrastate,2199,Intrastate
Burkina Faso,BFA,2024,12.238333,-1.561593,non_state,20,Non-state
Burkina Faso,BFA,2024,12.238333,-1.561593,one_sided_violence,2034,One-sided violence
Burundi,BDI,2015,-3.373056,29.918886,interstate,0,Interstate
Burundi,BDI,2015,-3.373056,29.918886,intrastate,185,Intrastate
Burundi,BDI,2015,-3.373056,29.918886,non_state,0,Non-state
Burundi,BDI,2015,-3.373056,29.918886,one_sided_violence,80,One-sided violence
Burundi,BDI,2016,-3.373056,29.918886,interstate,0,Interstate
Burundi,BDI,2016,-3.373056,29.918886,intrastate,0,Intrastate
Burundi,BDI,2016,-3.373056,29.918886,non_state,0,Non-state
Burundi,BDI,2016,-3.373056,29.918886,one_sided_violence,85,One-sided violence
Burundi,BDI,2017,-3.373056,29.918886,interstate,0,Interstate
Burundi,BDI,2017,-3.373056,29.918886,intrastate,0,Intrastate
Burundi,BDI,2017,-3.373056,29.918886,non_state,0,Non-state
Burundi,BDI,2017,-3.373056,29.918886,one_sided_violence,38,One-sided violence
Burundi,BDI,2018,-3.373056,29.918886,interstate,0,Interstate
Burundi,BDI,2018,-3.373056,29.918886,intrastate,0,Intrastate
Burundi,BDI,2018,-3.373056,29.918886,non_state,0,Non-state
Burundi,BDI,2018,-3.373056,29.918886,one_sided_violence,109,One-sided violence
Burundi,BDI,2019,-3.373056,29.918886,interstate,0,Interstate
Burundi,BDI,2019,-3.373056,29.918886,intrastate,16,Intrastate
Burundi,BDI,2019,-3.373056,29.918886,non_state,0,Non-state
Burundi,BDI,2019,-3.373056,29.918886,one_sided_violence,59,One-sided violence
Burundi,BDI,2020,-3.373056,29.918886,interstate,0,Interstate
Burundi,BDI,2020,-3.373056,29.918886,intrastate,63,Intrastate
Burundi,BDI,2020,-3.373056,29.918886,non_state,0,Non-state
Burundi,BDI,2020,-3.373056,29.918886,one_sided_violence,64,One-sided violence
Burundi,BDI,2021,-3.373056,29.918886,interstate,0,Interstate
Burundi,BDI,2021,-3.373056,29.918886,intrastate,24,Intrastate
Burundi,BDI,2021,-3.373056,29.918886,non_state,0,Non-state
Burundi,BDI,2021,-3.373056,29.918886,one_sided_violence,52,One-sided violence
Burundi,BDI,2022,-3.373056,29.918886,interstate,0,Interstate
Burundi,BDI,2022,-3.373056,29.918886,intrastate,0,Intrastate
Burundi,BDI,2022,-3.373056,29.918886,non_state,0,Non-state
Burundi,BDI,2022,-3.373056,29.918886,one_sided_violence,38,One-sided violence
Burundi,BDI,2023,-3.373056,29.918886,interstate,0,Interstate
Burundi,BDI,2023,-3.373056,29.918886,intrastate,86,Intrastate
Burundi,BDI,2023,-3.373056,29.918886,non_state,0,Non-state
Burundi,BDI,2023,-3.373056,29.918886,one_sided_violence,38,One-sided violence
Burundi,BDI,2024,-3.373056,29.918886,interstate,0,Interstate
Burundi,BDI,2024,-3.373056,29.918886,intrastate,19,Intrastate
Burundi,BDI,2024,-3.373056,29.918886,non_state,0,Non-state
Burundi,BDI,2024,-3.373056,29.918886,one_sided_violence,51,One-sided violence
Cambodia,KHM,2015,12.565679,104.990963,interstate,0,Interstate
Cambodia,KHM,2015,12.565679,104.990963,intrastate,0,Intrastate
Cambodia,KHM,2015,12.565679,104.990963,non_state,0,Non-state
Cambodia,KHM,2015,12.565679,104.990963,one_sided_violence,0,One-sided violence
Cambodia,KHM,2016,12.565679,104.990963,interstate,0,Interstate
Cambodia,KHM,2016,12.565679,104.990963,intrastate,0,Intrastate
Cambodia,KHM,2016,12.565679,104.990963,non_state,0,Non-state
Cambodia,KHM,2016,12.565679,104.990963,one_sided_violence,0,One-sided violence
Cambodia,KHM,2017,12.565679,104.990963,interstate,0,Interstate
Cambodia,KHM,2017,12.565679,104.990963,intrastate,0,Intrastate
Cambodia,KHM,2017,12.565679,104.990963,non_state,0,Non-state
Cambodia,KHM,2017,12.565679,104.990963,one_sided_violence,0,One-sided violence
Cambodia,KHM,2018,12.565679,104.990963,interstate,0,Interstate
Cambodia,KHM,2018,12.565679,104.990963,intrastate,0,Intrastate
Cambodia,KHM,2018,12.565679,104.990963,non_state,0,Non-state
Cambodia,KHM,2018,12.565679,104.990963,one_sided_violence,0,One-sided violence
Cambodia,KHM,2019,12.565679,104.990963,interstate,0,Interstate
Cambodia,KHM,2019,12.565679,104.990963,intrastate,0,Intrastate
Cambodia,KHM,2019,12.565679,104.990963,non_state,0,Non-state
Cambodia,KHM,2019,12.565679,104.990963,one_sided_violence,0,One-sided violence
Cambodia,KHM,2020,12.565679,104.990963,interstate,0,Interstate
Cambodia,KHM,2020,12.565679,104.990963,intrastate,0,Intrastate
Cambodia,KHM,2020,12.565679,104.990963,non_state,0,Non-state
Cambodia,KHM,2020,12.565679,104.990963,one_sided_violence,0,One-sided violence
Cambodia,KHM,2021,12.565679,104.990963,interstate,0,Interstate
Cambodia,KHM,2021,12.565679,104.990963,intrastate,0,Intrastate
Cambodia,KHM,2021,12.565679,104.990963,non_state,0,Non-state
Cambodia,KHM,2021,12.565679,104.990963,one_sided_violence,0,One-sided violence
Cambodia,KHM,2022,12.565679,104.990963,interstate,0,Interstate
Cambodia,KHM,2022,12.565679,104.990963,intrastate,0,Intrastate
Cambodia,KHM,2022,12.565679,104.990963,non_state,0,Non-state
Cambodia,KHM,2022,12.565679,104.990963,one_sided_violence,0,One-sided violence
Cambodia,KHM,2023,12.565679,104.990963,interstate,0,Interstate
Cambodia,KHM,2023,12.565679,104.990963,intrastate,0,Intrastate
Cambodia,KHM,2023,12.565679,104.990963,non_state,0,Non-state
Cambodia,KHM,2023,12.565679,104.990963,one_sided_violence,0,One-sided violence
Cambodia,KHM,2024,12.565679,104.990963,interstate,0,Interstate
Cambodia,KHM,2024,12.565679,104.990963,intrastate,0,Intrastate
Cambodia,KHM,2024,12.565679,104.990963,non_state,0,Non-state
Cambodia,KHM,2024,12.565679,104.990963,one_sided_violence,0,One-sided violence
Cameroon,CMR,2015,7.369722,12.354722,interstate,0,Interstate
Cameroon,CMR,2015,7.369722,12.354722,intrastate,924,Intrastate
Cameroon,CMR,2015,7.369722,12.354722,non_state,0,Non-state
Cameroon,CMR,2015,7.369722,12.354722,one_sided_violence,339,One-sided violence
Cameroon,CMR,2016,7.369722,12.354722,interstate,0,Interstate
Cameroon,CMR,2016,7.369722,12.354722,intrastate,181,Intrastate
Cameroon,CMR,2016,7.369722,12.354722,non_state,0,Non-state
Cameroon,CMR,2016,7.369722,12.354722,one_sided_violence,304,One-sided violence
Cameroon,CMR,2017,7.369722,12.354722,interstate,0,Interstate
Cameroon,CMR,2017,7.369722,12.354722,intrastate,98,Intrastate
Cameroon,CMR,2017,7.369722,12.354722,non_state,62,Non-state
Cameroon,CMR,2017,7.369722,12.354722,one_sided_violence,227,One-sided violence
Cameroon,CMR,2018,7.369722,12.354722,interstate,0,Interstate
Cameroon,CMR,2018,7.369722,12.354722,intrastate,752,Intrastate
Cameroon,CMR,2018,7.369722,12.354722,non_state,0,Non-state
Cameroon,CMR,2018,7.369722,12.354722,one_sided_violence,189,One-sided violence
Cameroon,CMR,2019,7.369722,12.354722,interstate,0,Interstate
Cameroon,CMR,2019,7.369722,12.354722,intrastate,693,Intrastate
Cameroon,CMR,2019,7.369722,12.354722,non_state,0,Non-state
Cameroon,CMR,2019,7.369722,12.354722,one_sided_violence,137,One-sided violence
Cameroon,CMR,2020,7.369722,12.354722,interstate,0,Interstate
Cameroon,CMR,2020,7.369722,12.354722,intrastate,429,Intrastate
Cameroon,CMR,2020,7.369722,12.354722,non_state,0,Non-state
Cameroon,CMR,2020,7.369722,12.354722,one_sided_violence,351,One-sided violence
Cameroon,CMR,2021,7.369722,12.354722,interstate,0,Interstate
Cameroon,CMR,2021,7.369722,12.354722,intrastate,581,Intrastate
Cameroon,CMR,2021,7.369722,12.354722,non_state,26,Non-state
Cameroon,CMR,2021,7.369722,12.354722,one_sided_violence,190,One-sided violence
Cameroon,CMR,2022,7.369722,12.354722,interstate,0,Interstate
Cameroon,CMR,2022,7.369722,12.354722,intrastate,406,Intrastate
Cameroon,CMR,2022,7.369722,12.354722,non_state,0,Non-state
Cameroon,CMR,2022,7.369722,12.354722,one_sided_violence,251,One-sided violence
Cameroon,CMR,2023,7.369722,12.354722,interstate,0,Interstate
Cameroon,CMR,2023,7.369722,12.354722,intrastate,358,Intrastate
Cameroon,CMR,2023,7.369722,12.354722,non_state,0,Non-state
Cameroon,CMR,2023,7.369722,12.354722,one_sided_violence,263,One-sided violence
Cameroon,CMR,2024,7.369722,12.354722,interstate,0,Interstate
Cameroon,CMR,2024,7.369722,12.354722,intrastate,231,Intrastate
Cameroon,CMR,2024,7.369722,12.354722,non_state,15,Non-state
Cameroon,CMR,2024,7.369722,12.354722,one_sided_violence,132,One-sided violence
Canada,CAN,2015,56.130366,-106.346771,interstate,0,Interstate
Canada,CAN,2015,56.130366,-106.346771,intrastate,0,Intrastate
Canada,CAN,2015,56.130366,-106.346771,non_state,0,Non-state
Canada,CAN,2015,56.130366,-106.346771,one_sided_violence,0,One-sided violence
Canada,CAN,2016,56.130366,-106.346771,interstate,0,Interstate
Canada,CAN,2016,56.130366,-106.346771,intrastate,0,Intrastate
Canada,CAN,2016,56.130366,-106.346771,non_state,0,Non-state
Canada,CAN,2016,56.130366,-106.346771,one_sided_violence,0,One-sided violence
Canada,CAN,2017,56.130366,-106.346771,interstate,0,Interstate
Canada,CAN,2017,56.130366,-106.346771,intrastate,0,Intrastate
Canada,CAN,2017,56.130366,-106.346771,non_state,0,Non-state
Canada,CAN,2017,56.130366,-106.346771,one_sided_violence,0,One-sided violence
Canada,CAN,2018,56.130366,-106.346771,interstate,0,Interstate
Canada,CAN,2018,56.130366,-106.346771,intrastate,0,Intrastate
Canada,CAN,2018,56.130366,-106.346771,non_state,0,Non-state
Canada,CAN,2018,56.130366,-106.346771,one_sided_violence,0,One-sided violence
Canada,CAN,2019,56.130366,-106.346771,interstate,0,Interstate
Canada,CAN,2019,56.130366,-106.346771,intrastate,0,Intrastate
Canada,CAN,2019,56.130366,-106.346771,non_state,0,Non-state
Canada,CAN,2019,56.130366,-106.346771,one_sided_violence,0,One-sided violence
Canada,CAN,2020,56.130366,-106.346771,interstate,0,Interstate
Canada,CAN,2020,56.130366,-106.346771,intrastate,0,Intrastate
Canada,CAN,2020,56.130366,-106.346771,non_state,0,Non-state
Canada,CAN,2020,56.130366,-106.346771,one_sided_violence,0,One-sided violence
Canada,CAN,2021,56.130366,-106.346771,interstate,0,Interstate
Canada,CAN,2021,56.130366,-106.346771,intrastate,0,Intrastate
Canada,CAN,2021,56.130366,-106.346771,non_state,0,Non-state
Canada,CAN,2021,56.130366,-106.346771,one_sided_violence,0,One-sided violence
Canada,CAN,2022,56.130366,-106.346771,interstate,0,Interstate
Canada,CAN,2022,56.130366,-106.346771,intrastate,0,Intrastate
Canada,CAN,2022,56.130366,-106.346771,non_state,0,Non-state
Canada,CAN,2022,56.130366,-106.346771,one_sided_violence,0,One-sided violence
Canada,CAN,2023,56.130366,-106.346771,interstate,0,Interstate
Canada,CAN,2023,56.130366,-106.346771,intrastate,0,Intrastate
Canada,CAN,2023,56.130366,-106.346771,non_state,0,Non-state
Canada,CAN,2023,56.130366,-106.346771,one_sided_violence,0,One-sided violence
Canada,CAN,2024,56.130366,-106.346771,interstate,0,Interstate
Canada,CAN,2024,56.130366,-106.346771,intrastate,0,Intrastate
Canada,CAN,2024,56.130366,-106.346771,non_state,0,Non-state
Canada,CAN,2024,56.130366,-106.346771,one_sided_violence,0,One-sided violence
Cape Verde,CPV,2015,16.002082,-24.013197,interstate,0,Interstate
Cape Verde,CPV,2015,16.002082,-24.013197,intrastate,0,Intrastate
Cape Verde,CPV,2015,16.002082,-24.013197,non_state,0,Non-state
Cape Verde,CPV,2015,16.002082,-24.013197,one_sided_violence,0,One-sided violence
Cape Verde,CPV,2016,16.002082,-24.013197,interstate,0,Interstate
Cape Verde,CPV,2016,16.002082,-24.013197,intrastate,0,Intrastate
Cape Verde,CPV,2016,16.002082,-24.013197,non_state,0,Non-state
Cape Verde,CPV,2016,16.002082,-24.013197,one_sided_violence,0,One-sided violence
Cape Verde,CPV,2017,16.002082,-24.013197,interstate,0,Interstate
Cape Verde,CPV,2017,16.002082,-24.013197,intrastate,0,Intrastate
Cape Verde,CPV,2017,16.002082,-24.013197,non_state,0,Non-state
Cape Verde,CPV,2017,16.002082,-24.013197,one_sided_violence,0,One-sided violence
Cape Verde,CPV,2018,16.002082,-24.013197,interstate,0,Interstate
Cape Verde,CPV,2018,16.002082,-24.013197,intrastate,0,Intrastate
Cape Verde,CPV,2018,16.002082,-24.013197,non_state,0,Non-state
Cape Verde,CPV,2018,16.002082,-24.013197,one_sided_violence,0,One-sided violence
Cape Verde,CPV,2019,16.002082,-24.013197,interstate,0,Interstate
Cape Verde,CPV,2019,16.002082,-24.013197,intrastate,0,Intrastate
Cape Verde,CPV,2019,16.002082,-24.013197,non_state,0,Non-state
Cape Verde,CPV,2019,16.002082,-24.013197,one_sided_violence,0,One-sided violence
Cape Verde,CPV,2020,16.002082,-24.013197,interstate,0,Interstate
Cape Verde,CPV,2020,16.002082,-24.013197,intrastate,0,Intrastate
Cape Verde,CPV,2020,16.002082,-24.013197,non_state,0,Non-state
Cape Verde,CPV,2020,16.002082,-24.013197,one_sided_violence,0,One-sided violence
Cape Verde,CPV,2021,16.002082,-24.013197,interstate,0,Interstate
Cape Verde,CPV,2021,16.002082,-24.013197,intrastate,0,Intrastate
Cape Verde,CPV,2021,16.002082,-24.013197,non_state,0,Non-state
Cape Verde,CPV,2021,16.002082,-24.013197,one_sided_violence,0,One-sided violence
Cape Verde,CPV,2022,16.002082,-24.013197,interstate,0,Interstate
Cape Verde,CPV,2022,16.002082,-24.013197,intrastate,0,Intrastate
Cape Verde,CPV,2022,16.002082,-24.013197,non_state,0,Non-state
Cape Verde,CPV,2022,16.002082,-24.013197,one_sided_violence,0,One-sided violence
Cape Verde,CPV,2023,16.002082,-24.013197,interstate,0,Interstate
Cape Verde,CPV,2023,16.002082,-24.013197,intrastate,0,Intrastate
Cape Verde,CPV,2023,16.002082,-24.013197,non_state,0,Non-state
Cape Verde,CPV,2023,16.002082,-24.013197,one_sided_violence,0,One-sided violence
Cape Verde,CPV,2024,16.002082,-24.013197,interstate,0,Interstate
Cape Verde,CPV,2024,16.002082,-24.013197,intrastate,0,Intrastate
Cape Verde,CPV,2024,16.002082,-24.013197,non_state,0,Non-state
Cape Verde,CPV,2024,16.002082,-24.013197,one_sided_violence,0,One-sided violence
Central African Republic,CAF,2015,6.611111,20.939444,interstate,0,Interstate
Central African Republic,CAF,2015,6.611111,20.939444,intrastate,27,Intrastate
Central African Republic,CAF,2015,6.611111,20.939444,non_state,275,Non-state
Central African Republic,CAF,2015,6.611111,20.939444,one_sided_violence,417,One-sided violence
Central African Republic,CAF,2016,6.611111,20.939444,interstate,0,Interstate
Central African Republic,CAF,2016,6.611111,20.939444,intrastate,0,Intrastate
Central African Republic,CAF,2016,6.611111,20.939444,non_state,180,Non-state
Central African Republic,CAF,2016,6.611111,20.939444,one_sided_violence,448,One-sided violence
Central African Republic,CAF,2017,6.611111,20.939444,interstate,0,Interstate
Central African Republic,CAF,2017,6.611111,20.939444,intrastate,35,Intrastate
Central African Republic,CAF,2017,6.611111,20.939444,non_state,1049,Non-state
Central African Republic,CAF,2017,6.611111,20.939444,one_sided_violence,672,One-sided violence
Central African Republic,CAF,2018,6.611111,20.939444,interstate,0,Interstate
Central African Republic,CAF,2018,6.611111,20.939444,intrastate,103,Intrastate
Central African Republic,CAF,2018,6.611111,20.939444,non_state,303,Non-state
Central African Republic,CAF,2018,6.611111,20.939444,one_sided_violence,206,One-sided violence
Central African Republic,CAF,2019,6.611111,20.939444,interstate,0,Interstate
Central African Republic,CAF,2019,6.611111,20.939444,intrastate,51,Intrastate
Central African Republic,CAF,2019,6.611111,20.939444,non_state,278,Non-state
Central African Republic,CAF,2019,6.611111,20.939444,one_sided_violence,93,One-sided violence
Central African Republic,CAF,2020,6.611111,20.939444,interstate,0,Interstate
Central African Republic,CAF,2020,6.611111,20.939444,intrastate,57,Intrastate
Central African Republic,CAF,2020,6.611111,20.939444,non_state,160,Non-state
Central African Republic,CAF,2020,6.611111,20.939444,one_sided_violence,0,One-sided violence
Central African Republic,CAF,2021,6.611111,20.939444,interstate,0,Interstate
Central African Republic,CAF,2021,6.611111,20.939444,intrastate,906,Intrastate
Central African Republic,CAF,2021,6.611111,20.939444,non_state,0,Non-state
Central African Republic,CAF,2021,6.611111,20.939444,one_sided_violence,174,One-sided violence
Central African Republic,CAF,2022,6.611111,20.939444,interstate,0,Interstate
Central African Republic,CAF,2022,6.611111,20.939444,intrastate,675,Intrastate
Central African Republic,CAF,2022,6.611111,20.939444,non_state,0,Non-state
Central African Republic,CAF,2022,6.611111,20.939444,one_sided_violence,92,One-sided violence
Central African Republic,CAF,2023,6.611111,20.939444,interstate,0,Interstate
Central African Republic,CAF,2023,6.611111,20.939444,intrastate,261,Intrastate
Central African Republic,CAF,2023,6.611111,20.939444,non_state,101,Non-state
Central African Republic,CAF,2023,6.611111,20.939444,one_sided_violence,28,One-sided violence
Central African Republic,CAF,2024,6.611111,20.939444,interstate,0,Interstate
Central African Republic,CAF,2024,6.611111,20.939444,intrastate,177,Intrastate
Central African Republic,CAF,2024,6.611111,20.939444,non_state,34,Non-state
Central African Republic,CAF,2024,6.611111,20.939444,one_sided_violence,257,One-sided violence
Chad,TCD,2015,15.454166,18.732207,interstate,0,Interstate
Chad,TCD,2015,15.454166,18.732207,intrastate,275,Intrastate
Chad,TCD,2015,15.454166,18.732207,non_state,0,Non-state
Chad,TCD,2015,15.454166,18.732207,one_sided_violence,114,One-sided violence
Chad,TCD,2016,15.454166,18.732207,interstate,0,Interstate
Chad,TCD,2016,15.454166,18.732207,intrastate,0,Intrastate
Chad,TCD,2016,15.454166,18.732207,non_state,0,Non-state
Chad,TCD,2016,15.454166,18.732207,one_sided_violence,2,One-sided violence
Chad,TCD,2017,15.454166,18.732207,interstate,0,Interstate
Chad,TCD,2017,15.454166,18.732207,intrastate,57,Intrastate
Chad,TCD,2017,15.454166,18.732207,non_state,28,Non-state
Chad,TCD,2017,15.454166,18.732207,one_sided_violence,3,One-sided violence
Chad,TCD,2018,15.454166,18.732207,interstate,0,Interstate
Chad,TCD,2018,15.454166,18.732207,intrastate,150,Intrastate
Chad,TCD,2018,15.454166,18.732207,non_state,0,Non-state
Chad,TCD,2018,15.454166,18.732207,one_sided_violence,18,One-sided violence
Chad,TCD,2019,15.454166,18.732207,interstate,0,Interstate
Chad,TCD,2019,15.454166,18.732207,intrastate,144,Intrastate
Chad,TCD,2019,15.454166,18.732207,non_state,65,Non-state
Chad,TCD,2019,15.454166,18.732207,one_sided_violence,42,One-sided violence
Chad,TCD,2020,15.454166,18.732207,interstate,0,Interstate
Chad,TCD,2020,15.454166,18.732207,intrastate,196,Intrastate
Chad,TCD,2020,15.454166,18.732207,non_state,25,Non-state
Chad,TCD,2020,15.454166,18.732207,one_sided_violence,28,One-sided violence
Chad,TCD,2021,15.454166,18.732207,interstate,0,Interstate
Chad,TCD,2021,15.454166,18.732207,intrastate,486,Intrastate
Chad,TCD,2021,15.454166,18.732207,non_state,159,Non-state
Chad,TCD,2021,15.454166,18.732207,one_sided_violence,21,One-sided violence
Chad,TCD,2022,15.454166,18.732207,interstate,0,Interstate
Chad,TCD,2022,15.454166,18.732207,intrastate,35,Intrastate
Chad,TCD,2022,15.454166,18.732207,non_state,56,Non-state
Chad,TCD,2022,15.454166,18.732207,one_sided_violence,0,One-sided violence
Chad,TCD,2023,15.454166,18.732207,interstate,0,Interstate
Chad,TCD,2023,15.454166,18.732207,intrastate,61,Intrastate
Chad,TCD,2023,15.454166,18.732207,non_state,42,Non-state
Chad,TCD,2023,15.454166,18.732207,one_sided_violence,9,One-sided violence
Chad,TCD,2024,15.454166,18.732207,interstate,0,Interstate
Chad,TCD,2024,15.454166,18.732207,intrastate,69,Intrastate
Chad,TCD,2024,15.454166,18.732207,non_state,109,Non-state
Chad,TCD,2024,15.454166,18.732207,one_sided_violence,16,One-sided violence
Chile,CHL,2015,-35.675147,-71.542969,interstate,0,Interstate
Chile,CHL,2015,-35.675147,-71.542969,intrastate,0,Intrastate
Chile,CHL,2015,-35.675147,-71.542969,non_state,0,Non-state
Chile,CHL,2015,-35.675147,-71.542969,one_sided_violence,0,One-sided violence
Chile,CHL,2016,-35.675147,-71.542969,interstate,0,Interstate
Chile,CHL,2016,-35.675147,-71.542969,intrastate,0,Intrastate
Chile,CHL,2016,-35.675147,-71.542969,non_state,0,Non-state
Chile,CHL,2016,-35.675147,-71.542969,one_sided_violence,0,One-sided violence
Chile,CHL,2017,-35.675147,-71.542969,interstate,0,Interstate
Chile,CHL,2017,-35.675147,-71.542969,intrastate,0,Intrastate
Chile,CHL,2017,-35.675147,-71.542969,non_state,0,Non-state
Chile,CHL,2017,-35.675147,-71.542969,one_sided_violence,0,One-sided violence
Chile,CHL,2018,-35.675147,-71.542969,interstate,0,Interstate
Chile,CHL,2018,-35.675147,-71.542969,intrastate,0,Intrastate
Chile,CHL,2018,-35.675147,-71.542969,non_state,0,Non-state
Chile,CHL,2018,-35.675147,-71.542969,one_sided_violence,0,One-sided violence
Chile,CHL,2019,-35.675147,-71.542969,interstate,0,Interstate
Chile,CHL,2019,-35.675147,-71.542969,intrastate,0,Intrastate
Chile,CHL,2019,-35.675147,-71.542969,non_state,0,Non-state
Chile,CHL,2019,-35.675147,-71.542969,one_sided_violence,0,One-sided violence
Chile,CHL,2020,-35.675147,-71.542969,interstate,0,Interstate
Chile,CHL,2020,-35.675147,-71.542969,intrastate,0,Intrastate
Chile,CHL,2020,-35.675147,-71.542969,non_state,0,Non-state
Chile,CHL,2020,-35.675147,-71.542969,one_sided_violence,0,One-sided violence
Chile,CHL,2021,-35.675147,-71.542969,interstate,0,Interstate
Chile,CHL,2021,-35.675147,-71.542969,intrastate,0,Intrastate
Chile,CHL,2021,-35.675147,-71.542969,non_state,0,Non-state
Chile,CHL,2021,-35.675147,-71.542969,one_sided_violence,0,One-sided violence
Chile,CHL,2022,-35.675147,-71.542969,interstate,0,Interstate
Chile,CHL,2022,-35.675147,-71.542969,intrastate,0,Intrastate
Chile,CHL,2022,-35.675147,-71.542969,non_state,0,Non-state
Chile,CHL,2022,-35.675147,-71.542969,one_sided_violence,0,One-sided violence
Chile,CHL,2023,-35.675147,-71.542969,interstate,0,Interstate
Chile,CHL,2023,-35.675147,-71.542969,intrastate,0,Intrastate
Chile,CHL,2023,-35.675147,-71.542969,non_state,0,Non-state
Chile,CHL,2023,-35.675147,-71.542969,one_sided_violence,0,One-sided violence
Chile,CHL,2024,-35.675147,-71.542969,interstate,0,Interstate
Chile,CHL,2024,-35.675147,-71.542969,intrastate,0,Intrastate
Chile,CHL,2024,-35.675147,-71.542969,non_state,0,Non-state
Chile,CHL,2024,-35.675147,-71.542969,one_sided_violence,0,One-sided violence
China,CHN,2015,35.86166,104.195397,interstate,0,Interstate
China,CHN,2015,35.86166,104.195397,intrastate,5,Intrastate
China,CHN,2015,35.86166,104.195397,non_state,0,Non-state
China,CHN,2015,35.86166,104.195397,one_sided_violence,0,One-sided violence
China,CHN,2016,35.86166,104.195397,interstate,0,Interstate
China,CHN,2016,35.86166,104.195397,intrastate,0,Intrastate
China,CHN,2016,35.86166,104.195397,non_state,0,Non-state
China,CHN,2016,35.86166,104.195397,one_sided_violence,0,One-sided violence
China,CHN,2017,35.86166,104.195397,interstate,0,Interstate
China,CHN,2017,35.86166,104.195397,intrastate,0,Intrastate
China,CHN,2017,35.86166,104.195397,non_state,0,Non-state
China,CHN,2017,35.86166,104.195397,one_sided_violence,0,One-sided violence
China,CHN,2018,35.86166,104.195397,interstate,0,Interstate
China,CHN,2018,35.86166,104.195397,intrastate,0,Intrastate
China,CHN,2018,35.86166,104.195397,non_state,0,Non-state
China,CHN,2018,35.86166,104.195397,one_sided_violence,0,One-sided violence
China,CHN,2019,35.86166,104.195397,interstate,0,Interstate
China,CHN,2019,35.86166,104.195397,intrastate,0,Intrastate
China,CHN,2019,35.86166,104.195397,non_state,0,Non-state
China,CHN,2019,35.86166,104.195397,one_sided_violence,0,One-sided violence
China,CHN,2020,35.86166,104.195397,interstate,0,Interstate
China,CHN,2020,35.86166,104.195397,intrastate,0,Intrastate
China,CHN,2020,35.86166,104.195397,non_state,0,Non-state
China,CHN,2020,35.86166,104.195397,one_sided_violence,0,One-sided violence
China,CHN,2021,35.86166,104.195397,interstate,0,Interstate
China,CHN,2021,35.86166,104.195397,intrastate,0,Intrastate
China,CHN,2021,35.86166,104.195397,non_state,0,Non-state
China,CHN,2021,35.86166,104.195397,one_sided_violence,0,One-sided violence
China,CHN,2022,35.86166,104.195397,interstate,0,Interstate
China,CHN,2022,35.86166,104.195397,intrastate,0,Intrastate
China,CHN,2022,35.86166,104.195397,non_state,0,Non-state
China,CHN,2022,35.86166,104.195397,one_sided_violence,0,One-sided violence
China,CHN,2023,35.86166,104.195397,interstate,0,Interstate
China,CHN,2023,35.86166,104.195397,intrastate,1,Intrastate
China,CHN,2023,35.86166,104.195397,non_state,0,Non-state
China,CHN,2023,35.86166,104.195397,one_sided_violence,0,One-sided violence
China,CHN,2024,35.86166,104.195397,interstate,0,Interstate
China,CHN,2024,35.86166,104.195397,intrastate,0,Intrastate
China,CHN,2024,35.86166,104.195397,non_state,0,Non-state
China,CHN,2024,35.86166,104.195397,one_sided_violence,0,One-sided violence
Colombia,COL,2015,4.570868,-74.297333,interstate,0,Interstate
Colombia,COL,2015,4.570868,-74.297333,intrastate,134,Intrastate
Colombia,COL,2015,4.570868,-74.297333,non_state,0,Non-state
Colombia,COL,2015,4.570868,-74.297333,one_sided_violence,0,One-sided violence
Colombia,COL,2016,4.570868,-74.297333,interstate,0,Interstate
Colombia,COL,2016,4.570868,-74.297333,intrastate,30,Intrastate
Colombia,COL,2016,4.570868,-74.297333,non_state,0,Non-state
Colombia,COL,2016,4.570868,-74.297333,one_sided_violence,0,One-sided violence
Colombia,COL,2017,4.570868,-74.297333,interstate,0,Interstate
Colombia,COL,2017,4.570868,-74.297333,intrastate,0,Intrastate
Colombia,COL,2017,4.570868,-74.297333,non_state,0,Non-state
Colombia,COL,2017,4.570868,-74.297333,one_sided_violence,37,One-sided violence
Colombia,COL,2018,4.570868,-74.297333,interstate,0,Interstate
Colombia,COL,2018,4.570868,-74.297333,intrastate,131,Intrastate
Colombia,COL,2018,4.570868,-74.297333,non_state,0,Non-state
Colombia,COL,2018,4.570868,-74.297333,one_sided_violence,82,One-sided violence
Colombia,COL,2019,4.570868,-74.297333,interstate,0,Interstate
Colombia,COL,2019,4.570868,-74.297333,intrastate,115,Intrastate
Colombia,COL,2019,4.570868,-74.297333,non_state,0,Non-state
Colombia,COL,2019,4.570868,-74.297333,one_sided_violence,0,One-sided violence
Colombia,COL,2020,4.570868,-74.297333,interstate,0,Interstate
Colombia,COL,2020,4.570868,-74.297333,intrastate,23,Intrastate
Colombia,COL,2020,4.570868,-74.297333,non_state,0,Non-state
Colombia,COL,2020,4.570868,-74.297333,one_sided_violence,91,One-sided violence
Colombia,COL,2021,4.570868,-74.297333,interstate,0,Interstate
Colombia,COL,2021,4.570868,-74.297333,intrastate,111,Intrastate
Colombia,COL,2021,4.570868,-74.297333,non_state,0,Non-state
Colombia,COL,2021,4.570868,-74.297333,one_sided_violence,142,One-sided violence
Colombia,COL,2022,4.570868,-74.297333,interstate,0,Interstate
Colombia,COL,2022,4.570868,-74.297333,intrastate,122,Intrastate
Colombia,COL,2022,4.570868,-74.297333,non_state,75,Non-state
Colombia,COL,2022,4.570868,-74.297333,one_sided_violence,136,One-sided violence
Colombia,COL,2023,4.570868,-74.297333,interstate,0,Interstate
Colombia,COL,2023,4.570868,-74.297333,intrastate,89,Intrastate
Colombia,COL,2023,4.570868,-74.297333,non_state,129,Non-state
Colombia,COL,2023,4.570868,-74.297333,one_sided_violence,289,One-sided violence
Colombia,COL,2024,4.570868,-74.297333,interstate,0,Interstate
Colombia,COL,2024,4.570868,-74.297333,intrastate,225,Intrastate
Colombia,COL,2024,4.570868,-74.297333,non_state,169,Non-state
Colombia,COL,2024,4.570868,-74.297333,one_sided_violence,182,One-sided violence
Comoros,COM,2015,-11.875001,43.872219,interstate,0,Interstate
Comoros,COM,2015,-11.875001,43.872219,intrastate,0,Intrastate
Comoros,COM,2015,-11.875001,43.872219,non_state,0,Non-state
Comoros,COM,2015,-11.875001,43.872219,one_sided_violence,0,One-sided violence
Comoros,COM,2016,-11.875001,43.872219,interstate,0,Interstate
Comoros,COM,2016,-11.875001,43.872219,intrastate,0,Intrastate
Comoros,COM,2016,-11.875001,43.872219,non_state,0,Non-state
Comoros,COM,2016,-11.875001,43.872219,one_sided_violence,0,One-sided violence
Comoros,COM,2017,-11.875001,43.872219,interstate,0,Interstate
Comoros,COM,2017,-11.875001,43.872219,intrastate,0,Intrastate
Comoros,COM,2017,-11.875001,43.872219,non_state,0,Non-state
Comoros,COM,2017,-11.875001,43.872219,one_sided_violence,0,One-sided violence
Comoros,COM,2018,-11.875001,43.872219,interstate,0,Interstate
Comoros,COM,2018,-11.875001,43.872219,intrastate,0,Intrastate
Comoros,COM,2018,-11.875001,43.872219,non_state,0,Non-state
Comoros,COM,2018,-11.875001,43.872219,one_sided_violence,0,One-sided violence
Comoros,COM,2019,-11.875001,43.872219,interstate,0,Interstate
Comoros,COM,2019,-11.875001,43.872219,intrastate,0,Intrastate
Comoros,COM,2019,-11.875001,43.872219,non_state,0,Non-state
Comoros,COM,2019,-11.875001,43.872219,one_sided_violence,0,One-sided violence
Comoros,COM,2020,-11.875001,43.872219,interstate,0,Interstate
Comoros,COM,2020,-11.875001,43.872219,intrastate,0,Intrastate
Comoros,COM,2020,-11.875001,43.872219,non_state,0,Non-state
Comoros,COM,2020,-11.875001,43.872219,one_sided_violence,0,One-sided violence
Comoros,COM,2021,-11.875001,43.872219,interstate,0,Interstate
Comoros,COM,2021,-11.875001,43.872219,intrastate,0,Intrastate
Comoros,COM,2021,-11.875001,43.872219,non_state,0,Non-state
Comoros,COM,2021,-11.875001,43.872219,one_sided_violence,0,One-sided violence
Comoros,COM,2022,-11.875001,43.872219,interstate,0,Interstate
Comoros,COM,2022,-11.875001,43.872219,intrastate,0,Intrastate
Comoros,COM,2022,-11.875001,43.872219,non_state,0,Non-state
Comoros,COM,2022,-11.875001,43.872219,one_sided_violence,0,One-sided violence
Comoros,COM,2023,-11.875001,43.872219,interstate,0,Interstate
Comoros,COM,2023,-11.875001,43.872219,intrastate,0,Intrastate
Comoros,COM,2023,-11.875001,43.872219,non_state,0,Non-state
Comoros,COM,2023,-11.875001,43.872219,one_sided_violence,0,One-sided violence
Comoros,COM,2024,-11.875001,43.872219,interstate,0,Interstate
Comoros,COM,2024,-11.875001,43.872219,intrastate,0,Intrastate
Comoros,COM,2024,-11.875001,43.872219,non_state,0,Non-state
Comoros,COM,2024,-11.875001,43.872219,one_sided_violence,0,One-sided violence
Congo,COG,2015,-0.228021,15.827659,interstate,0,Interstate
Congo,COG,2015,-0.228021,15.827659,intrastate,0,Intrastate
Congo,COG,2015,-0.228021,15.827659,non_state,0,Non-state
Congo,COG,2015,-0.228021,15.827659,one_sided_violence,0,One-sided violence
Congo,COG,2016,-0.228021,15.827659,interstate,0,Interstate
Congo,COG,2016,-0.228021,15.827659,intrastate,73,Intrastate
Congo,COG,2016,-0.228021,15.827659,non_state,0,Non-state
Congo,COG,2016,-0.228021,15.827659,one_sided_violence,0,One-sided violence
Congo,COG,2017,-0.228021,15.827659,interstate,0,Interstate
Congo,COG,2017,-0.228021,15.827659,intrastate,0,Intrastate
Congo,COG,2017,-0.228021,15.827659,non_state,0,Non-state
Congo,COG,2017,-0.228021,15.827659,one_sided_violence,0,One-sided violence
Congo,COG,2018,-0.228021,15.827659,interstate,0,Interstate
Congo,COG,2018,-0.228021,15.827659,intrastate,0,Intrastate
Congo,COG,2018,-0.228021,15.827659,non_state,696,Non-state
Congo,COG,2018,-0.228021,15.827659,one_sided_violence,0,One-sided violence
Congo,COG,2019,-0.228021,15.827659,interstate,0,Interstate
Congo,COG,2019,-0.228021,15.827659,intrastate,1,Intrastate
Congo,COG,2019,-0.228021,15.827659,non_state,0,Non-state
Congo,COG,2019,-0.228021,15.827659,one_sided_violence,0,One-sided violence
Congo,COG,2020,-0.228021,15.827659,interstate,0,Interstate
Congo,COG,2020,-0.228021,15.827659,intrastate,0,Intrastate
Congo,COG,2020,-0.228021,15.827659,non_state,0,Non-state
Congo,COG,2020,-0.228021,15.827659,one_sided_violence,0,One-sided violence
Congo,COG,2021,-0.228021,15.827659,interstate,0,Interstate
Congo,COG,2021,-0.228021,15.827659,intrastate,0,Intrastate
Congo,COG,2021,-0.228021,15.827659,non_state,0,Non-state
Congo,COG,2021,-0.228021,15.827659,one_sided_violence,0,One-sided violence
Congo,COG,2022,-0.228021,15.827659,interstate,0,Interstate
Congo,COG,2022,-0.228021,15.827659,intrastate,357,Intrastate
Congo,COG,2022,-0.228021,15.827659,non_state,0,Non-state
Congo,COG,2022,-0.228021,15.827659,one_sided_violence,1,One-sided violence
Congo,COG,2023,-0.228021,15.827659,interstate,0,Interstate
Congo,COG,2023,-0.228021,15.827659,intrastate,0,Intrastate
Congo,COG,2023,-0.228021,15.827659,non_state,0,Non-state
Congo,COG,2023,-0.228021,15.827659,one_sided_violence,0,One-sided violence
Congo,COG,2024,-0.228021,15.827659,interstate,0,Interstate
Congo,COG,2024,-0.228021,15.827659,intrastate,0,Intrastate
Congo,COG,2024,-0.228021,15.827659,non_state,0,Non-state
Congo,COG,2024,-0.228021,15.827659,one_sided_violence,300,One-sided violence
Costa Rica,CRI,2015,9.748917,-83.753428,interstate,0,Interstate
Costa Rica,CRI,2015,9.748917,-83.753428,intrastate,0,Intrastate
Costa Rica,CRI,2015,9.748917,-83.753428,non_state,0,Non-state
Costa Rica,CRI,2015,9.748917,-83.753428,one_sided_violence,0,One-sided violence
Costa Rica,CRI,2016,9.748917,-83.753428,interstate,0,Interstate
Costa Rica,CRI,2016,9.748917,-83.753428,intrastate,0,Intrastate
Costa Rica,CRI,2016,9.748917,-83.753428,non_state,0,Non-state
Costa Rica,CRI,2016,9.748917,-83.753428,one_sided_violence,0,One-sided violence
Costa Rica,CRI,2017,9.748917,-83.753428,interstate,0,Interstate
Costa Rica,CRI,2017,9.748917,-83.753428,intrastate,0,Intrastate
Costa Rica,CRI,2017,9.748917,-83.753428,non_state,0,Non-state
Costa Rica,CRI,2017,9.748917,-83.753428,one_sided_violence,0,One-sided violence
Costa Rica,CRI,2018,9.748917,-83.753428,interstate,0,Interstate
Costa Rica,CRI,2018,9.748917,-83.753428,intrastate,0,Intrastate
Costa Rica,CRI,2018,9.748917,-83.753428,non_state,0,Non-state
Costa Rica,CRI,2018,9.748917,-83.753428,one_sided_violence,0,One-sided violence
Costa Rica,CRI,2019,9.748917,-83.753428,interstate,0,Interstate
Costa Rica,CRI,2019,9.748917,-83.753428,intrastate,0,Intrastate
Costa Rica,CRI,2019,9.748917,-83.753428,non_state,0,Non-state
Costa Rica,CRI,2019,9.748917,-83.753428,one_sided_violence,0,One-sided violence
Costa Rica,CRI,2020,9.748917,-83.753428,interstate,0,Interstate
Costa Rica,CRI,2020,9.748917,-83.753428,intrastate,0,Intrastate
Costa Rica,CRI,2020,9.748917,-83.753428,non_state,0,Non-state
Costa Rica,CRI,2020,9.748917,-83.753428,one_sided_violence,0,One-sided violence
Costa Rica,CRI,2021,9.748917,-83.753428,interstate,0,Interstate
Costa Rica,CRI,2021,9.748917,-83.753428,intrastate,0,Intrastate
Costa Rica,CRI,2021,9.748917,-83.753428,non_state,0,Non-state
Costa Rica,CRI,2021,9.748917,-83.753428,one_sided_violence,0,One-sided violence
Costa Rica,CRI,2022,9.748917,-83.753428,interstate,0,Interstate
Costa Rica,CRI,2022,9.748917,-83.753428,intrastate,0,Intrastate
Costa Rica,CRI,2022,9.748917,-83.753428,non_state,0,Non-state
Costa Rica,CRI,2022,9.748917,-83.753428,one_sided_violence,0,One-sided violence
Costa Rica,CRI,2023,9.748917,-83.753428,interstate,0,Interstate
Costa Rica,CRI,2023,9.748917,-83.753428,intrastate,0,Intrastate
Costa Rica,CRI,2023,9.748917,-83.753428,non_state,0,Non-state
Costa Rica,CRI,2023,9.748917,-83.753428,one_sided_violence,0,One-sided violence
Costa Rica,CRI,2024,9.748917,-83.753428,interstate,0,Interstate
Costa Rica,CRI,2024,9.748917,-83.753428,intrastate,0,Intrastate
Costa Rica,CRI,2024,9.748917,-83.753428,non_state,0,Non-state
Costa Rica,CRI,2024,9.748917,-83.753428,one_sided_violence,0,One-sided violence
Cote d'Ivoire,CIV,2015,7.539989,-5.54708,interstate,0,Interstate
Cote d'Ivoire,CIV,2015,7.539989,-5.54708,intrastate,0,Intrastate
Cote d'Ivoire,CIV,2015,7.539989,-5.54708,non_state,0,Non-state
Cote d'Ivoire,CIV,2015,7.539989,-5.54708,one_sided_violence,0,One-sided violence
Cote d'Ivoire,CIV,2016,7.539989,-5.54708,interstate,0,Interstate
Cote d'Ivoire,CIV,2016,7.539989,-5.54708,intrastate,0,Intrastate
Cote d'Ivoire,CIV,2016,7.539989,-5.54708,non_state,33,Non-state
Cote d'Ivoire,CIV,2016,7.539989,-5.54708,one_sided_violence,16,One-sided violence
Cote d'Ivoire,CIV,2017,7.539989,-5.54708,interstate,0,Interstate
Cote d'Ivoire,CIV,2017,7.539989,-5.54708,intrastate,0,Intrastate
Cote d'Ivoire,CIV,2017,7.539989,-5.54708,non_state,0,Non-state
Cote d'Ivoire,CIV,2017,7.539989,-5.54708,one_sided_violence,0,One-sided violence
Cote d'Ivoire,CIV,2018,7.539989,-5.54708,interstate,0,Interstate
Cote d'Ivoire,CIV,2018,7.539989,-5.54708,intrastate,0,Intrastate
Cote d'Ivoire,CIV,2018,7.539989,-5.54708,non_state,0,Non-state
Cote d'Ivoire,CIV,2018,7.539989,-5.54708,one_sided_violence,0,One-sided violence
Cote d'Ivoire,CIV,2019,7.539989,-5.54708,interstate,0,Interstate
Cote d'Ivoire,CIV,2019,7.539989,-5.54708,intrastate,0,Intrastate
Cote d'Ivoire,CIV,2019,7.539989,-5.54708,non_state,0,Non-state
Cote d'Ivoire,CIV,2019,7.539989,-5.54708,one_sided_violence,0,One-sided violence
Cote d'Ivoire,CIV,2020,7.539989,-5.54708,interstate,0,Interstate
Cote d'Ivoire,CIV,2020,7.539989,-5.54708,intrastate,0,Intrastate
Cote d'Ivoire,CIV,2020,7.539989,-5.54708,non_state,0,Non-state
Cote d'Ivoire,CIV,2020,7.539989,-5.54708,one_sided_violence,0,One-sided violence
Cote d'Ivoire,CIV,2021,7.539989,-5.54708,interstate,0,Interstate
Cote d'Ivoire,CIV,2021,7.539989,-5.54708,intrastate,0,Intrastate
Cote d'Ivoire,CIV,2021,7.539989,-5.54708,non_state,0,Non-state
Cote d'Ivoire,CIV,2021,7.539989,-5.54708,one_sided_violence,0,One-sided violence
Cote d'Ivoire,CIV,2022,7.539989,-5.54708,interstate,0,Interstate
Cote d'Ivoire,CIV,2022,7.539989,-5.54708,intrastate,0,Intrastate
Cote d'Ivoire,CIV,2022,7.539989,-5.54708,non_state,0,Non-state
Cote d'Ivoire,CIV,2022,7.539989,-5.54708,one_sided_violence,0,One-sided violence
Cote d'Ivoire,CIV,2023,7.539989,-5.54708,interstate,0,Interstate
Cote d'Ivoire,CIV,2023,7.539989,-5.54708,intrastate,0,Intrastate
Cote d'Ivoire,CIV,2023,7.539989,-5.54708,non_state,0,Non-state
Cote d'Ivoire,CIV,2023,7.539989,-5.54708,one_sided_violence,0,One-sided violence
Cote d'Ivoire,CIV,2024,7.539989,-5.54708,interstate,0,Interstate
Cote d'Ivoire,CIV,2024,7.539989,-5.54708,intrastate,0,Intrastate
Cote d'Ivoire,CIV,2024,7.539989,-5.54708,non_state,0,Non-state
Cote d'Ivoire,CIV,2024,7.539989,-5.54708,one_sided_violence,0,One-sided violence
Croatia,HRV,2015,45.1,15.2,interstate,0,Interstate
Croatia,HRV,2015,45.1,15.2,intrastate,0,Intrastate
Croatia,HRV,2015,45.1,15.2,non_state,0,Non-state
Croatia,HRV,2015,45.1,15.2,one_sided_violence,0,One-sided violence
Croatia,HRV,2016,45.1,15.2,interstate,0,Interstate
Croatia,HRV,2016,45.1,15.2,intrastate,0,Intrastate
Croatia,HRV,2016,45.1,15.2,non_state,0,Non-state
Croatia,HRV,2016,45.1,15.2,one_sided_violence,0,One-sided violence
Croatia,HRV,2017,45.1,15.2,interstate,0,Interstate
Croatia,HRV,2017,45.1,15.2,intrastate,0,Intrastate
Croatia,HRV,2017,45.1,15.2,non_state,0,Non-state
Croatia,HRV,2017,45.1,15.2,one_sided_violence,0,One-sided violence
Croatia,HRV,2018,45.1,15.2,interstate,0,Interstate
Croatia,HRV,2018,45.1,15.2,intrastate,0,Intrastate
Croatia,HRV,2018,45.1,15.2,non_state,0,Non-state
Croatia,HRV,2018,45.1,15.2,one_sided_violence,0,One-sided violence
Croatia,HRV,2019,45.1,15.2,interstate,0,Interstate
Croatia,HRV,2019,45.1,15.2,intrastate,0,Intrastate
Croatia,HRV,2019,45.1,15.2,non_state,0,Non-state
Croatia,HRV,2019,45.1,15.2,one_sided_violence,0,One-sided violence
Croatia,HRV,2020,45.1,15.2,interstate,0,Interstate
Croatia,HRV,2020,45.1,15.2,intrastate,0,Intrastate
Croatia,HRV,2020,45.1,15.2,non_state,0,Non-state
Croatia,HRV,2020,45.1,15.2,one_sided_violence,0,One-sided violence
Croatia,HRV,2021,45.1,15.2,interstate,0,Interstate
Croatia,HRV,2021,45.1,15.2,intrastate,0,Intrastate
Croatia,HRV,2021,45.1,15.2,non_state,0,Non-state
Croatia,HRV,2021,45.1,15.2,one_sided_violence,0,One-sided violence
Croatia,HRV,2022,45.1,15.2,interstate,0,Interstate
Croatia,HRV,2022,45.1,15.2,intrastate,0,Intrastate
Croatia,HRV,2022,45.1,15.2,non_state,0,Non-state
Croatia,HRV,2022,45.1,15.2,one_sided_violence,0,One-sided violence
Croatia,HRV,2023,45.1,15.2,interstate,0,Interstate
Croatia,HRV,2023,45.1,15.2,intrastate,0,Intrastate
Croatia,HRV,2023,45.1,15.2,non_state,0,Non-state
Croatia,HRV,2023,45.1,15.2,one_sided_violence,0,One-sided violence
Croatia,HRV,2024,45.1,15.2,interstate,0,Interstate
Croatia,HRV,2024,45.1,15.2,intrastate,0,Intrastate
Croatia,HRV,2024,45.1,15.2,non_state,0,Non-state
Croatia,HRV,2024,45.1,15.2,one_sided_violence,0,One-sided violence
Cuba,CUB,2015,21.521757,-77.781167,interstate,0,Interstate
Cuba,CUB,2015,21.521757,-77.781167,intrastate,0,Intrastate
Cuba,CUB,2015,21.521757,-77.781167,non_state,0,Non-state
Cuba,CUB,2015,21.521757,-77.781167,one_sided_violence,0,One-sided violence
Cuba,CUB,2016,21.521757,-77.781167,interstate,0,Interstate
Cuba,CUB,2016,21.521757,-77.781167,intrastate,0,Intrastate
Cuba,CUB,2016,21.521757,-77.781167,non_state,0,Non-state
Cuba,CUB,2016,21.521757,-77.781167,one_sided_violence,0,One-sided violence
Cuba,CUB,2017,21.521757,-77.781167,interstate,0,Interstate
Cuba,CUB,2017,21.521757,-77.781167,intrastate,0,Intrastate
Cuba,CUB,2017,21.521757,-77.781167,non_state,0,Non-state
Cuba,CUB,2017,21.521757,-77.781167,one_sided_violence,0,One-sided violence
Cuba,CUB,2018,21.521757,-77.781167,interstate,0,Interstate
Cuba,CUB,2018,21.521757,-77.781167,intrastate,0,Intrastate
Cuba,CUB,2018,21.521757,-77.781167,non_state,0,Non-state
Cuba,CUB,2018,21.521757,-77.781167,one_sided_violence,0,One-sided violence
Cuba,CUB,2019,21.521757,-77.781167,interstate,0,Interstate
Cuba,CUB,2019,21.521757,-77.781167,intrastate,0,Intrastate
Cuba,CUB,2019,21.521757,-77.781167,non_state,0,Non-state
Cuba,CUB,2019,21.521757,-77.781167,one_sided_violence,0,One-sided violence
Cuba,CUB,2020,21.521757,-77.781167,interstate,0,Interstate
Cuba,CUB,2020,21.521757,-77.781167,intrastate,0,Intrastate
Cuba,CUB,2020,21.521757,-77.781167,non_state,0,Non-state
Cuba,CUB,2020,21.521757,-77.781167,one_sided_violence,0,One-sided violence
Cuba,CUB,2021,21.521757,-77.781167,interstate,0,Interstate
Cuba,CUB,2021,21.521757,-77.781167,intrastate,0,Intrastate
Cuba,CUB,2021,21.521757,-77.781167,non_state,0,Non-state
Cuba,CUB,2021,21.521757,-77.781167,one_sided_violence,0,One-sided violence
Cuba,CUB,2022,21.521757,-77.781167,interstate,0,Interstate
Cuba,CUB,2022,21.521757,-77.781167,intrastate,0,Intrastate
Cuba,CUB,2022,21.521757,-77.781167,non_state,0,Non-state
Cuba,CUB,2022,21.521757,-77.781167,one_sided_violence,0,One-sided violence
Cuba,CUB,2023,21.521757,-77.781167,interstate,0,Interstate
Cuba,CUB,2023,21.521757,-77.781167,intrastate,0,Intrastate
Cuba,CUB,2023,21.521757,-77.781167,non_state,0,Non-state
Cuba,CUB,2023,21.521757,-77.781167,one_sided_violence,0,One-sided violence
Cuba,CUB,2024,21.521757,-77.781167,interstate,0,Interstate
Cuba,CUB,2024,21.521757,-77.781167,intrastate,0,Intrastate
Cuba,CUB,2024,21.521757,-77.781167,non_state,0,Non-state
Cuba,CUB,2024,21.521757,-77.781167,one_sided_violence,0,One-sided violence
Cyprus,CYP,2015,35.126413,33.429859,interstate,0,Interstate
Cyprus,CYP,2015,35.126413,33.429859,intrastate,0,Intrastate
Cyprus,CYP,2015,35.126413,33.429859,non_state,0,Non-state
Cyprus,CYP,2015,35.126413,33.429859,one_sided_violence,0,One-sided violence
Cyprus,CYP,2016,35.126413,33.429859,interstate,0,Interstate
Cyprus,CYP,2016,35.126413,33.429859,intrastate,0,Intrastate
Cyprus,CYP,2016,35.126413,33.429859,non_state,0,Non-state
Cyprus,CYP,2016,35.126413,33.429859,one_sided_violence,0,One-sided violence
Cyprus,CYP,2017,35.126413,33.429859,interstate,0,Interstate
Cyprus,CYP,2017,35.126413,33.429859,intrastate,0,Intrastate
Cyprus,CYP,2017,35.126413,33.429859,non_state,0,Non-state
Cyprus,CYP,2017,35.126413,33.429859,one_sided_violence,0,One-sided violence
Cyprus,CYP,2018,35.126413,33.429859,interstate,0,Interstate
Cyprus,CYP,2018,35.126413,33.429859,intrastate,0,Intrastate
Cyprus,CYP,2018,35.126413,33.429859,non_state,0,Non-state
Cyprus,CYP,2018,35.126413,33.429859,one_sided_violence,0,One-sided violence
Cyprus,CYP,2019,35.126413,33.429859,interstate,0,Interstate
Cyprus,CYP,2019,35.126413,33.429859,intrastate,0,Intrastate
Cyprus,CYP,2019,35.126413,33.429859,non_state,0,Non-state
Cyprus,CYP,2019,35.126413,33.429859,one_sided_violence,0,One-sided violence
Cyprus,CYP,2020,35.126413,33.429859,interstate,0,Interstate
Cyprus,CYP,2020,35.126413,33.429859,intrastate,0,Intrastate
Cyprus,CYP,2020,35.126413,33.429859,non_state,0,Non-state
Cyprus,CYP,2020,35.126413,33.429859,one_sided_violence,0,One-sided violence
Cyprus,CYP,2021,35.126413,33.429859,interstate,0,Interstate
Cyprus,CYP,2021,35.126413,33.429859,intrastate,0,Intrastate
Cyprus,CYP,2021,35.126413,33.429859,non_state,0,Non-state
Cyprus,CYP,2021,35.126413,33.429859,one_sided_violence,0,One-sided violence
Cyprus,CYP,2022,35.126413,33.429859,interstate,0,Interstate
Cyprus,CYP,2022,35.126413,33.429859,intrastate,0,Intrastate
Cyprus,CYP,2022,35.126413,33.429859,non_state,0,Non-state
Cyprus,CYP,2022,35.126413,33.429859,one_sided_violence,0,One-sided violence
Cyprus,CYP,2023,35.126413,33.429859,interstate,0,Interstate
Cyprus,CYP,2023,35.126413,33.429859,intrastate,0,Intrastate
Cyprus,CYP,2023,35.126413,33.429859,non_state,0,Non-state
Cyprus,CYP,2023,35.126413,33.429859,one_sided_violence,0,One-sided violence
Cyprus,CYP,2024,35.126413,33.429859,interstate,0,Interstate
Cyprus,CYP,2024,35.126413,33.429859,intrastate,0,Intrastate
Cyprus,CYP,2024,35.126413,33.429859,non_state,0,Non-state
Cyprus,CYP,2024,35.126413,33.429859,one_sided_violence,0,One-sided violence
Czechia,CZE,2015,49.817492,15.472962,interstate,0,Interstate
Czechia,CZE,2015,49.817492,15.472962,intrastate,0,Intrastate
Czechia,CZE,2015,49.817492,15.472962,non_state,0,Non-state
Czechia,CZE,2015,49.817492,15.472962,one_sided_violence,0,One-sided violence
Czechia,CZE,2016,49.817492,15.472962,interstate,0,Interstate
Czechia,CZE,2016,49.817492,15.472962,intrastate,0,Intrastate
Czechia,CZE,2016,49.817492,15.472962,non_state,0,Non-state
Czechia,CZE,2016,49.817492,15.472962,one_sided_violence,0,One-sided violence
Czechia,CZE,2017,49.817492,15.472962,interstate,0,Interstate
Czechia,CZE,2017,49.817492,15.472962,intrastate,0,Intrastate
Czechia,CZE,2017,49.817492,15.472962,non_state,0,Non-state
Czechia,CZE,2017,49.817492,15.472962,one_sided_violence,0,One-sided violence
Czechia,CZE,2018,49.817492,15.472962,interstate,0,Interstate
Czechia,CZE,2018,49.817492,15.472962,intrastate,0,Intrastate
Czechia,CZE,2018,49.817492,15.472962,non_state,0,Non-state
Czechia,CZE,2018,49.817492,15.472962,one_sided_violence,0,One-sided violence
Czechia,CZE,2019,49.817492,15.472962,interstate,0,Interstate
Czechia,CZE,2019,49.817492,15.472962,intrastate,0,Intrastate
Czechia,CZE,2019,49.817492,15.472962,non_state,0,Non-state
Czechia,CZE,2019,49.817492,15.472962,one_sided_violence,0,One-sided violence
Czechia,CZE,2020,49.817492,15.472962,interstate,0,Interstate
Czechia,CZE,2020,49.817492,15.472962,intrastate,0,Intrastate
Czechia,CZE,2020,49.817492,15.472962,non_state,0,Non-state
Czechia,CZE,2020,49.817492,15.472962,one_sided_violence,0,One-sided violence
Czechia,CZE,2021,49.817492,15.472962,interstate,0,Interstate
Czechia,CZE,2021,49.817492,15.472962,intrastate,0,Intrastate
Czechia,CZE,2021,49.817492,15.472962,non_state,0,Non-state
Czechia,CZE,2021,49.817492,15.472962,one_sided_violence,0,One-sided violence
Czechia,CZE,2022,49.817492,15.472962,interstate,0,Interstate
Czechia,CZE,2022,49.817492,15.472962,intrastate,0,Intrastate
Czechia,CZE,2022,49.817492,15.472962,non_state,0,Non-state
Czechia,CZE,2022,49.817492,15.472962,one_sided_violence,0,One-sided violence
Czechia,CZE,2023,49.817492,15.472962,interstate,0,Interstate
Czechia,CZE,2023,49.817492,15.472962,intrastate,0,Intrastate
Czechia,CZE,2023,49.817492,15.472962,non_state,0,Non-state
Czechia,CZE,2023,49.817492,15.472962,one_sided_violence,0,One-sided violence
Czechia,CZE,2024,49.817492,15.472962,interstate,0,Interstate
Czechia,CZE,2024,49.817492,15.472962,intrastate,0,Intrastate
Czechia,CZE,2024,49.817492,15.472962,non_state,0,Non-state
Czechia,CZE,2024,49.817492,15.472962,one_sided_violence,0,One-sided violence
Democratic Republic of Congo,COD,2015,-4.038333,21.758664,interstate,0,Interstate
Democratic Republic of Congo,COD,2015,-4.038333,21.758664,intrastate,197,Intrastate
Democratic Republic of Congo,COD,2015,-4.038333,21.758664,non_state,0,Non-state
Democratic Republic of Congo,COD,2015,-4.038333,21.758664,one_sided_violence,440,One-sided violence
Democratic Republic of Congo,COD,2016,-4.038333,21.758664,interstate,0,Interstate
Democratic Republic of Congo,COD,2016,-4.038333,21.758664,intrastate,796,Intrastate
Democratic Republic of Congo,COD,2016,-4.038333,21.758664,non_state,691,Non-state
Democratic Republic of Congo,COD,2016,-4.038333,21.758664,one_sided_violence,656,One-sided violence
Democratic Republic of Congo,COD,2017,-4.038333,21.758664,interstate,0,Interstate
Democratic Republic of Congo,COD,2017,-4.038333,21.758664,intrastate,3632,Intrastate
Democratic Republic of Congo,COD,2017,-4.038333,21.758664,non_state,743,Non-state
Democratic Republic of Congo,COD,2017,-4.038333,21.758664,one_sided_violence,1447,One-sided violence
Democratic Republic of Congo,COD,2018,-4.038333,21.758664,interstate,0,Interstate
Democratic Republic of Congo,COD,2018,-4.038333,21.758664,intrastate,817,Intrastate
Democratic Republic of Congo,COD,2018,-4.038333,21.758664,non_state,1024,Non-state
Democratic Republic of Congo,COD,2018,-4.038333,21.758664,one_sided_violence,421,One-sided violence
Democratic Republic of Congo,COD,2019,-4.038333,21.758664,interstate,0,Interstate
Democratic Republic of Congo,COD,2019,-4.038333,21.758664,intrastate,765,Intrastate
Democratic Republic of Congo,COD,2019,-4.038333,21.758664,non_state,711,Non-state
Democratic Republic of Congo,COD,2019,-4.038333,21.758664,one_sided_violence,919,One-sided violence
Democratic Republic of Congo,COD,2020,-4.038333,21.758664,interstate,0,Interstate
Democratic Republic of Congo,COD,2020,-4.038333,21.758664,intrastate,1200,Intrastate
Democratic Republic of Congo,COD,2020,-4.038333,21.758664,non_state,683,Non-state
Democratic Republic of Congo,COD,2020,-4.038333,21.758664,one_sided_violence,1964,One-sided violence
Democratic Republic of Congo,COD,2021,-4.038333,21.758664,interstate,0,Interstate
Democratic Republic of Congo,COD,2021,-4.038333,21.758664,intrastate,1019,Intrastate
Democratic Republic of Congo,COD,2021,-4.038333,21.758664,non_state,308,Non-state
Democratic Republic of Congo,COD,2021,-4.038333,21.758664,one_sided_violence,2149,One-sided violence
Democratic Republic of Congo,COD,2022,-4.038333,21.758664,interstate,0,Interstate
Democratic Republic of Congo,COD,2022,-4.038333,21.758664,intrastate,1369,Intrastate
Democratic Republic of Congo,COD,2022,-4.038333,21.758664,non_state,798,Non-state
Democratic Republic of Congo,COD,2022,-4.038333,21.758664,one_sided_violence,3331,One-sided violence
Democratic Republic of Congo,COD,2023,-4.038333,21.758664,interstate,0,Interstate
Democratic Republic of Congo,COD,2023,-4.038333,21.758664,intrastate,689,Intrastate
Democratic Republic of Congo,COD,2023,-4.038333,21.758664,non_state,479,Non-state
Democratic Republic of Congo,COD,2023,-4.038333,21.758664,one_sided_violence,2686,One-sided violence
Democratic Republic of Congo,COD,2024,-4.038333,21.758664,interstate,0,Interstate
Democratic Republic of Congo,COD,2024,-4.038333,21.758664,intrastate,1138,Intrastate
Democratic Republic of Congo,COD,2024,-4.038333,21.758664,non_state,322,Non-state
Democratic Republic of Congo,COD,2024,-4.038333,21.758664,one_sided_violence,3594,One-sided violence
Denmark,DNK,2015,56.26392,9.501785,interstate,0,Interstate
Denmark,DNK,2015,56.26392,9.501785,intrastate,0,Intrastate
Denmark,DNK,2015,56.26392,9.501785,non_state,0,Non-state
Denmark,DNK,2015,56.26392,9.501785,one_sided_violence,0,One-sided violence
Denmark,DNK,2016,56.26392,9.501785,interstate,0,Interstate
Denmark,DNK,2016,56.26392,9.501785,intrastate,0,Intrastate
Denmark,DNK,2016,56.26392,9.501785,non_state,0,Non-state
Denmark,DNK,2016,56.26392,9.501785,one_sided_violence,0,One-sided violence
Denmark,DNK,2017,56.26392,9.501785,interstate,0,Interstate
Denmark,DNK,2017,56.26392,9.501785,intrastate,0,Intrastate
Denmark,DNK,2017,56.26392,9.501785,non_state,0,Non-state
Denmark,DNK,2017,56.26392,9.501785,one_sided_violence,0,One-sided violence
Denmark,DNK,2018,56.26392,9.501785,interstate,0,Interstate
Denmark,DNK,2018,56.26392,9.501785,intrastate,0,Intrastate
Denmark,DNK,2018,56.26392,9.501785,non_state,0,Non-state
Denmark,DNK,2018,56.26392,9.501785,one_sided_violence,0,One-sided violence
Denmark,DNK,2019,56.26392,9.501785,interstate,0,Interstate
Denmark,DNK,2019,56.26392,9.501785,intrastate,0,Intrastate
Denmark,DNK,2019,56.26392,9.501785,non_state,0,Non-state
Denmark,DNK,2019,56.26392,9.501785,one_sided_violence,0,One-sided violence
Denmark,DNK,2020,56.26392,9.501785,interstate,0,Interstate
Denmark,DNK,2020,56.26392,9.501785,intrastate,0,Intrastate
Denmark,DNK,2020,56.26392,9.501785,non_state,0,Non-state
Denmark,DNK,2020,56.26392,9.501785,one_sided_violence,0,One-sided violence
Denmark,DNK,2021,56.26392,9.501785,interstate,0,Interstate
Denmark,DNK,2021,56.26392,9.501785,intrastate,0,Intrastate
Denmark,DNK,2021,56.26392,9.501785,non_state,0,Non-state
Denmark,DNK,2021,56.26392,9.501785,one_sided_violence,0,One-sided violence
Denmark,DNK,2022,56.26392,9.501785,interstate,0,Interstate
Denmark,DNK,2022,56.26392,9.501785,intrastate,0,Intrastate
Denmark,DNK,2022,56.26392,9.501785,non_state,0,Non-state
Denmark,DNK,2022,56.26392,9.501785,one_sided_violence,0,One-sided violence
Denmark,DNK,2023,56.26392,9.501785,interstate,0,Interstate
Denmark,DNK,2023,56.26392,9.501785,intrastate,0,Intrastate
Denmark,DNK,2023,56.26392,9.501785,non_state,0,Non-state
Denmark,DNK,2023,56.26392,9.501785,one_sided_violence,0,One-sided violence
Denmark,DNK,2024,56.26392,9.501785,interstate,0,Interstate
Denmark,DNK,2024,56.26392,9.501785,intrastate,0,Intrastate
Denmark,DNK,2024,56.26392,9.501785,non_state,0,Non-state
Denmark,DNK,2024,56.26392,9.501785,one_sided_violence,0,One-sided violence
Djibouti,DJI,2015,11.825138,42.590275,interstate,0,Interstate
Djibouti,DJI,2015,11.825138,42.590275,intrastate,0,Intrastate
Djibouti,DJI,2015,11.825138,42.590275,non_state,0,Non-state
Djibouti,DJI,2015,11.825138,42.590275,one_sided_violence,0,One-sided violence
Djibouti,DJI,2016,11.825138,42.590275,interstate,0,Interstate
Djibouti,DJI,2016,11.825138,42.590275,intrastate,0,Intrastate
Djibouti,DJI,2016,11.825138,42.590275,non_state,0,Non-state
Djibouti,DJI,2016,11.825138,42.590275,one_sided_violence,0,One-sided violence
Djibouti,DJI,2017,11.825138,42.590275,interstate,0,Interstate
Djibouti,DJI,2017,11.825138,42.590275,intrastate,0,Intrastate
Djibouti,DJI,2017,11.825138,42.590275,non_state,0,Non-state
Djibouti,DJI,2017,11.825138,42.590275,one_sided_violence,0,One-sided violence
Djibouti,DJI,2018,11.825138,42.590275,interstate,0,Interstate
Djibouti,DJI,2018,11.825138,42.590275,intrastate,0,Intrastate
Djibouti,DJI,2018,11.825138,42.590275,non_state,6,Non-state
Djibouti,DJI,2018,11.825138,42.590275,one_sided_violence,0,One-sided violence
Djibouti,DJI,2019,11.825138,42.590275,interstate,0,Interstate
Djibouti,DJI,2019,11.825138,42.590275,intrastate,0,Intrastate
Djibouti,DJI,2019,11.825138,42.590275,non_state,0,Non-state
Djibouti,DJI,2019,11.825138,42.590275,one_sided_violence,0,One-sided violence
Djibouti,DJI,2020,11.825138,42.590275,interstate,0,Interstate
Djibouti,DJI,2020,11.825138,42.590275,intrastate,0,Intrastate
Djibouti,DJI,2020,11.825138,42.590275,non_state,0,Non-state
Djibouti,DJI,2020,11.825138,42.590275,one_sided_violence,0,One-sided violence
Djibouti,DJI,2021,11.825138,42.590275,interstate,0,Interstate
Djibouti,DJI,2021,11.825138,42.590275,intrastate,0,Intrastate
Djibouti,DJI,2021,11.825138,42.590275,non_state,0,Non-state
Djibouti,DJI,2021,11.825138,42.590275,one_sided_violence,0,One-sided violence
Djibouti,DJI,2022,11.825138,42.590275,interstate,0,Interstate
Djibouti,DJI,2022,11.825138,42.590275,intrastate,0,Intrastate
Djibouti,DJI,2022,11.825138,42.590275,non_state,0,Non-state
Djibouti,DJI,2022,11.825138,42.590275,one_sided_violence,0,One-sided violence
Djibouti,DJI,2023,11.825138,42.590275,interstate,0,Interstate
Djibouti,DJI,2023,11.825138,42.590275,intrastate,0,Intrastate
Djibouti,DJI,2023,11.825138,42.590275,non_state,0,Non-state
Djibouti,DJI,2023,11.825138,42.590275,one_sided_violence,0,One-sided violence
Djibouti,DJI,2024,11.825138,42.590275,interstate,0,Interstate
Djibouti,DJI,2024,11.825138,42.590275,intrastate,0,Intrastate
Djibouti,DJI,2024,11.825138,42.590275,non_state,0,Non-state
Djibouti,DJI,2024,11.825138,42.590275,one_sided_violence,0,One-sided violence
Dominica,DMA,2015,15.414999,-61.370976,interstate,0,Interstate
Dominica,DMA,2015,15.414999,-61.370976,intrastate,0,Intrastate
Dominica,DMA,2015,15.414999,-61.370976,non_state,0,Non-state
Dominica,DMA,2015,15.414999,-61.370976,one_sided_violence,0,One-sided violence
Dominica,DMA,2016,15.414999,-61.370976,interstate,0,Interstate
Dominica,DMA,2016,15.414999,-61.370976,intrastate,0,Intrastate
Dominica,DMA,2016,15.414999,-61.370976,non_state,0,Non-state
Dominica,DMA,2016,15.414999,-61.370976,one_sided_violence,0,One-sided violence
Dominica,DMA,2017,15.414999,-61.370976,interstate,0,Interstate
Dominica,DMA,2017,15.414999,-61.370976,intrastate,0,Intrastate
Dominica,DMA,2017,15.414999,-61.370976,non_state,0,Non-state
Dominica,DMA,2017,15.414999,-61.370976,one_sided_violence,0,One-sided violence
Dominica,DMA,2018,15.414999,-61.370976,interstate,0,Interstate
Dominica,DMA,2018,15.414999,-61.370976,intrastate,0,Intrastate
Dominica,DMA,2018,15.414999,-61.370976,non_state,0,Non-state
Dominica,DMA,2018,15.414999,-61.370976,one_sided_violence,0,One-sided violence
Dominica,DMA,2019,15.414999,-61.370976,interstate,0,Interstate
Dominica,DMA,2019,15.414999,-61.370976,intrastate,0,Intrastate
Dominica,DMA,2019,15.414999,-61.370976,non_state,0,Non-state
Dominica,DMA,2019,15.414999,-61.370976,one_sided_violence,0,One-sided violence
Dominica,DMA,2020,15.414999,-61.370976,interstate,0,Interstate
Dominica,DMA,2020,15.414999,-61.370976,intrastate,0,Intrastate
Dominica,DMA,2020,15.414999,-61.370976,non_state,0,Non-state
Dominica,DMA,2020,15.414999,-61.370976,one_sided_violence,0,One-sided violence
Dominica,DMA,2021,15.414999,-61.370976,interstate,0,Interstate
Dominica,DMA,2021,15.414999,-61.370976,intrastate,0,Intrastate
Dominica,DMA,2021,15.414999,-61.370976,non_state,0,Non-state
Dominica,DMA,2021,15.414999,-61.370976,one_sided_violence,0,One-sided violence
Dominica,DMA,2022,15.414999,-61.370976,interstate,0,Interstate
Dominica,DMA,2022,15.414999,-61.370976,intrastate,0,Intrastate
Dominica,DMA,2022,15.414999,-61.370976,non_state,0,Non-state
Dominica,DMA,2022,15.414999,-61.370976,one_sided_violence,0,One-sided violence
Dominica,DMA,2023,15.414999,-61.370976,interstate,0,Interstate
Dominica,DMA,2023,15.414999,-61.370976,intrastate,0,Intrastate
Dominica,DMA,2023,15.414999,-61.370976,non_state,0,Non-state
Dominica,DMA,2023,15.414999,-61.370976,one_sided_violence,0,One-sided violence
Dominica,DMA,2024,15.414999,-61.370976,interstate,0,Interstate
Dominica,DMA,2024,15.414999,-61.370976,intrastate,0,Intrastate
Dominica,DMA,2024,15.414999,-61.370976,non_state,0,Non-state
Dominica,DMA,2024,15.414999,-61.370976,one_sided_violence,0,One-sided violence
Dominican Republic,DOM,2015,18.735693,-70.162651,interstate,0,Interstate
Dominican Republic,DOM,2015,18.735693,-70.162651,intrastate,0,Intrastate
Dominican Republic,DOM,2015,18.735693,-70.162651,non_state,0,Non-state
Dominican Republic,DOM,2015,18.735693,-70.162651,one_sided_violence,0,One-sided violence
Dominican Republic,DOM,2016,18.735693,-70.162651,interstate,0,Interstate
Dominican Republic,DOM,2016,18.735693,-70.162651,intrastate,0,Intrastate
Dominican Republic,DOM,2016,18.735693,-70.162651,non_state,0,Non-state
Dominican Republic,DOM,2016,18.735693,-70.162651,one_sided_violence,0,One-sided violence
Dominican Republic,DOM,2017,18.735693,-70.162651,interstate,0,Interstate
Dominican Republic,DOM,2017,18.735693,-70.162651,intrastate,0,Intrastate
Dominican Republic,DOM,2017,18.735693,-70.162651,non_state,0,Non-state
Dominican Republic,DOM,2017,18.735693,-70.162651,one_sided_violence,0,One-sided violence
Dominican Republic,DOM,2018,18.735693,-70.162651,interstate,0,Interstate
Dominican Republic,DOM,2018,18.735693,-70.162651,intrastate,0,Intrastate
Dominican Republic,DOM,2018,18.735693,-70.162651,non_state,0,Non-state
Dominican Republic,DOM,2018,18.735693,-70.162651,one_sided_violence,0,One-sided violence
Dominican Republic,DOM,2019,18.735693,-70.162651,interstate,0,Interstate
Dominican Republic,DOM,2019,18.735693,-70.162651,intrastate,0,Intrastate
Dominican Republic,DOM,2019,18.735693,-70.162651,non_state,0,Non-state
Dominican Republic,DOM,2019,18.735693,-70.162651,one_sided_violence,0,One-sided violence
Dominican Republic,DOM,2020,18.735693,-70.162651,interstate,0,Interstate
Dominican Republic,DOM,2020,18.735693,-70.162651,intrastate,0,Intrastate
Dominican Republic,DOM,2020,18.735693,-70.162651,non_state,0,Non-state
Dominican Republic,DOM,2020,18.735693,-70.162651,one_sided_violence,0,One-sided violence
Dominican Republic,DOM,2021,18.735693,-70.162651,interstate,0,Interstate
Dominican Republic,DOM,2021,18.735693,-70.162651,intrastate,0,Intrastate
Dominican Republic,DOM,2021,18.735693,-70.162651,non_state,0,Non-state
Dominican Republic,DOM,2021,18.735693,-70.162651,one_sided_violence,0,One-sided violence
Dominican Republic,DOM,2022,18.735693,-70.162651,interstate,0,Interstate
Dominican Republic,DOM,2022,18.735693,-70.162651,intrastate,0,Intrastate
Dominican Republic,DOM,2022,18.735693,-70.162651,non_state,0,Non-state
Dominican Republic,DOM,2022,18.735693,-70.162651,one_sided_violence,0,One-sided violence
Dominican Republic,DOM,2023,18.735693,-70.162651,interstate,0,Interstate
Dominican Republic,DOM,2023,18.735693,-70.162651,intrastate,0,Intrastate
Dominican Republic,DOM,2023,18.735693,-70.162651,non_state,0,Non-state
Dominican Republic,DOM,2023,18.735693,-70.162651,one_sided_violence,0,One-sided violence
Dominican Republic,DOM,2024,18.735693,-70.162651,interstate,0,Interstate
Dominican Republic,DOM,2024,18.735693,-70.162651,intrastate,0,Intrastate
Dominican Republic,DOM,2024,18.735693,-70.162651,non_state,0,Non-state
Dominican Republic,DOM,2024,18.735693,-70.162651,one_sided_violence,0,One-sided violence
East Timor,TLS,2015,-8.874217,125.727539,interstate,0,Interstate
East Timor,TLS,2015,-8.874217,125.727539,intrastate,0,Intrastate
East Timor,TLS,2015,-8.874217,125.727539,non_state,0,Non-state
East Timor,TLS,2015,-8.874217,125.727539,one_sided_violence,0,One-sided violence
East Timor,TLS,2016,-8.874217,125.727539,interstate,0,Interstate
East Timor,TLS,2016,-8.874217,125.727539,intrastate,0,Intrastate
East Timor,TLS,2016,-8.874217,125.727539,non_state,0,Non-state
East Timor,TLS,2016,-8.874217,125.727539,one_sided_violence,0,One-sided violence
East Timor,TLS,2017,-8.874217,125.727539,interstate,0,Interstate
East Timor,TLS,2017,-8.874217,125.727539,intrastate,0,Intrastate
East Timor,TLS,2017,-8.874217,125.727539,non_state,0,Non-state
East Timor,TLS,2017,-8.874217,125.727539,one_sided_violence,0,One-sided violence
East Timor,TLS,2018,-8.874217,125.727539,interstate,0,Interstate
East Timor,TLS,2018,-8.874217,125.727539,intrastate,0,Intrastate
East Timor,TLS,2018,-8.874217,125.727539,non_state,0,Non-state
East Timor,TLS,2018,-8.874217,125.727539,one_sided_violence,0,One-sided violence
East Timor,TLS,2019,-8.874217,125.727539,interstate,0,Interstate
East Timor,TLS,2019,-8.874217,125.727539,intrastate,0,Intrastate
East Timor,TLS,2019,-8.874217,125.727539,non_state,0,Non-state
East Timor,TLS,2019,-8.874217,125.727539,one_sided_violence,0,One-sided violence
East Timor,TLS,2020,-8.874217,125.727539,interstate,0,Interstate
East Timor,TLS,2020,-8.874217,125.727539,intrastate,0,Intrastate
East Timor,TLS,2020,-8.874217,125.727539,non_state,0,Non-state
East Timor,TLS,2020,-8.874217,125.727539,one_sided_violence,0,One-sided violence
East Timor,TLS,2021,-8.874217,125.727539,interstate,0,Interstate
East Timor,TLS,2021,-8.874217,125.727539,intrastate,0,Intrastate
East Timor,TLS,2021,-8.874217,125.727539,non_state,0,Non-state
East Timor,TLS,2021,-8.874217,125.727539,one_sided_violence,0,One-sided violence
East Timor,TLS,2022,-8.874217,125.727539,interstate,0,Interstate
East Timor,TLS,2022,-8.874217,125.727539,intrastate,0,Intrastate
East Timor,TLS,2022,-8.874217,125.727539,non_state,0,Non-state
East Timor,TLS,2022,-8.874217,125.727539,one_sided_violence,0,One-sided violence
East Timor,TLS,2023,-8.874217,125.727539,interstate,0,Interstate
East Timor,TLS,2023,-8.874217,125.727539,intrastate,0,Intrastate
East Timor,TLS,2023,-8.874217,125.727539,non_state,0,Non-state
East Timor,TLS,2023,-8.874217,125.727539,one_sided_violence,0,One-sided violence
East Timor,TLS,2024,-8.874217,125.727539,interstate,0,Interstate
East Timor,TLS,2024,-8.874217,125.727539,intrastate,0,Intrastate
East Timor,TLS,2024,-8.874217,125.727539,non_state,0,Non-state
East Timor,TLS,2024,-8.874217,125.727539,one_sided_violence,0,One-sided violence
Ecuador,ECU,2015,-1.831239,-78.183406,interstate,0,Interstate
Ecuador,ECU,2015,-1.831239,-78.183406,intrastate,0,Intrastate
Ecuador,ECU,2015,-1.831239,-78.183406,non_state,0,Non-state
Ecuador,ECU,2015,-1.831239,-78.183406,one_sided_violence,0,One-sided violence
Ecuador,ECU,2016,-1.831239,-78.183406,interstate,0,Interstate
Ecuador,ECU,2016,-1.831239,-78.183406,intrastate,0,Intrastate
Ecuador,ECU,2016,-1.831239,-78.183406,non_state,0,Non-state
Ecuador,ECU,2016,-1.831239,-78.183406,one_sided_violence,0,One-sided violence
Ecuador,ECU,2017,-1.831239,-78.183406,interstate,0,Interstate
Ecuador,ECU,2017,-1.831239,-78.183406,intrastate,0,Intrastate
Ecuador,ECU,2017,-1.831239,-78.183406,non_state,0,Non-state
Ecuador,ECU,2017,-1.831239,-78.183406,one_sided_violence,0,One-sided violence
Ecuador,ECU,2018,-1.831239,-78.183406,interstate,0,Interstate
Ecuador,ECU,2018,-1.831239,-78.183406,intrastate,0,Intrastate
Ecuador,ECU,2018,-1.831239,-78.183406,non_state,0,Non-state
Ecuador,ECU,2018,-1.831239,-78.183406,one_sided_violence,0,One-sided violence
Ecuador,ECU,2019,-1.831239,-78.183406,interstate,0,Interstate
Ecuador,ECU,2019,-1.831239,-78.183406,intrastate,2,Intrastate
Ecuador,ECU,2019,-1.831239,-78.183406,non_state,0,Non-state
Ecuador,ECU,2019,-1.831239,-78.183406,one_sided_violence,0,One-sided violence
Ecuador,ECU,2020,-1.831239,-78.183406,interstate,0,Interstate
Ecuador,ECU,2020,-1.831239,-78.183406,intrastate,0,Intrastate
Ecuador,ECU,2020,-1.831239,-78.183406,non_state,0,Non-state
Ecuador,ECU,2020,-1.831239,-78.183406,one_sided_violence,0,One-sided violence
Ecuador,ECU,2021,-1.831239,-78.183406,interstate,0,Interstate
Ecuador,ECU,2021,-1.831239,-78.183406,intrastate,0,Intrastate
Ecuador,ECU,2021,-1.831239,-78.183406,non_state,291,Non-state
Ecuador,ECU,2021,-1.831239,-78.183406,one_sided_violence,0,One-sided violence
Ecuador,ECU,2022,-1.831239,-78.183406,interstate,0,Interstate
Ecuador,ECU,2022,-1.831239,-78.183406,intrastate,0,Intrastate
Ecuador,ECU,2022,-1.831239,-78.183406,non_state,114,Non-state
Ecuador,ECU,2022,-1.831239,-78.183406,one_sided_violence,4,One-sided violence
Ecuador,ECU,2023,-1.831239,-78.183406,interstate,0,Interstate
Ecuador,ECU,2023,-1.831239,-78.183406,intrastate,0,Intrastate
Ecuador,ECU,2023,-1.831239,-78.183406,non_state,536,Non-state
Ecuador,ECU,2023,-1.831239,-78.183406,one_sided_violence,0,One-sided violence
Ecuador,ECU,2024,-1.831239,-78.183406,interstate,0,Interstate
Ecuador,ECU,2024,-1.831239,-78.183406,intrastate,0,Intrastate
Ecuador,ECU,2024,-1.831239,-78.183406,non_state,261,Non-state
Ecuador,ECU,2024,-1.831239,-78.183406,one_sided_violence,0,One-sided violence
Egypt,EGY,2015,26.820553,30.802498,interstate,0,Interstate
Egypt,EGY,2015,26.820553,30.802498,intrastate,767,Intrastate
Egypt,EGY,2015,26.820553,30.802498,non_state,0,Non-state
Egypt,EGY,2015,26.820553,30.802498,one_sided_violence,224,One-sided violence
Egypt,EGY,2016,26.820553,30.802498,interstate,0,Interstate
Egypt,EGY,2016,26.820553,30.802498,intrastate,355,Intrastate
Egypt,EGY,2016,26.820553,30.802498,non_state,0,Non-state
Egypt,EGY,2016,26.820553,30.802498,one_sided_violence,36,One-sided violence
Egypt,EGY,2017,26.820553,30.802498,interstate,0,Interstate
Egypt,EGY,2017,26.820553,30.802498,intrastate,497,Intrastate
Egypt,EGY,2017,26.820553,30.802498,non_state,0,Non-state
Egypt,EGY,2017,26.820553,30.802498,one_sided_violence,405,One-sided violence
Egypt,EGY,2018,26.820553,30.802498,interstate,0,Interstate
Egypt,EGY,2018,26.820553,30.802498,intrastate,680,Intrastate
Egypt,EGY,2018,26.820553,30.802498,non_state,0,Non-state
Egypt,EGY,2018,26.820553,30.802498,one_sided_violence,8,One-sided violence
Egypt,EGY,2019,26.820553,30.802498,interstate,0,Interstate
Egypt,EGY,2019,26.820553,30.802498,intrastate,637,Intrastate
Egypt,EGY,2019,26.820553,30.802498,non_state,0,Non-state
Egypt,EGY,2019,26.820553,30.802498,one_sided_violence,27,One-sided violence
Egypt,EGY,2020,26.820553,30.802498,interstate,0,Interstate
Egypt,EGY,2020,26.820553,30.802498,intrastate,527,Intrastate
Egypt,EGY,2020,26.820553,30.802498,non_state,0,Non-state
Egypt,EGY,2020,26.820553,30.802498,one_sided_violence,19,One-sided violence
Egypt,EGY,2021,26.820553,30.802498,interstate,0,Interstate
Egypt,EGY,2021,26.820553,30.802498,intrastate,112,Intrastate
Egypt,EGY,2021,26.820553,30.802498,non_state,0,Non-state
Egypt,EGY,2021,26.820553,30.802498,one_sided_violence,12,One-sided violence
Egypt,EGY,2022,26.820553,30.802498,interstate,0,Interstate
Egypt,EGY,2022,26.820553,30.802498,intrastate,231,Intrastate
Egypt,EGY,2022,26.820553,30.802498,non_state,0,Non-state
Egypt,EGY,2022,26.820553,30.802498,one_sided_violence,5,One-sided violence
Egypt,EGY,2023,26.820553,30.802498,interstate,0,Interstate
Egypt,EGY,2023,26.820553,30.802498,intrastate,0,Intrastate
Egypt,EGY,2023,26.820553,30.802498,non_state,0,Non-state
Egypt,EGY,2023,26.820553,30.802498,one_sided_violence,0,One-sided violence
Egypt,EGY,2024,26.820553,30.802498,interstate,0,Interstate
Egypt,EGY,2024,26.820553,30.802498,intrastate,0,Intrastate
Egypt,EGY,2024,26.820553,30.802498,non_state,0,Non-state
Egypt,EGY,2024,26.820553,30.802498,one_sided_violence,0,One-sided violence
El Salvador,SLV,2015,13.794185,-88.89653,interstate,0,Interstate
El Salvador,SLV,2015,13.794185,-88.89653,intrastate,0,Intrastate
El Salvador,SLV,2015,13.794185,-88.89653,non_state,0,Non-state
El Salvador,SLV,2015,13.794185,-88.89653,one_sided_violence,0,One-sided violence
El Salvador,SLV,2016,13.794185,-88.89653,interstate,0,Interstate
El Salvador,SLV,2016,13.794185,-88.89653,intrastate,0,Intrastate
El Salvador,SLV,2016,13.794185,-88.89653,non_state,0,Non-state
El Salvador,SLV,2016,13.794185,-88.89653,one_sided_violence,0,One-sided violence
El Salvador,SLV,2017,13.794185,-88.89653,interstate,0,Interstate
El Salvador,SLV,2017,13.794185,-88.89653,intrastate,0,Intrastate
El Salvador,SLV,2017,13.794185,-88.89653,non_state,0,Non-state
El Salvador,SLV,2017,13.794185,-88.89653,one_sided_violence,0,One-sided violence
El Salvador,SLV,2018,13.794185,-88.89653,interstate,0,Interstate
El Salvador,SLV,2018,13.794185,-88.89653,intrastate,0,Intrastate
El Salvador,SLV,2018,13.794185,-88.89653,non_state,0,Non-state
El Salvador,SLV,2018,13.794185,-88.89653,one_sided_violence,0,One-sided violence
El Salvador,SLV,2019,13.794185,-88.89653,interstate,0,Interstate
El Salvador,SLV,2019,13.794185,-88.89653,intrastate,0,Intrastate
El Salvador,SLV,2019,13.794185,-88.89653,non_state,0,Non-state
El Salvador,SLV,2019,13.794185,-88.89653,one_sided_violence,0,One-sided violence
El Salvador,SLV,2020,13.794185,-88.89653,interstate,0,Interstate
El Salvador,SLV,2020,13.794185,-88.89653,intrastate,0,Intrastate
El Salvador,SLV,2020,13.794185,-88.89653,non_state,0,Non-state
El Salvador,SLV,2020,13.794185,-88.89653,one_sided_violence,0,One-sided violence
El Salvador,SLV,2021,13.794185,-88.89653,interstate,0,Interstate
El Salvador,SLV,2021,13.794185,-88.89653,intrastate,0,Intrastate
El Salvador,SLV,2021,13.794185,-88.89653,non_state,0,Non-state
El Salvador,SLV,2021,13.794185,-88.89653,one_sided_violence,0,One-sided violence
El Salvador,SLV,2022,13.794185,-88.89653,interstate,0,Interstate
El Salvador,SLV,2022,13.794185,-88.89653,intrastate,0,Intrastate
El Salvador,SLV,2022,13.794185,-88.89653,non_state,0,Non-state
El Salvador,SLV,2022,13.794185,-88.89653,one_sided_violence,88,One-sided violence
El Salvador,SLV,2023,13.794185,-88.89653,interstate,0,Interstate
El Salvador,SLV,2023,13.794185,-88.89653,intrastate,0,Intrastate
El Salvador,SLV,2023,13.794185,-88.89653,non_state,0,Non-state
El Salvador,SLV,2023,13.794185,-88.89653,one_sided_violence,0,One-sided violence
El Salvador,SLV,2024,13.794185,-88.89653,interstate,0,Interstate
El Salvador,SLV,2024,13.794185,-88.89653,intrastate,0,Intrastate
El Salvador,SLV,2024,13.794185,-88.89653,non_state,0,Non-state
El Salvador,SLV,2024,13.794185,-88.89653,one_sided_violence,0,One-sided violence
Equatorial Guinea,GNQ,2015,1.650801,10.267895,interstate,0,Interstate
Equatorial Guinea,GNQ,2015,1.650801,10.267895,intrastate,0,Intrastate
Equatorial Guinea,GNQ,2015,1.650801,10.267895,non_state,0,Non-state
Equatorial Guinea,GNQ,2015,1.650801,10.267895,one_sided_violence,0,One-sided violence
Equatorial Guinea,GNQ,2016,1.650801,10.267895,interstate,0,Interstate
Equatorial Guinea,GNQ,2016,1.650801,10.267895,intrastate,0,Intrastate
Equatorial Guinea,GNQ,2016,1.650801,10.267895,non_state,0,Non-state
Equatorial Guinea,GNQ,2016,1.650801,10.267895,one_sided_violence,0,One-sided violence
Equatorial Guinea,GNQ,2017,1.650801,10.267895,interstate,0,Interstate
Equatorial Guinea,GNQ,2017,1.650801,10.267895,intrastate,0,Intrastate
Equatorial Guinea,GNQ,2017,1.650801,10.267895,non_state,0,Non-state
Equatorial Guinea,GNQ,2017,1.650801,10.267895,one_sided_violence,0,One-sided violence
Equatorial Guinea,GNQ,2018,1.650801,10.267895,interstate,0,Interstate
Equatorial Guinea,GNQ,2018,1.650801,10.267895,intrastate,0,Intrastate
Equatorial Guinea,GNQ,2018,1.650801,10.267895,non_state,0,Non-state
Equatorial Guinea,GNQ,2018,1.650801,10.267895,one_sided_violence,0,One-sided violence
Equatorial Guinea,GNQ,2019,1.650801,10.267895,interstate,0,Interstate
Equatorial Guinea,GNQ,2019,1.650801,10.267895,intrastate,0,Intrastate
Equatorial Guinea,GNQ,2019,1.650801,10.267895,non_state,0,Non-state
Equatorial Guinea,GNQ,2019,1.650801,10.267895,one_sided_violence,0,One-sided violence
Equatorial Guinea,GNQ,2020,1.650801,10.267895,interstate,0,Interstate
Equatorial Guinea,GNQ,2020,1.650801,10.267895,intrastate,0,Intrastate
Equatorial Guinea,GNQ,2020,1.650801,10.267895,non_state,0,Non-state
Equatorial Guinea,GNQ,2020,1.650801,10.267895,one_sided_violence,0,One-sided violence
Equatorial Guinea,GNQ,2021,1.650801,10.267895,interstate,0,Interstate
Equatorial Guinea,GNQ,2021,1.650801,10.267895,intrastate,0,Intrastate
Equatorial Guinea,GNQ,2021,1.650801,10.267895,non_state,0,Non-state
Equatorial Guinea,GNQ,2021,1.650801,10.267895,one_sided_violence,0,One-sided violence
Equatorial Guinea,GNQ,2022,1.650801,10.267895,interstate,0,Interstate
Equatorial Guinea,GNQ,2022,1.650801,10.267895,intrastate,0,Intrastate
Equatorial Guinea,GNQ,2022,1.650801,10.267895,non_state,0,Non-state
Equatorial Guinea,GNQ,2022,1.650801,10.267895,one_sided_violence,0,One-sided violence
Equatorial Guinea,GNQ,2023,1.650801,10.267895,interstate,0,Interstate
Equatorial Guinea,GNQ,2023,1.650801,10.267895,intrastate,0,Intrastate
Equatorial Guinea,GNQ,2023,1.650801,10.267895,non_state,0,Non-state
Equatorial Guinea,GNQ,2023,1.650801,10.267895,one_sided_violence,0,One-sided violence
Equatorial Guinea,GNQ,2024,1.650801,10.267895,interstate,0,Interstate
Equatorial Guinea,GNQ,2024,1.650801,10.267895,intrastate,0,Intrastate
Equatorial Guinea,GNQ,2024,1.650801,10.267895,non_state,0,Non-state
Equatorial Guinea,GNQ,2024,1.650801,10.267895,one_sided_violence,0,One-sided violence
Eritrea,ERI,2015,15.179384,39.782334,interstate,0,Interstate
Eritrea,ERI,2015,15.179384,39.782334,intrastate,0,Intrastate
Eritrea,ERI,2015,15.179384,39.782334,non_state,0,Non-state
Eritrea,ERI,2015,15.179384,39.782334,one_sided_violence,0,One-sided violence
Eritrea,ERI,2016,15.179384,39.782334,interstate,0,Interstate
Eritrea,ERI,2016,15.179384,39.782334,intrastate,0,Intrastate
Eritrea,ERI,2016,15.179384,39.782334,non_state,0,Non-state
Eritrea,ERI,2016,15.179384,39.782334,one_sided_violence,0,One-sided violence
Eritrea,ERI,2017,15.179384,39.782334,interstate,0,Interstate
Eritrea,ERI,2017,15.179384,39.782334,intrastate,0,Intrastate
Eritrea,ERI,2017,15.179384,39.782334,non_state,0,Non-state
Eritrea,ERI,2017,15.179384,39.782334,one_sided_violence,0,One-sided violence
Eritrea,ERI,2018,15.179384,39.782334,interstate,0,Interstate
Eritrea,ERI,2018,15.179384,39.782334,intrastate,0,Intrastate
Eritrea,ERI,2018,15.179384,39.782334,non_state,0,Non-state
Eritrea,ERI,2018,15.179384,39.782334,one_sided_violence,0,One-sided violence
Eritrea,ERI,2019,15.179384,39.782334,interstate,0,Interstate
Eritrea,ERI,2019,15.179384,39.782334,intrastate,0,Intrastate
Eritrea,ERI,2019,15.179384,39.782334,non_state,0,Non-state
Eritrea,ERI,2019,15.179384,39.782334,one_sided_violence,0,One-sided violence
Eritrea,ERI,2020,15.179384,39.782334,interstate,0,Interstate
Eritrea,ERI,2020,15.179384,39.782334,intrastate,0,Intrastate
Eritrea,ERI,2020,15.179384,39.782334,non_state,0,Non-state
Eritrea,ERI,2020,15.179384,39.782334,one_sided_violence,0,One-sided violence
Eritrea,ERI,2021,15.179384,39.782334,interstate,0,Interstate
Eritrea,ERI,2021,15.179384,39.782334,intrastate,0,Intrastate
Eritrea,ERI,2021,15.179384,39.782334,non_state,0,Non-state
Eritrea,ERI,2021,15.179384,39.782334,one_sided_violence,30,One-sided violence
Eritrea,ERI,2022,15.179384,39.782334,interstate,0,Interstate
Eritrea,ERI,2022,15.179384,39.782334,intrastate,5,Intrastate
Eritrea,ERI,2022,15.179384,39.782334,non_state,0,Non-state
Eritrea,ERI,2022,15.179384,39.782334,one_sided_violence,0,One-sided violence
Eritrea,ERI,2023,15.179384,39.782334,interstate,0,Interstate
Eritrea,ERI,2023,15.179384,39.782334,intrastate,0,Intrastate
Eritrea,ERI,2023,15.179384,39.782334,non_state,0,Non-state
Eritrea,ERI,2023,15.179384,39.782334,one_sided_violence,0,One-sided violence
Eritrea,ERI,2024,15.179384,39.782334,interstate,0,Interstate
Eritrea,ERI,2024,15.179384,39.782334,intrastate,0,Intrastate
Eritrea,ERI,2024,15.179384,39.782334,non_state,0,Non-state
Eritrea,ERI,2024,15.179384,39.782334,one_sided_violence,0,One-sided violence
Estonia,EST,2015,58.595272,25.013607,interstate,0,Interstate
Estonia,EST,2015,58.595272,25.013607,intrastate,0,Intrastate
Estonia,EST,2015,58.595272,25.013607,non_state,0,Non-state
Estonia,EST,2015,58.595272,25.013607,one_sided_violence,0,One-sided violence
Estonia,EST,2016,58.595272,25.013607,interstate,0,Interstate
Estonia,EST,2016,58.595272,25.013607,intrastate,0,Intrastate
Estonia,EST,2016,58.595272,25.013607,non_state,0,Non-state
Estonia,EST,2016,58.595272,25.013607,one_sided_violence,0,One-sided violence
Estonia,EST,2017,58.595272,25.013607,interstate,0,Interstate
Estonia,EST,2017,58.595272,25.013607,intrastate,0,Intrastate
Estonia,EST,2017,58.595272,25.013607,non_state,0,Non-state
Estonia,EST,2017,58.595272,25.013607,one_sided_violence,0,One-sided violence
Estonia,EST,2018,58.595272,25.013607,interstate,0,Interstate
Estonia,EST,2018,58.595272,25.013607,intrastate,0,Intrastate
Estonia,EST,2018,58.595272,25.013607,non_state,0,Non-state
Estonia,EST,2018,58.595272,25.013607,one_sided_violence,0,One-sided violence
Estonia,EST,2019,58.595272,25.013607,interstate,0,Interstate
Estonia,EST,2019,58.595272,25.013607,intrastate,0,Intrastate
Estonia,EST,2019,58.595272,25.013607,non_state,0,Non-state
Estonia,EST,2019,58.595272,25.013607,one_sided_violence,0,One-sided violence
Estonia,EST,2020,58.595272,25.013607,interstate,0,Interstate
Estonia,EST,2020,58.595272,25.013607,intrastate,0,Intrastate
Estonia,EST,2020,58.595272,25.013607,non_state,0,Non-state
Estonia,EST,2020,58.595272,25.013607,one_sided_violence,0,One-sided violence
Estonia,EST,2021,58.595272,25.013607,interstate,0,Interstate
Estonia,EST,2021,58.595272,25.013607,intrastate,0,Intrastate
Estonia,EST,2021,58.595272,25.013607,non_state,0,Non-state
Estonia,EST,2021,58.595272,25.013607,one_sided_violence,0,One-sided violence
Estonia,EST,2022,58.595272,25.013607,interstate,0,Interstate
Estonia,EST,2022,58.595272,25.013607,intrastate,0,Intrastate
Estonia,EST,2022,58.595272,25.013607,non_state,0,Non-state
Estonia,EST,2022,58.595272,25.013607,one_sided_violence,0,One-sided violence
Estonia,EST,2023,58.595272,25.013607,interstate,0,Interstate
Estonia,EST,2023,58.595272,25.013607,intrastate,0,Intrastate
Estonia,EST,2023,58.595272,25.013607,non_state,0,Non-state
Estonia,EST,2023,58.595272,25.013607,one_sided_violence,0,One-sided violence
Estonia,EST,2024,58.595272,25.013607,interstate,0,Interstate
Estonia,EST,2024,58.595272,25.013607,intrastate,0,Intrastate
Estonia,EST,2024,58.595272,25.013607,non_state,0,Non-state
Estonia,EST,2024,58.595272,25.013607,one_sided_violence,0,One-sided violence
Eswatini,SWZ,2015,-26.522503,31.465866,interstate,0,Interstate
Eswatini,SWZ,2015,-26.522503,31.465866,intrastate,0,Intrastate
Eswatini,SWZ,2015,-26.522503,31.465866,non_state,0,Non-state
Eswatini,SWZ,2015,-26.522503,31.465866,one_sided_violence,0,One-sided violence
Eswatini,SWZ,2016,-26.522503,31.465866,interstate,0,Interstate
Eswatini,SWZ,2016,-26.522503,31.465866,intrastate,0,Intrastate
Eswatini,SWZ,2016,-26.522503,31.465866,non_state,0,Non-state
Eswatini,SWZ,2016,-26.522503,31.465866,one_sided_violence,0,One-sided violence
Eswatini,SWZ,2017,-26.522503,31.465866,interstate,0,Interstate
Eswatini,SWZ,2017,-26.522503,31.465866,intrastate,0,Intrastate
Eswatini,SWZ,2017,-26.522503,31.465866,non_state,0,Non-state
Eswatini,SWZ,2017,-26.522503,31.465866,one_sided_violence,0,One-sided violence
Eswatini,SWZ,2018,-26.522503,31.465866,interstate,0,Interstate
Eswatini,SWZ,2018,-26.522503,31.465866,intrastate,0,Intrastate
Eswatini,SWZ,2018,-26.522503,31.465866,non_state,0,Non-state
Eswatini,SWZ,2018,-26.522503,31.465866,one_sided_violence,0,One-sided violence
Eswatini,SWZ,2019,-26.522503,31.465866,interstate,0,Interstate
Eswatini,SWZ,2019,-26.522503,31.465866,intrastate,0,Intrastate
Eswatini,SWZ,2019,-26.522503,31.465866,non_state,0,Non-state
Eswatini,SWZ,2019,-26.522503,31.465866,one_sided_violence,0,One-sided violence
Eswatini,SWZ,2020,-26.522503,31.465866,interstate,0,Interstate
Eswatini,SWZ,2020,-26.522503,31.465866,intrastate,0,Intrastate
Eswatini,SWZ,2020,-26.522503,31.465866,non_state,0,Non-state
Eswatini,SWZ,2020,-26.522503,31.465866,one_sided_violence,0,One-sided violence
Eswatini,SWZ,2021,-26.522503,31.465866,interstate,0,Interstate
Eswatini,SWZ,2021,-26.522503,31.465866,intrastate,0,Intrastate
Eswatini,SWZ,2021,-26.522503,31.465866,non_state,0,Non-state
Eswatini,SWZ,2021,-26.522503,31.465866,one_sided_violence,48,One-sided violence
Eswatini,SWZ,2022,-26.522503,31.465866,interstate,0,Interstate
Eswatini,SWZ,2022,-26.522503,31.465866,intrastate,0,Intrastate
Eswatini,SWZ,2022,-26.522503,31.465866,non_state,0,Non-state
Eswatini,SWZ,2022,-26.522503,31.465866,one_sided_violence,0,One-sided violence
Eswatini,SWZ,2023,-26.522503,31.465866,interstate,0,Interstate
Eswatini,SWZ,2023,-26.522503,31.465866,intrastate,0,Intrastate
Eswatini,SWZ,2023,-26.522503,31.465866,non_state,0,Non-state
Eswatini,SWZ,2023,-26.522503,31.465866,one_sided_violence,0,One-sided violence
Eswatini,SWZ,2024,-26.522503,31.465866,interstate,0,Interstate
Eswatini,SWZ,2024,-26.522503,31.465866,intrastate,0,Intrastate
Eswatini,SWZ,2024,-26.522503,31.465866,non_state,0,Non-state
Eswatini,SWZ,2024,-26.522503,31.465866,one_sided_violence,0,One-sided violence
Ethiopia,ETH,2015,9.145,40.489673,interstate,0,Interstate
Ethiopia,ETH,2015,9.145,40.489673,intrastate,49,Intrastate
Ethiopia,ETH,2015,9.145,40.489673,non_state,0,Non-state
Ethiopia,ETH,2015,9.145,40.489673,one_sided_violence,258,One-sided violence
Ethiopia,ETH,2016,9.145,40.489673,interstate,25,Interstate
Ethiopia,ETH,2016,9.145,40.489673,intrastate,50,Intrastate
Ethiopia,ETH,2016,9.145,40.489673,non_state,178,Non-state
Ethiopia,ETH,2016,9.145,40.489673,one_sided_violence,301,One-sided violence
Ethiopia,ETH,2017,9.145,40.489673,interstate,0,Interstate
Ethiopia,ETH,2017,9.145,40.489673,intrastate,0,Intrastate
Ethiopia,ETH,2017,9.145,40.489673,non_state,276,Non-state
Ethiopia,ETH,2017,9.145,40.489673,one_sided_violence,173,One-sided violence
Ethiopia,ETH,2018,9.145,40.489673,interstate,0,Interstate
Ethiopia,ETH,2018,9.145,40.489673,intrastate,0,Intrastate
Ethiopia,ETH,2018,9.145,40.489673,non_state,471,Non-state
Ethiopia,ETH,2018,9.145,40.489673,one_sided_violence,186,One-sided violence
Ethiopia,ETH,2019,9.145,40.489673,interstate,0,Interstate
Ethiopia,ETH,2019,9.145,40.489673,intrastate,67,Intrastate
Ethiopia,ETH,2019,9.145,40.489673,non_state,206,Non-state
Ethiopia,ETH,2019,9.145,40.489673,one_sided_violence,141,One-sided violence
Ethiopia,ETH,2020,9.145,40.489673,interstate,0,Interstate
Ethiopia,ETH,2020,9.145,40.489673,intrastate,20916,Intrastate
Ethiopia,ETH,2020,9.145,40.489673,non_state,572,Non-state
Ethiopia,ETH,2020,9.145,40.489673,one_sided_violence,2930,One-sided violence
Ethiopia,ETH,2021,9.145,40.489673,interstate,0,Interstate
Ethiopia,ETH,2021,9.145,40.489673,intrastate,124550,Intrastate
Ethiopia,ETH,2021,9.145,40.489673,non_state,156,Non-state
Ethiopia,ETH,2021,9.145,40.489673,one_sided_violence,4775,One-sided violence
Ethiopia,ETH,2022,9.145,40.489673,interstate,0,Interstate
Ethiopia,ETH,2022,9.145,40.489673,intrastate,163207,Intrastate
Ethiopia,ETH,2022,9.145,40.489673,non_state,0,Non-state
Ethiopia,ETH,2022,9.145,40.489673,one_sided_violence,1784,One-sided violence
Ethiopia,ETH,2023,9.145,40.489673,interstate,0,Interstate
Ethiopia,ETH,2023,9.145,40.489673,intrastate,1688,Intrastate
Ethiopia,ETH,2023,9.145,40.489673,non_state,161,Non-state
Ethiopia,ETH,2023,9.145,40.489673,one_sided_violence,469,One-sided violence
Ethiopia,ETH,2024,9.145,40.489673,interstate,0,Interstate
Ethiopia,ETH,2024,9.145,40.489673,intrastate,2824,Intrastate
Ethiopia,ETH,2024,9.145,40.489673,non_state,202,Non-state
Ethiopia,ETH,2024,9.145,40.489673,one_sided_violence,1027,One-sided violence
Fiji,FJI,2015,-16.578193,179.414413,interstate,0,Interstate
Fiji,FJI,2015,-16.578193,179.414413,intrastate,0,Intrastate
Fiji,FJI,2015,-16.578193,179.414413,non_state,0,Non-state
Fiji,FJI,2015,-16.578193,179.414413,one_sided_violence,0,One-sided violence
Fiji,FJI,2016,-16.578193,179.414413,interstate,0,Interstate
Fiji,FJI,2016,-16.578193,179.414413,intrastate,0,Intrastate
Fiji,FJI,2016,-16.578193,179.414413,non_state,0,Non-state
Fiji,FJI,2016,-16.578193,179.414413,one_sided_violence,0,One-sided violence
Fiji,FJI,2017,-16.578193,179.414413,interstate,0,Interstate
Fiji,FJI,2017,-16.578193,179.414413,intrastate,0,Intrastate
Fiji,FJI,2017,-16.578193,179.414413,non_state,0,Non-state
Fiji,FJI,2017,-16.578193,179.414413,one_sided_violence,0,One-sided violence
Fiji,FJI,2018,-16.578193,179.414413,interstate,0,Interstate
Fiji,FJI,2018,-16.578193,179.414413,intrastate,0,Intrastate
Fiji,FJI,2018,-16.578193,179.414413,non_state,0,Non-state
Fiji,FJI,2018,-16.578193,179.414413,one_sided_violence,0,One-sided violence
Fiji,FJI,2019,-16.578193,179.414413,interstate,0,Interstate
Fiji,FJI,2019,-16.578193,179.414413,intrastate,0,Intrastate
Fiji,FJI,2019,-16.578193,179.414413,non_state,0,Non-state
Fiji,FJI,2019,-16.578193,179.414413,one_sided_violence,0,One-sided violence
Fiji,FJI,2020,-16.578193,179.414413,interstate,0,Interstate
Fiji,FJI,2020,-16.578193,179.414413,intrastate,0,Intrastate
Fiji,FJI,2020,-16.578193,179.414413,non_state,0,Non-state
Fiji,FJI,2020,-16.578193,179.414413,one_sided_violence,0,One-sided violence
Fiji,FJI,2021,-16.578193,179.414413,interstate,0,Interstate
Fiji,FJI,2021,-16.578193,179.414413,intrastate,0,Intrastate
Fiji,FJI,2021,-16.578193,179.414413,non_state,0,Non-state
Fiji,FJI,2021,-16.578193,179.414413,one_sided_violence,0,One-sided violence
Fiji,FJI,2022,-16.578193,179.414413,interstate,0,Interstate
Fiji,FJI,2022,-16.578193,179.414413,intrastate,0,Intrastate
Fiji,FJI,2022,-16.578193,179.414413,non_state,0,Non-state
Fiji,FJI,2022,-16.578193,179.414413,one_sided_violence,0,One-sided violence
Fiji,FJI,2023,-16.578193,179.414413,interstate,0,Interstate
Fiji,FJI,2023,-16.578193,179.414413,intrastate,0,Intrastate
Fiji,FJI,2023,-16.578193,179.414413,non_state,0,Non-state
Fiji,FJI,2023,-16.578193,179.414413,one_sided_violence,0,One-sided violence
Fiji,FJI,2024,-16.578193,179.414413,interstate,0,Interstate
Fiji,FJI,2024,-16.578193,179.414413,intrastate,0,Intrastate
Fiji,FJI,2024,-16.578193,179.414413,non_state,0,Non-state
Fiji,FJI,2024,-16.578193,179.414413,one_sided_violence,0,One-sided violence
Finland,FIN,2015,61.92411,25.748151,interstate,0,Interstate
Finland,FIN,2015,61.92411,25.748151,intrastate,0,Intrastate
Finland,FIN,2015,61.92411,25.748151,non_state,0,Non-state
Finland,FIN,2015,61.92411,25.748151,one_sided_violence,0,One-sided violence
Finland,FIN,2016,61.92411,25.748151,interstate,0,Interstate
Finland,FIN,2016,61.92411,25.748151,intrastate,0,Intrastate
Finland,FIN,2016,61.92411,25.748151,non_state,0,Non-state
Finland,FIN,2016,61.92411,25.748151,one_sided_violence,0,One-sided violence
Finland,FIN,2017,61.92411,25.748151,interstate,0,Interstate
Finland,FIN,2017,61.92411,25.748151,intrastate,0,Intrastate
Finland,FIN,2017,61.92411,25.748151,non_state,0,Non-state
Finland,FIN,2017,61.92411,25.748151,one_sided_violence,0,One-sided violence
Finland,FIN,2018,61.92411,25.748151,interstate,0,Interstate
Finland,FIN,2018,61.92411,25.748151,intrastate,0,Intrastate
Finland,FIN,2018,61.92411,25.748151,non_state,0,Non-state
Finland,FIN,2018,61.92411,25.748151,one_sided_violence,0,One-sided violence
Finland,FIN,2019,61.92411,25.748151,interstate,0,Interstate
Finland,FIN,2019,61.92411,25.748151,intrastate,0,Intrastate
Finland,FIN,2019,61.92411,25.748151,non_state,0,Non-state
Finland,FIN,2019,61.92411,25.748151,one_sided_violence,0,One-sided violence
Finland,FIN,2020,61.92411,25.748151,interstate,0,Interstate
Finland,FIN,2020,61.92411,25.748151,intrastate,0,Intrastate
Finland,FIN,2020,61.92411,25.748151,non_state,0,Non-state
Finland,FIN,2020,61.92411,25.748151,one_sided_violence,0,One-sided violence
Finland,FIN,2021,61.92411,25.748151,interstate,0,Interstate
Finland,FIN,2021,61.92411,25.748151,intrastate,0,Intrastate
Finland,FIN,2021,61.92411,25.748151,non_state,0,Non-state
Finland,FIN,2021,61.92411,25.748151,one_sided_violence,0,One-sided violence
Finland,FIN,2022,61.92411,25.748151,interstate,0,Interstate
Finland,FIN,2022,61.92411,25.748151,intrastate,0,Intrastate
Finland,FIN,2022,61.92411,25.748151,non_state,0,Non-state
Finland,FIN,2022,61.92411,25.748151,one_sided_violence,0,One-sided violence
Finland,FIN,2023,61.92411,25.748151,interstate,0,Interstate
Finland,FIN,2023,61.92411,25.748151,intrastate,0,Intrastate
Finland,FIN,2023,61.92411,25.748151,non_state,0,Non-state
Finland,FIN,2023,61.92411,25.748151,one_sided_violence,0,One-sided violence
Finland,FIN,2024,61.92411,25.748151,interstate,0,Interstate
Finland,FIN,2024,61.92411,25.748151,intrastate,0,Intrastate
Finland,FIN,2024,61.92411,25.748151,non_state,0,Non-state
Finland,FIN,2024,61.92411,25.748151,one_sided_violence,0,One-sided violence
France,FRA,2015,46.227638,2.213749,interstate,0,Interstate
France,FRA,2015,46.227638,2.213749,intrastate,3,Intrastate
France,FRA,2015,46.227638,2.213749,non_state,0,Non-state
France,FRA,2015,46.227638,2.213749,one_sided_violence,130,One-sided violence
France,FRA,2016,46.227638,2.213749,interstate,0,Interstate
France,FRA,2016,46.227638,2.213749,intrastate,0,Intrastate
France,FRA,2016,46.227638,2.213749,non_state,0,Non-state
France,FRA,2016,46.227638,2.213749,one_sided_violence,87,One-sided violence
France,FRA,2017,46.227638,2.213749,interstate,0,Interstate
France,FRA,2017,46.227638,2.213749,intrastate,2,Intrastate
France,FRA,2017,46.227638,2.213749,non_state,0,Non-state
France,FRA,2017,46.227638,2.213749,one_sided_violence,0,One-sided violence
France,FRA,2018,46.227638,2.213749,interstate,0,Interstate
France,FRA,2018,46.227638,2.213749,intrastate,4,Intrastate
France,FRA,2018,46.227638,2.213749,non_state,0,Non-state
France,FRA,2018,46.227638,2.213749,one_sided_violence,9,One-sided violence
France,FRA,2019,46.227638,2.213749,interstate,0,Interstate
France,FRA,2019,46.227638,2.213749,intrastate,0,Intrastate
France,FRA,2019,46.227638,2.213749,non_state,0,Non-state
France,FRA,2019,46.227638,2.213749,one_sided_violence,0,One-sided violence
France,FRA,2020,46.227638,2.213749,interstate,0,Interstate
France,FRA,2020,46.227638,2.213749,intrastate,0,Intrastate
France,FRA,2020,46.227638,2.213749,non_state,0,Non-state
France,FRA,2020,46.227638,2.213749,one_sided_violence,0,One-sided violence
France,FRA,2021,46.227638,2.213749,interstate,0,Interstate
France,FRA,2021,46.227638,2.213749,intrastate,0,Intrastate
France,FRA,2021,46.227638,2.213749,non_state,0,Non-state
France,FRA,2021,46.227638,2.213749,one_sided_violence,0,One-sided violence
France,FRA,2022,46.227638,2.213749,interstate,0,Interstate
France,FRA,2022,46.227638,2.213749,intrastate,0,Intrastate
France,FRA,2022,46.227638,2.213749,non_state,0,Non-state
France,FRA,2022,46.227638,2.213749,one_sided_violence,0,One-sided violence
France,FRA,2023,46.227638,2.213749,interstate,0,Interstate
France,FRA,2023,46.227638,2.213749,intrastate,0,Intrastate
France,FRA,2023,46.227638,2.213749,non_state,47,Non-state
France,FRA,2023,46.227638,2.213749,one_sided_violence,1,One-sided violence
France,FRA,2024,46.227638,2.213749,interstate,0,Interstate
France,FRA,2024,46.227638,2.213749,intrastate,0,Intrastate
France,FRA,2024,46.227638,2.213749,non_state,0,Non-state
France,FRA,2024,46.227638,2.213749,one_sided_violence,0,One-sided violence
Gabon,GAB,2015,-0.803689,11.609444,interstate,0,Interstate
Gabon,GAB,2015,-0.803689,11.609444,intrastate,0,Intrastate
Gabon,GAB,2015,-0.803689,11.609444,non_state,0,Non-state
Gabon,GAB,2015,-0.803689,11.609444,one_sided_violence,0,One-sided violence
Gabon,GAB,2016,-0.803689,11.609444,interstate,0,Interstate
Gabon,GAB,2016,-0.803689,11.609444,intrastate,0,Intrastate
Gabon,GAB,2016,-0.803689,11.609444,non_state,0,Non-state
Gabon,GAB,2016,-0.803689,11.609444,one_sided_violence,0,One-sided violence
Gabon,GAB,2017,-0.803689,11.609444,interstate,0,Interstate
Gabon,GAB,2017,-0.803689,11.609444,intrastate,0,Intrastate
Gabon,GAB,2017,-0.803689,11.609444,non_state,0,Non-state
Gabon,GAB,2017,-0.803689,11.609444,one_sided_violence,0,One-sided violence
Gabon,GAB,2018,-0.803689,11.609444,interstate,0,Interstate
Gabon,GAB,2018,-0.803689,11.609444,intrastate,0,Intrastate
Gabon,GAB,2018,-0.803689,11.609444,non_state,0,Non-state
Gabon,GAB,2018,-0.803689,11.609444,one_sided_violence,0,One-sided violence
Gabon,GAB,2019,-0.803689,11.609444,interstate,0,Interstate
Gabon,GAB,2019,-0.803689,11.609444,intrastate,0,Intrastate
Gabon,GAB,2019,-0.803689,11.609444,non_state,0,Non-state
Gabon,GAB,2019,-0.803689,11.609444,one_sided_violence,0,One-sided violence
Gabon,GAB,2020,-0.803689,11.609444,interstate,0,Interstate
Gabon,GAB,2020,-0.803689,11.609444,intrastate,0,Intrastate
Gabon,GAB,2020,-0.803689,11.609444,non_state,0,Non-state
Gabon,GAB,2020,-0.803689,11.609444,one_sided_violence,0,One-sided violence
Gabon,GAB,2021,-0.803689,11.609444,interstate,0,Interstate
Gabon,GAB,2021,-0.803689,11.609444,intrastate,0,Intrastate
Gabon,GAB,2021,-0.803689,11.609444,non_state,0,Non-state
Gabon,GAB,2021,-0.803689,11.609444,one_sided_violence,0,One-sided violence
Gabon,GAB,2022,-0.803689,11.609444,interstate,0,Interstate
Gabon,GAB,2022,-0.803689,11.609444,intrastate,0,Intrastate
Gabon,GAB,2022,-0.803689,11.609444,non_state,0,Non-state
Gabon,GAB,2022,-0.803689,11.609444,one_sided_violence,0,One-sided violence
Gabon,GAB,2023,-0.803689,11.609444,interstate,0,Interstate
Gabon,GAB,2023,-0.803689,11.609444,intrastate,0,Intrastate
Gabon,GAB,2023,-0.803689,11.609444,non_state,0,Non-state
Gabon,GAB,2023,-0.803689,11.609444,one_sided_violence,0,One-sided violence
Gabon,GAB,2024,-0.803689,11.609444,interstate,0,Interstate
Gabon,GAB,2024,-0.803689,11.609444,intrastate,0,Intrastate
Gabon,GAB,2024,-0.803689,11.609444,non_state,0,Non-state
Gabon,GAB,2024,-0.803689,11.609444,one_sided_violence,0,One-sided violence
Gambia,GMB,2015,13.443182,-15.310139,interstate,0,Interstate
Gambia,GMB,2015,13.443182,-15.310139,intrastate,0,Intrastate
Gambia,GMB,2015,13.443182,-15.310139,non_state,0,Non-state
Gambia,GMB,2015,13.443182,-15.310139,one_sided_violence,0,One-sided violence
Gambia,GMB,2016,13.443182,-15.310139,interstate,0,Interstate
Gambia,GMB,2016,13.443182,-15.310139,intrastate,0,Intrastate
Gambia,GMB,2016,13.443182,-15.310139,non_state,0,Non-state
Gambia,GMB,2016,13.443182,-15.310139,one_sided_violence,0,One-sided violence
Gambia,GMB,2017,13.443182,-15.310139,interstate,0,Interstate
Gambia,GMB,2017,13.443182,-15.310139,intrastate,0,Intrastate
Gambia,GMB,2017,13.443182,-15.310139,non_state,0,Non-state
Gambia,GMB,2017,13.443182,-15.310139,one_sided_violence,0,One-sided violence
Gambia,GMB,2018,13.443182,-15.310139,interstate,0,Interstate
Gambia,GMB,2018,13.443182,-15.310139,intrastate,0,Intrastate
Gambia,GMB,2018,13.443182,-15.310139,non_state,0,Non-state
Gambia,GMB,2018,13.443182,-15.310139,one_sided_violence,0,One-sided violence
Gambia,GMB,2019,13.443182,-15.310139,interstate,0,Interstate
Gambia,GMB,2019,13.443182,-15.310139,intrastate,0,Intrastate
Gambia,GMB,2019,13.443182,-15.310139,non_state,0,Non-state
Gambia,GMB,2019,13.443182,-15.310139,one_sided_violence,0,One-sided violence
Gambia,GMB,2020,13.443182,-15.310139,interstate,0,Interstate
Gambia,GMB,2020,13.443182,-15.310139,intrastate,0,Intrastate
Gambia,GMB,2020,13.443182,-15.310139,non_state,0,Non-state
Gambia,GMB,2020,13.443182,-15.310139,one_sided_violence,0,One-sided violence
Gambia,GMB,2021,13.443182,-15.310139,interstate,0,Interstate
Gambia,GMB,2021,13.443182,-15.310139,intrastate,0,Intrastate
Gambia,GMB,2021,13.443182,-15.310139,non_state,0,Non-state
Gambia,GMB,2021,13.443182,-15.310139,one_sided_violence,0,One-sided violence
Gambia,GMB,2022,13.443182,-15.310139,interstate,0,Interstate
Gambia,GMB,2022,13.443182,-15.310139,intrastate,0,Intrastate
Gambia,GMB,2022,13.443182,-15.310139,non_state,0,Non-state
Gambia,GMB,2022,13.443182,-15.310139,one_sided_violence,0,One-sided violence
Gambia,GMB,2023,13.443182,-15.310139,interstate,0,Interstate
Gambia,GMB,2023,13.443182,-15.310139,intrastate,0,Intrastate
Gambia,GMB,2023,13.443182,-15.310139,non_state,0,Non-state
Gambia,GMB,2023,13.443182,-15.310139,one_sided_violence,0,One-sided violence
Gambia,GMB,2024,13.443182,-15.310139,interstate,0,Interstate
Gambia,GMB,2024,13.443182,-15.310139,intrastate,0,Intrastate
Gambia,GMB,2024,13.443182,-15.310139,non_state,0,Non-state
Gambia,GMB,2024,13.443182,-15.310139,one_sided_violence,0,One-sided violence
Georgia,GEO,2015,42.315407,43.356892,interstate,0,Interstate
Georgia,GEO,2015,42.315407,43.356892,intrastate,0,Intrastate
Georgia,GEO,2015,42.315407,43.356892,non_state,0,Non-state
Georgia,GEO,2015,42.315407,43.356892,one_sided_violence,0,One-sided violence
Georgia,GEO,2016,42.315407,43.356892,interstate,0,Interstate
Georgia,GEO,2016,42.315407,43.356892,intrastate,0,Intrastate
Georgia,GEO,2016,42.315407,43.356892,non_state,0,Non-state
Georgia,GEO,2016,42.315407,43.356892,one_sided_violence,0,One-sided violence
Georgia,GEO,2017,42.315407,43.356892,interstate,0,Interstate
Georgia,GEO,2017,42.315407,43.356892,intrastate,0,Intrastate
Georgia,GEO,2017,42.315407,43.356892,non_state,0,Non-state
Georgia,GEO,2017,42.315407,43.356892,one_sided_violence,0,One-sided violence
Georgia,GEO,2018,42.315407,43.356892,interstate,0,Interstate
Georgia,GEO,2018,42.315407,43.356892,intrastate,0,Intrastate
Georgia,GEO,2018,42.315407,43.356892,non_state,0,Non-state
Georgia,GEO,2018,42.315407,43.356892,one_sided_violence,0,One-sided violence
Georgia,GEO,2019,42.315407,43.356892,interstate,0,Interstate
Georgia,GEO,2019,42.315407,43.356892,intrastate,0,Intrastate
Georgia,GEO,2019,42.315407,43.356892,non_state,0,Non-state
Georgia,GEO,2019,42.315407,43.356892,one_sided_violence,0,One-sided violence
Georgia,GEO,2020,42.315407,43.356892,interstate,0,Interstate
Georgia,GEO,2020,42.315407,43.356892,intrastate,0,Intrastate
Georgia,GEO,2020,42.315407,43.356892,non_state,0,Non-state
Georgia,GEO,2020,42.315407,43.356892,one_sided_violence,0,One-sided violence
Georgia,GEO,2021,42.315407,43.356892,interstate,0,Interstate
Georgia,GEO,2021,42.315407,43.356892,intrastate,0,Intrastate
Georgia,GEO,2021,42.315407,43.356892,non_state,0,Non-state
Georgia,GEO,2021,42.315407,43.356892,one_sided_violence,0,One-sided violence
Georgia,GEO,2022,42.315407,43.356892,interstate,0,Interstate
Georgia,GEO,2022,42.315407,43.356892,intrastate,0,Intrastate
Georgia,GEO,2022,42.315407,43.356892,non_state,0,Non-state
Georgia,GEO,2022,42.315407,43.356892,one_sided_violence,0,One-sided violence
Georgia,GEO,2023,42.315407,43.356892,interstate,0,Interstate
Georgia,GEO,2023,42.315407,43.356892,intrastate,0,Intrastate
Georgia,GEO,2023,42.315407,43.356892,non_state,0,Non-state
Georgia,GEO,2023,42.315407,43.356892,one_sided_violence,1,One-sided violence
Georgia,GEO,2024,42.315407,43.356892,interstate,0,Interstate
Georgia,GEO,2024,42.315407,43.356892,intrastate,0,Intrastate
Georgia,GEO,2024,42.315407,43.356892,non_state,0,Non-state
Georgia,GEO,2024,42.315407,43.356892,one_sided_violence,0,One-sided violence
Germany,DEU,2015,51.165691,10.451526,interstate,0,Interstate
Germany,DEU,2015,51.165691,10.451526,intrastate,0,Intrastate
Germany,DEU,2015,51.165691,10.451526,non_state,0,Non-state
Germany,DEU,2015,51.165691,10.451526,one_sided_violence,0,One-sided violence
Germany,DEU,2016,51.165691,10.451526,interstate,0,Interstate
Germany,DEU,2016,51.165691,10.451526,intrastate,0,Intrastate
Germany,DEU,2016,51.165691,10.451526,non_state,0,Non-state
Germany,DEU,2016,51.165691,10.451526,one_sided_violence,12,One-sided violence
Germany,DEU,2017,51.165691,10.451526,interstate,0,Interstate
Germany,DEU,2017,51.165691,10.451526,intrastate,0,Intrastate
Germany,DEU,2017,51.165691,10.451526,non_state,0,Non-state
Germany,DEU,2017,51.165691,10.451526,one_sided_violence,0,One-sided violence
Germany,DEU,2018,51.165691,10.451526,interstate,0,Interstate
Germany,DEU,2018,51.165691,10.451526,intrastate,0,Intrastate
Germany,DEU,2018,51.165691,10.451526,non_state,0,Non-state
Germany,DEU,2018,51.165691,10.451526,one_sided_violence,0,One-sided violence
Germany,DEU,2019,51.165691,10.451526,interstate,0,Interstate
Germany,DEU,2019,51.165691,10.451526,intrastate,0,Intrastate
Germany,DEU,2019,51.165691,10.451526,non_state,0,Non-state
Germany,DEU,2019,51.165691,10.451526,one_sided_violence,0,One-sided violence
Germany,DEU,2020,51.165691,10.451526,interstate,0,Interstate
Germany,DEU,2020,51.165691,10.451526,intrastate,0,Intrastate
Germany,DEU,2020,51.165691,10.451526,non_state,0,Non-state
Germany,DEU,2020,51.165691,10.451526,one_sided_violence,0,One-sided violence
Germany,DEU,2021,51.165691,10.451526,interstate,0,Interstate
Germany,DEU,2021,51.165691,10.451526,intrastate,0,Intrastate
Germany,DEU,2021,51.165691,10.451526,non_state,0,Non-state
Germany,DEU,2021,51.165691,10.451526,one_sided_violence,0,One-sided violence
Germany,DEU,2022,51.165691,10.451526,interstate,0,Interstate
Germany,DEU,2022,51.165691,10.451526,intrastate,0,Intrastate
Germany,DEU,2022,51.165691,10.451526,non_state,0,Non-state
Germany,DEU,2022,51.165691,10.451526,one_sided_violence,0,One-sided violence
Germany,DEU,2023,51.165691,10.451526,interstate,0,Interstate
Germany,DEU,2023,51.165691,10.451526,intrastate,0,Intrastate
Germany,DEU,2023,51.165691,10.451526,non_state,0,Non-state
Germany,DEU,2023,51.165691,10.451526,one_sided_violence,0,One-sided violence
Germany,DEU,2024,51.165691,10.451526,interstate,0,Interstate
Germany,DEU,2024,51.165691,10.451526,intrastate,0,Intrastate
Germany,DEU,2024,51.165691,10.451526,non_state,0,Non-state
Germany,DEU,2024,51.165691,10.451526,one_sided_violence,3,One-sided violence
Ghana,GHA,2015,7.946527,-1.023194,interstate,0,Interstate
Ghana,GHA,2015,7.946527,-1.023194,intrastate,0,Intrastate
Ghana,GHA,2015,7.946527,-1.023194,non_state,0,Non-state
Ghana,GHA,2015,7.946527,-1.023194,one_sided_violence,0,One-sided violence
Ghana,GHA,2016,7.946527,-1.023194,interstate,0,Interstate
Ghana,GHA,2016,7.946527,-1.023194,intrastate,0,Intrastate
Ghana,GHA,2016,7.946527,-1.023194,non_state,0,Non-state
Ghana,GHA,2016,7.946527,-1.023194,one_sided_violence,0,One-sided violence
Ghana,GHA,2017,7.946527,-1.023194,interstate,0,Interstate
Ghana,GHA,2017,7.946527,-1.023194,intrastate,0,Intrastate
Ghana,GHA,2017,7.946527,-1.023194,non_state,0,Non-state
Ghana,GHA,2017,7.946527,-1.023194,one_sided_violence,0,One-sided violence
Ghana,GHA,2018,7.946527,-1.023194,interstate,0,Interstate
Ghana,GHA,2018,7.946527,-1.023194,intrastate,0,Intrastate
Ghana,GHA,2018,7.946527,-1.023194,non_state,0,Non-state
Ghana,GHA,2018,7.946527,-1.023194,one_sided_violence,0,One-sided violence
Ghana,GHA,2019,7.946527,-1.023194,interstate,0,Interstate
Ghana,GHA,2019,7.946527,-1.023194,intrastate,0,Intrastate
Ghana,GHA,2019,7.946527,-1.023194,non_state,0,Non-state
Ghana,GHA,2019,7.946527,-1.023194,one_sided_violence,0,One-sided violence
Ghana,GHA,2020,7.946527,-1.023194,interstate,0,Interstate
Ghana,GHA,2020,7.946527,-1.023194,intrastate,0,Intrastate
Ghana,GHA,2020,7.946527,-1.023194,non_state,0,Non-state
Ghana,GHA,2020,7.946527,-1.023194,one_sided_violence,0,One-sided violence
Ghana,GHA,2021,7.946527,-1.023194,interstate,0,Interstate
Ghana,GHA,2021,7.946527,-1.023194,intrastate,0,Intrastate
Ghana,GHA,2021,7.946527,-1.023194,non_state,0,Non-state
Ghana,GHA,2021,7.946527,-1.023194,one_sided_violence,0,One-sided violence
Ghana,GHA,2022,7.946527,-1.023194,interstate,0,Interstate
Ghana,GHA,2022,7.946527,-1.023194,intrastate,0,Intrastate
Ghana,GHA,2022,7.946527,-1.023194,non_state,0,Non-state
Ghana,GHA,2022,7.946527,-1.023194,one_sided_violence,0,One-sided violence
Ghana,GHA,2023,7.946527,-1.023194,interstate,0,Interstate
Ghana,GHA,2023,7.946527,-1.023194,intrastate,1,Intrastate
Ghana,GHA,2023,7.946527,-1.023194,non_state,0,Non-state
Ghana,GHA,2023,7.946527,-1.023194,one_sided_violence,0,One-sided violence
Ghana,GHA,2024,7.946527,-1.023194,interstate,0,Interstate
Ghana,GHA,2024,7.946527,-1.023194,intrastate,0,Intrastate
Ghana,GHA,2024,7.946527,-1.023194,non_state,0,Non-state
Ghana,GHA,2024,7.946527,-1.023194,one_sided_violence,0,One-sided violence
Greece,GRC,2015,39.074208,21.824312,interstate,0,Interstate
Greece,GRC,2015,39.074208,21.824312,intrastate,0,Intrastate
Greece,GRC,2015,39.074208,21.824312,non_state,0,Non-state
Greece,GRC,2015,39.074208,21.824312,one_sided_violence,0,One-sided violence
Greece,GRC,2016,39.074208,21.824312,interstate,0,Interstate
Greece,GRC,2016,39.074208,21.824312,intrastate,0,Intrastate
Greece,GRC,2016,39.074208,21.824312,non_state,0,Non-state
Greece,GRC,2016,39.074208,21.824312,one_sided_violence,0,One-sided violence
Greece,GRC,2017,39.074208,21.824312,interstate,0,Interstate
Greece,GRC,2017,39.074208,21.824312,intrastate,0,Intrastate
Greece,GRC,2017,39.074208,21.824312,non_state,0,Non-state
Greece,GRC,2017,39.074208,21.824312,one_sided_violence,0,One-sided violence
Greece,GRC,2018,39.074208,21.824312,interstate,0,Interstate
Greece,GRC,2018,39.074208,21.824312,intrastate,0,Intrastate
Greece,GRC,2018,39.074208,21.824312,non_state,0,Non-state
Greece,GRC,2018,39.074208,21.824312,one_sided_violence,0,One-sided violence
Greece,GRC,2019,39.074208,21.824312,interstate,0,Interstate
Greece,GRC,2019,39.074208,21.824312,intrastate,0,Intrastate
Greece,GRC,2019,39.074208,21.824312,non_state,0,Non-state
Greece,GRC,2019,39.074208,21.824312,one_sided_violence,0,One-sided violence
Greece,GRC,2020,39.074208,21.824312,interstate,0,Interstate
Greece,GRC,2020,39.074208,21.824312,intrastate,0,Intrastate
Greece,GRC,2020,39.074208,21.824312,non_state,0,Non-state
Greece,GRC,2020,39.074208,21.824312,one_sided_violence,0,One-sided violence
Greece,GRC,2021,39.074208,21.824312,interstate,0,Interstate
Greece,GRC,2021,39.074208,21.824312,intrastate,0,Intrastate
Greece,GRC,2021,39.074208,21.824312,non_state,0,Non-state
Greece,GRC,2021,39.074208,21.824312,one_sided_violence,0,One-sided violence
Greece,GRC,2022,39.074208,21.824312,interstate,0,Interstate
Greece,GRC,2022,39.074208,21.824312,intrastate,0,Intrastate
Greece,GRC,2022,39.074208,21.824312,non_state,0,Non-state
Greece,GRC,2022,39.074208,21.824312,one_sided_violence,0,One-sided violence
Greece,GRC,2023,39.074208,21.824312,interstate,0,Interstate
Greece,GRC,2023,39.074208,21.824312,intrastate,0,Intrastate
Greece,GRC,2023,39.074208,21.824312,non_state,0,Non-state
Greece,GRC,2023,39.074208,21.824312,one_sided_violence,0,One-sided violence
Greece,GRC,2024,39.074208,21.824312,interstate,0,Interstate
Greece,GRC,2024,39.074208,21.824312,intrastate,0,Intrastate
Greece,GRC,2024,39.074208,21.824312,non_state,0,Non-state
Greece,GRC,2024,39.074208,21.824312,one_sided_violence,0,One-sided violence
Greenland,GRL,2015,71.706936,-42.604303,interstate,0,Interstate
Greenland,GRL,2015,71.706936,-42.604303,intrastate,0,Intrastate
Greenland,GRL,2015,71.706936,-42.604303,non_state,0,Non-state
Greenland,GRL,2015,71.706936,-42.604303,one_sided_violence,0,One-sided violence
Greenland,GRL,2016,71.706936,-42.604303,interstate,0,Interstate
Greenland,GRL,2016,71.706936,-42.604303,intrastate,0,Intrastate
Greenland,GRL,2016,71.706936,-42.604303,non_state,0,Non-state
Greenland,GRL,2016,71.706936,-42.604303,one_sided_violence,0,One-sided violence
Greenland,GRL,2017,71.706936,-42.604303,interstate,0,Interstate
Greenland,GRL,2017,71.706936,-42.604303,intrastate,0,Intrastate
Greenland,GRL,2017,71.706936,-42.604303,non_state,0,Non-state
Greenland,GRL,2017,71.706936,-42.604303,one_sided_violence,0,One-sided violence
Greenland,GRL,2018,71.706936,-42.604303,interstate,0,Interstate
Greenland,GRL,2018,71.706936,-42.604303,intrastate,0,Intrastate
Greenland,GRL,2018,71.706936,-42.604303,non_state,0,Non-state
Greenland,GRL,2018,71.706936,-42.604303,one_sided_violence,0,One-sided violence
Greenland,GRL,2019,71.706936,-42.604303,interstate,0,Interstate
Greenland,GRL,2019,71.706936,-42.604303,intrastate,0,Intrastate
Greenland,GRL,2019,71.706936,-42.604303,non_state,0,Non-state
Greenland,GRL,2019,71.706936,-42.604303,one_sided_violence,0,One-sided violence
Greenland,GRL,2020,71.706936,-42.604303,interstate,0,Interstate
Greenland,GRL,2020,71.706936,-42.604303,intrastate,0,Intrastate
Greenland,GRL,2020,71.706936,-42.604303,non_state,0,Non-state
Greenland,GRL,2020,71.706936,-42.604303,one_sided_violence,0,One-sided violence
Greenland,GRL,2021,71.706936,-42.604303,interstate,0,Interstate
Greenland,GRL,2021,71.706936,-42.604303,intrastate,0,Intrastate
Greenland,GRL,2021,71.706936,-42.604303,non_state,0,Non-state
Greenland,GRL,2021,71.706936,-42.604303,one_sided_violence,0,One-sided violence
Greenland,GRL,2022,71.706936,-42.604303,interstate,0,Interstate
Greenland,GRL,2022,71.706936,-42.604303,intrastate,0,Intrastate
Greenland,GRL,2022,71.706936,-42.604303,non_state,0,Non-state
Greenland,GRL,2022,71.706936,-42.604303,one_sided_violence,0,One-sided violence
Greenland,GRL,2023,71.706936,-42.604303,interstate,0,Interstate
Greenland,GRL,2023,71.706936,-42.604303,intrastate,0,Intrastate
Greenland,GRL,2023,71.706936,-42.604303,non_state,0,Non-state
Greenland,GRL,2023,71.706936,-42.604303,one_sided_violence,0,One-sided violence
Greenland,GRL,2024,71.706936,-42.604303,interstate,0,Interstate
Greenland,GRL,2024,71.706936,-42.604303,intrastate,0,Intrastate
Greenland,GRL,2024,71.706936,-42.604303,non_state,0,Non-state
Greenland,GRL,2024,71.706936,-42.604303,one_sided_violence,0,One-sided violence
Grenada,GRD,2015,12.262776,-61.604171,interstate,0,Interstate
Grenada,GRD,2015,12.262776,-61.604171,intrastate,0,Intrastate
Grenada,GRD,2015,12.262776,-61.604171,non_state,0,Non-state
Grenada,GRD,2015,12.262776,-61.604171,one_sided_violence,0,One-sided violence
Grenada,GRD,2016,12.262776,-61.604171,interstate,0,Interstate
Grenada,GRD,2016,12.262776,-61.604171,intrastate,0,Intrastate
Grenada,GRD,2016,12.262776,-61.604171,non_state,0,Non-state
Grenada,GRD,2016,12.262776,-61.604171,one_sided_violence,0,One-sided violence
Grenada,GRD,2017,12.262776,-61.604171,interstate,0,Interstate
Grenada,GRD,2017,12.262776,-61.604171,intrastate,0,Intrastate
Grenada,GRD,2017,12.262776,-61.604171,non_state,0,Non-state
Grenada,GRD,2017,12.262776,-61.604171,one_sided_violence,0,One-sided violence
Grenada,GRD,2018,12.262776,-61.604171,interstate,0,Interstate
Grenada,GRD,2018,12.262776,-61.604171,intrastate,0,Intrastate
Grenada,GRD,2018,12.262776,-61.604171,non_state,0,Non-state
Grenada,GRD,2018,12.262776,-61.604171,one_sided_violence,0,One-sided violence
Grenada,GRD,2019,12.262776,-61.604171,interstate,0,Interstate
Grenada,GRD,2019,12.262776,-61.604171,intrastate,0,Intrastate
Grenada,GRD,2019,12.262776,-61.604171,non_state,0,Non-state
Grenada,GRD,2019,12.262776,-61.604171,one_sided_violence,0,One-sided violence
Grenada,GRD,2020,12.262776,-61.604171,interstate,0,Interstate
Grenada,GRD,2020,12.262776,-61.604171,intrastate,0,Intrastate
Grenada,GRD,2020,12.262776,-61.604171,non_state,0,Non-state
Grenada,GRD,2020,12.262776,-61.604171,one_sided_violence,0,One-sided violence
Grenada,GRD,2021,12.262776,-61.604171,interstate,0,Interstate
Grenada,GRD,2021,12.262776,-61.604171,intrastate,0,Intrastate
Grenada,GRD,2021,12.262776,-61.604171,non_state,0,Non-state
Grenada,GRD,2021,12.262776,-61.604171,one_sided_violence,0,One-sided violence
Grenada,GRD,2022,12.262776,-61.604171,interstate,0,Interstate
Grenada,GRD,2022,12.262776,-61.604171,intrastate,0,Intrastate
Grenada,GRD,2022,12.262776,-61.604171,non_state,0,Non-state
Grenada,GRD,2022,12.262776,-61.604171,one_sided_violence,0,One-sided violence
Grenada,GRD,2023,12.262776,-61.604171,interstate,0,Interstate
Grenada,GRD,2023,12.262776,-61.604171,intrastate,0,Intrastate
Grenada,GRD,2023,12.262776,-61.604171,non_state,0,Non-state
Grenada,GRD,2023,12.262776,-61.604171,one_sided_violence,0,One-sided violence
Grenada,GRD,2024,12.262776,-61.604171,interstate,0,Interstate
Grenada,GRD,2024,12.262776,-61.604171,intrastate,0,Intrastate
Grenada,GRD,2024,12.262776,-61.604171,non_state,0,Non-state
Grenada,GRD,2024,12.262776,-61.604171,one_sided_violence,0,One-sided violence
Guatemala,GTM,2015,15.783471,-90.230759,interstate,0,Interstate
Guatemala,GTM,2015,15.783471,-90.230759,intrastate,0,Intrastate
Guatemala,GTM,2015,15.783471,-90.230759,non_state,0,Non-state
Guatemala,GTM,2015,15.783471,-90.230759,one_sided_violence,0,One-sided violence
Guatemala,GTM,2016,15.783471,-90.230759,interstate,0,Interstate
Guatemala,GTM,2016,15.783471,-90.230759,intrastate,0,Intrastate
Guatemala,GTM,2016,15.783471,-90.230759,non_state,0,Non-state
Guatemala,GTM,2016,15.783471,-90.230759,one_sided_violence,0,One-sided violence
Guatemala,GTM,2017,15.783471,-90.230759,interstate,0,Interstate
Guatemala,GTM,2017,15.783471,-90.230759,intrastate,0,Intrastate
Guatemala,GTM,2017,15.783471,-90.230759,non_state,0,Non-state
Guatemala,GTM,2017,15.783471,-90.230759,one_sided_violence,0,One-sided violence
Guatemala,GTM,2018,15.783471,-90.230759,interstate,0,Interstate
Guatemala,GTM,2018,15.783471,-90.230759,intrastate,0,Intrastate
Guatemala,GTM,2018,15.783471,-90.230759,non_state,0,Non-state
Guatemala,GTM,2018,15.783471,-90.230759,one_sided_violence,0,One-sided violence
Guatemala,GTM,2019,15.783471,-90.230759,interstate,0,Interstate
Guatemala,GTM,2019,15.783471,-90.230759,intrastate,0,Intrastate
Guatemala,GTM,2019,15.783471,-90.230759,non_state,0,Non-state
Guatemala,GTM,2019,15.783471,-90.230759,one_sided_violence,0,One-sided violence
Guatemala,GTM,2020,15.783471,-90.230759,interstate,0,Interstate
Guatemala,GTM,2020,15.783471,-90.230759,intrastate,0,Intrastate
Guatemala,GTM,2020,15.783471,-90.230759,non_state,0,Non-state
Guatemala,GTM,2020,15.783471,-90.230759,one_sided_violence,0,One-sided violence
Guatemala,GTM,2021,15.783471,-90.230759,interstate,0,Interstate
Guatemala,GTM,2021,15.783471,-90.230759,intrastate,0,Intrastate
Guatemala,GTM,2021,15.783471,-90.230759,non_state,0,Non-state
Guatemala,GTM,2021,15.783471,-90.230759,one_sided_violence,0,One-sided violence
Guatemala,GTM,2022,15.783471,-90.230759,interstate,0,Interstate
Guatemala,GTM,2022,15.783471,-90.230759,intrastate,0,Intrastate
Guatemala,GTM,2022,15.783471,-90.230759,non_state,0,Non-state
Guatemala,GTM,2022,15.783471,-90.230759,one_sided_violence,0,One-sided violence
Guatemala,GTM,2023,15.783471,-90.230759,interstate,0,Interstate
Guatemala,GTM,2023,15.783471,-90.230759,intrastate,0,Intrastate
Guatemala,GTM,2023,15.783471,-90.230759,non_state,0,Non-state
Guatemala,GTM,2023,15.783471,-90.230759,one_sided_violence,0,One-sided violence
Guatemala,GTM,2024,15.783471,-90.230759,interstate,0,Interstate
Guatemala,GTM,2024,15.783471,-90.230759,intrastate,0,Intrastate
Guatemala,GTM,2024,15.783471,-90.230759,non_state,0,Non-state
Guatemala,GTM,2024,15.783471,-90.230759,one_sided_violence,25,One-sided violence
Guinea,GIN,2015,9.945587,-9.696645,interstate,0,Interstate
Guinea,GIN,2015,9.945587,-9.696645,intrastate,0,Intrastate
Guinea,GIN,2015,9.945587,-9.696645,non_state,0,Non-state
Guinea,GIN,2015,9.945587,-9.696645,one_sided_violence,0,One-sided violence
Guinea,GIN,2016,9.945587,-9.696645,interstate,0,Interstate
Guinea,GIN,2016,9.945587,-9.696645,intrastate,0,Intrastate
Guinea,GIN,2016,9.945587,-9.696645,non_state,0,Non-state
Guinea,GIN,2016,9.945587,-9.696645,one_sided_violence,0,One-sided violence
Guinea,GIN,2017,9.945587,-9.696645,interstate,0,Interstate
Guinea,GIN,2017,9.945587,-9.696645,intrastate,0,Intrastate
Guinea,GIN,2017,9.945587,-9.696645,non_state,0,Non-state
Guinea,GIN,2017,9.945587,-9.696645,one_sided_violence,0,One-sided violence
Guinea,GIN,2018,9.945587,-9.696645,interstate,0,Interstate
Guinea,GIN,2018,9.945587,-9.696645,intrastate,0,Intrastate
Guinea,GIN,2018,9.945587,-9.696645,non_state,0,Non-state
Guinea,GIN,2018,9.945587,-9.696645,one_sided_violence,0,One-sided violence
Guinea,GIN,2019,9.945587,-9.696645,interstate,0,Interstate
Guinea,GIN,2019,9.945587,-9.696645,intrastate,0,Intrastate
Guinea,GIN,2019,9.945587,-9.696645,non_state,0,Non-state
Guinea,GIN,2019,9.945587,-9.696645,one_sided_violence,0,One-sided violence
Guinea,GIN,2020,9.945587,-9.696645,interstate,0,Interstate
Guinea,GIN,2020,9.945587,-9.696645,intrastate,0,Intrastate
Guinea,GIN,2020,9.945587,-9.696645,non_state,30,Non-state
Guinea,GIN,2020,9.945587,-9.696645,one_sided_violence,0,One-sided violence
Guinea,GIN,2021,9.945587,-9.696645,interstate,0,Interstate
Guinea,GIN,2021,9.945587,-9.696645,intrastate,0,Intrastate
Guinea,GIN,2021,9.945587,-9.696645,non_state,0,Non-state
Guinea,GIN,2021,9.945587,-9.696645,one_sided_violence,0,One-sided violence
Guinea,GIN,2022,9.945587,-9.696645,interstate,0,Interstate
Guinea,GIN,2022,9.945587,-9.696645,intrastate,0,Intrastate
Guinea,GIN,2022,9.945587,-9.696645,non_state,0,Non-state
Guinea,GIN,2022,9.945587,-9.696645,one_sided_violence,0,One-sided violence
Guinea,GIN,2023,9.945587,-9.696645,interstate,0,Interstate
Guinea,GIN,2023,9.945587,-9.696645,intrastate,0,Intrastate
Guinea,GIN,2023,9.945587,-9.696645,non_state,0,Non-state
Guinea,GIN,2023,9.945587,-9.696645,one_sided_violence,0,One-sided violence
Guinea,GIN,2024,9.945587,-9.696645,interstate,0,Interstate
Guinea,GIN,2024,9.945587,-9.696645,intrastate,0,Intrastate
Guinea,GIN,2024,9.945587,-9.696645,non_state,0,Non-state
Guinea,GIN,2024,9.945587,-9.696645,one_sided_violence,0,One-sided violence
Guinea-Bissau,GNB,2015,11.803749,-15.180413,interstate,0,Interstate
Guinea-Bissau,GNB,2015,11.803749,-15.180413,intrastate,0,Intrastate
Guinea-Bissau,GNB,2015,11.803749,-15.180413,non_state,0,Non-state
Guinea-Bissau,GNB,2015,11.803749,-15.180413,one_sided_violence,0,One-sided violence
Guinea-Bissau,GNB,2016,11.803749,-15.180413,interstate,0,Interstate
Guinea-Bissau,GNB,2016,11.803749,-15.180413,intrastate,0,Intrastate
Guinea-Bissau,GNB,2016,11.803749,-15.180413,non_state,0,Non-state
Guinea-Bissau,GNB,2016,11.803749,-15.180413,one_sided_violence,0,One-sided violence
Guinea-Bissau,GNB,2017,11.803749,-15.180413,interstate,0,Interstate
Guinea-Bissau,GNB,2017,11.803749,-15.180413,intrastate,0,Intrastate
Guinea-Bissau,GNB,2017,11.803749,-15.180413,non_state,0,Non-state
Guinea-Bissau,GNB,2017,11.803749,-15.180413,one_sided_violence,0,One-sided violence
Guinea-Bissau,GNB,2018,11.803749,-15.180413,interstate,0,Interstate
Guinea-Bissau,GNB,2018,11.803749,-15.180413,intrastate,0,Intrastate
Guinea-Bissau,GNB,2018,11.803749,-15.180413,non_state,0,Non-state
Guinea-Bissau,GNB,2018,11.803749,-15.180413,one_sided_violence,0,One-sided violence
Guinea-Bissau,GNB,2019,11.803749,-15.180413,interstate,0,Interstate
Guinea-Bissau,GNB,2019,11.803749,-15.180413,intrastate,0,Intrastate
Guinea-Bissau,GNB,2019,11.803749,-15.180413,non_state,0,Non-state
Guinea-Bissau,GNB,2019,11.803749,-15.180413,one_sided_violence,0,One-sided violence
Guinea-Bissau,GNB,2020,11.803749,-15.180413,interstate,0,Interstate
Guinea-Bissau,GNB,2020,11.803749,-15.180413,intrastate,0,Intrastate
Guinea-Bissau,GNB,2020,11.803749,-15.180413,non_state,0,Non-state
Guinea-Bissau,GNB,2020,11.803749,-15.180413,one_sided_violence,0,One-sided violence
Guinea-Bissau,GNB,2021,11.803749,-15.180413,interstate,0,Interstate
Guinea-Bissau,GNB,2021,11.803749,-15.180413,intrastate,0,Intrastate
Guinea-Bissau,GNB,2021,11.803749,-15.180413,non_state,0,Non-state
Guinea-Bissau,GNB,2021,11.803749,-15.180413,one_sided_violence,0,One-sided violence
Guinea-Bissau,GNB,2022,11.803749,-15.180413,interstate,0,Interstate
Guinea-Bissau,GNB,2022,11.803749,-15.180413,intrastate,0,Intrastate
Guinea-Bissau,GNB,2022,11.803749,-15.180413,non_state,0,Non-state
Guinea-Bissau,GNB,2022,11.803749,-15.180413,one_sided_violence,0,One-sided violence
Guinea-Bissau,GNB,2023,11.803749,-15.180413,interstate,0,Interstate
Guinea-Bissau,GNB,2023,11.803749,-15.180413,intrastate,0,Intrastate
Guinea-Bissau,GNB,2023,11.803749,-15.180413,non_state,0,Non-state
Guinea-Bissau,GNB,2023,11.803749,-15.180413,one_sided_violence,0,One-sided violence
Guinea-Bissau,GNB,2024,11.803749,-15.180413,interstate,0,Interstate
Guinea-Bissau,GNB,2024,11.803749,-15.180413,intrastate,0,Intrastate
Guinea-Bissau,GNB,2024,11.803749,-15.180413,non_state,0,Non-state
Guinea-Bissau,GNB,2024,11.803749,-15.180413,one_sided_violence,0,One-sided violence
Guyana,GUY,2015,4.860416,-58.93018,interstate,0,Interstate
Guyana,GUY,2015,4.860416,-58.93018,intrastate,0,Intrastate
Guyana,GUY,2015,4.860416,-58.93018,non_state,0,Non-state
Guyana,GUY,2015,4.860416,-58.93018,one_sided_violence,0,One-sided violence
Guyana,GUY,2016,4.860416,-58.93018,interstate,0,Interstate
Guyana,GUY,2016,4.860416,-58.93018,intrastate,0,Intrastate
Guyana,GUY,2016,4.860416,-58.93018,non_state,0,Non-state
Guyana,GUY,2016,4.860416,-58.93018,one_sided_violence,0,One-sided violence
Guyana,GUY,2017,4.860416,-58.93018,interstate,0,Interstate
Guyana,GUY,2017,4.860416,-58.93018,intrastate,0,Intrastate
Guyana,GUY,2017,4.860416,-58.93018,non_state,0,Non-state
Guyana,GUY,2017,4.860416,-58.93018,one_sided_violence,0,One-sided violence
Guyana,GUY,2018,4.860416,-58.93018,interstate,0,Interstate
Guyana,GUY,2018,4.860416,-58.93018,intrastate,0,Intrastate
Guyana,GUY,2018,4.860416,-58.93018,non_state,0,Non-state
Guyana,GUY,2018,4.860416,-58.93018,one_sided_violence,0,One-sided violence
Guyana,GUY,2019,4.860416,-58.93018,interstate,0,Interstate
Guyana,GUY,2019,4.860416,-58.93018,intrastate,0,Intrastate
Guyana,GUY,2019,4.860416,-58.93018,non_state,0,Non-state
Guyana,GUY,2019,4.860416,-58.93018,one_sided_violence,0,One-sided violence
Guyana,GUY,2020,4.860416,-58.93018,interstate,0,Interstate
Guyana,GUY,2020,4.860416,-58.93018,intrastate,0,Intrastate
Guyana,GUY,2020,4.860416,-58.93018,non_state,0,Non-state
Guyana,GUY,2020,4.860416,-58.93018,one_sided_violence,0,One-sided violence
Guyana,GUY,2021,4.860416,-58.93018,interstate,0,Interstate
Guyana,GUY,2021,4.860416,-58.93018,intrastate,0,Intrastate
Guyana,GUY,2021,4.860416,-58.93018,non_state,0,Non-state
Guyana,GUY,2021,4.860416,-58.93018,one_sided_violence,0,One-sided violence
Guyana,GUY,2022,4.860416,-58.93018,interstate,0,Interstate
Guyana,GUY,2022,4.860416,-58.93018,intrastate,0,Intrastate
Guyana,GUY,2022,4.860416,-58.93018,non_state,0,Non-state
Guyana,GUY,2022,4.860416,-58.93018,one_sided_violence,0,One-sided violence
Guyana,GUY,2023,4.860416,-58.93018,interstate,0,Interstate
Guyana,GUY,2023,4.860416,-58.93018,intrastate,0,Intrastate
Guyana,GUY,2023,4.860416,-58.93018,non_state,0,Non-state
Guyana,GUY,2023,4.860416,-58.93018,one_sided_violence,0,One-sided violence
Guyana,GUY,2024,4.860416,-58.93018,interstate,0,Interstate
Guyana,GUY,2024,4.860416,-58.93018,intrastate,0,Intrastate
Guyana,GUY,2024,4.860416,-58.93018,non_state,0,Non-state
Guyana,GUY,2024,4.860416,-58.93018,one_sided_violence,0,One-sided violence
Haiti,HTI,2015,18.971187,-72.285215,interstate,0,Interstate
Haiti,HTI,2015,18.971187,-72.285215,intrastate,0,Intrastate
Haiti,HTI,2015,18.971187,-72.285215,non_state,0,Non-state
Haiti,HTI,2015,18.971187,-72.285215,one_sided_violence,0,One-sided violence
Haiti,HTI,2016,18.971187,-72.285215,interstate,0,Interstate
Haiti,HTI,2016,18.971187,-72.285215,intrastate,0,Intrastate
Haiti,HTI,2016,18.971187,-72.285215,non_state,0,Non-state
Haiti,HTI,2016,18.971187,-72.285215,one_sided_violence,0,One-sided violence
Haiti,HTI,2017,18.971187,-72.285215,interstate,0,Interstate
Haiti,HTI,2017,18.971187,-72.285215,intrastate,0,Intrastate
Haiti,HTI,2017,18.971187,-72.285215,non_state,0,Non-state
Haiti,HTI,2017,18.971187,-72.285215,one_sided_violence,0,One-sided violence
Haiti,HTI,2018,18.971187,-72.285215,interstate,0,Interstate
Haiti,HTI,2018,18.971187,-72.285215,intrastate,0,Intrastate
Haiti,HTI,2018,18.971187,-72.285215,non_state,0,Non-state
Haiti,HTI,2018,18.971187,-72.285215,one_sided_violence,71,One-sided violence
Haiti,HTI,2019,18.971187,-72.285215,interstate,0,Interstate
Haiti,HTI,2019,18.971187,-72.285215,intrastate,0,Intrastate
Haiti,HTI,2019,18.971187,-72.285215,non_state,0,Non-state
Haiti,HTI,2019,18.971187,-72.285215,one_sided_violence,0,One-sided violence
Haiti,HTI,2020,18.971187,-72.285215,interstate,0,Interstate
Haiti,HTI,2020,18.971187,-72.285215,intrastate,0,Intrastate
Haiti,HTI,2020,18.971187,-72.285215,non_state,0,Non-state
Haiti,HTI,2020,18.971187,-72.285215,one_sided_violence,162,One-sided violence
Haiti,HTI,2021,18.971187,-72.285215,interstate,0,Interstate
Haiti,HTI,2021,18.971187,-72.285215,intrastate,0,Intrastate
Haiti,HTI,2021,18.971187,-72.285215,non_state,52,Non-state
Haiti,HTI,2021,18.971187,-72.285215,one_sided_violence,69,One-sided violence
Haiti,HTI,2022,18.971187,-72.285215,interstate,0,Interstate
Haiti,HTI,2022,18.971187,-72.285215,intrastate,0,Intrastate
Haiti,HTI,2022,18.971187,-72.285215,non_state,131,Non-state
Haiti,HTI,2022,18.971187,-72.285215,one_sided_violence,104,One-sided violence
Haiti,HTI,2023,18.971187,-72.285215,interstate,0,Interstate
Haiti,HTI,2023,18.971187,-72.285215,intrastate,0,Intrastate
Haiti,HTI,2023,18.971187,-72.285215,non_state,76,Non-state
Haiti,HTI,2023,18.971187,-72.285215,one_sided_violence,340,One-sided violence
Haiti,HTI,2024,18.971187,-72.285215,interstate,0,Interstate
Haiti,HTI,2024,18.971187,-72.285215,intrastate,193,Intrastate
Haiti,HTI,2024,18.971187,-72.285215,non_state,159,Non-state
Haiti,HTI,2024,18.971187,-72.285215,one_sided_violence,905,One-sided violence
Honduras,HND,2015,15.199999,-86.241905,interstate,0,Interstate
Honduras,HND,2015,15.199999,-86.241905,intrastate,0,Intrastate
Honduras,HND,2015,15.199999,-86.241905,non_state,68,Non-state
Honduras,HND,2015,15.199999,-86.241905,one_sided_violence,0,One-sided violence
Honduras,HND,2016,15.199999,-86.241905,interstate,0,Interstate
Honduras,HND,2016,15.199999,-86.241905,intrastate,0,Intrastate
Honduras,HND,2016,15.199999,-86.241905,non_state,0,Non-state
Honduras,HND,2016,15.199999,-86.241905,one_sided_violence,0,One-sided violence
Honduras,HND,2017,15.199999,-86.241905,interstate,0,Interstate
Honduras,HND,2017,15.199999,-86.241905,intrastate,0,Intrastate
Honduras,HND,2017,15.199999,-86.241905,non_state,0,Non-state
Honduras,HND,2017,15.199999,-86.241905,one_sided_violence,0,One-sided violence
Honduras,HND,2018,15.199999,-86.241905,interstate,0,Interstate
Honduras,HND,2018,15.199999,-86.241905,intrastate,0,Intrastate
Honduras,HND,2018,15.199999,-86.241905,non_state,0,Non-state
Honduras,HND,2018,15.199999,-86.241905,one_sided_violence,0,One-sided violence
Honduras,HND,2019,15.199999,-86.241905,interstate,0,Interstate
Honduras,HND,2019,15.199999,-86.241905,intrastate,0,Intrastate
Honduras,HND,2019,15.199999,-86.241905,non_state,36,Non-state
Honduras,HND,2019,15.199999,-86.241905,one_sided_violence,0,One-sided violence
Honduras,HND,2020,15.199999,-86.241905,interstate,0,Interstate
Honduras,HND,2020,15.199999,-86.241905,intrastate,0,Intrastate
Honduras,HND,2020,15.199999,-86.241905,non_state,0,Non-state
Honduras,HND,2020,15.199999,-86.241905,one_sided_violence,0,One-sided violence
Honduras,HND,2021,15.199999,-86.241905,interstate,0,Interstate
Honduras,HND,2021,15.199999,-86.241905,intrastate,0,Intrastate
Honduras,HND,2021,15.199999,-86.241905,non_state,0,Non-state
Honduras,HND,2021,15.199999,-86.241905,one_sided_violence,0,One-sided violence
Honduras,HND,2022,15.199999,-86.241905,interstate,0,Interstate
Honduras,HND,2022,15.199999,-86.241905,intrastate,0,Intrastate
Honduras,HND,2022,15.199999,-86.241905,non_state,0,Non-state
Honduras,HND,2022,15.199999,-86.241905,one_sided_violence,0,One-sided violence
Honduras,HND,2023,15.199999,-86.241905,interstate,0,Interstate
Honduras,HND,2023,15.199999,-86.241905,intrastate,0,Intrastate
Honduras,HND,2023,15.199999,-86.241905,non_state,102,Non-state
Honduras,HND,2023,15.199999,-86.241905,one_sided_violence,0,One-sided violence
Honduras,HND,2024,15.199999,-86.241905,interstate,0,Interstate
Honduras,HND,2024,15.199999,-86.241905,intrastate,0,Intrastate
Honduras,HND,2024,15.199999,-86.241905,non_state,0,Non-state
Honduras,HND,2024,15.199999,-86.241905,one_sided_violence,0,One-sided violence
Hungary,HUN,2015,47.162494,19.503304,interstate,0,Interstate
Hungary,HUN,2015,47.162494,19.503304,intrastate,0,Intrastate
Hungary,HUN,2015,47.162494,19.503304,non_state,0,Non-state
Hungary,HUN,2015,47.162494,19.503304,one_sided_violence,0,One-sided violence
Hungary,HUN,2016,47.162494,19.503304,interstate,0,Interstate
Hungary,HUN,2016,47.162494,19.503304,intrastate,0,Intrastate
Hungary,HUN,2016,47.162494,19.503304,non_state,0,Non-state
Hungary,HUN,2016,47.162494,19.503304,one_sided_violence,0,One-sided violence
Hungary,HUN,2017,47.162494,19.503304,interstate,0,Interstate
Hungary,HUN,2017,47.162494,19.503304,intrastate,0,Intrastate
Hungary,HUN,2017,47.162494,19.503304,non_state,0,Non-state
Hungary,HUN,2017,47.162494,19.503304,one_sided_violence,0,One-sided violence
Hungary,HUN,2018,47.162494,19.503304,interstate,0,Interstate
Hungary,HUN,2018,47.162494,19.503304,intrastate,0,Intrastate
Hungary,HUN,2018,47.162494,19.503304,non_state,0,Non-state
Hungary,HUN,2018,47.162494,19.503304,one_sided_violence,0,One-sided violence
Hungary,HUN,2019,47.162494,19.503304,interstate,0,Interstate
Hungary,HUN,2019,47.162494,19.503304,intrastate,0,Intrastate
Hungary,HUN,2019,47.162494,19.503304,non_state,0,Non-state
Hungary,HUN,2019,47.162494,19.503304,one_sided_violence,0,One-sided violence
Hungary,HUN,2020,47.162494,19.503304,interstate,0,Interstate
Hungary,HUN,2020,47.162494,19.503304,intrastate,0,Intrastate
Hungary,HUN,2020,47.162494,19.503304,non_state,0,Non-state
Hungary,HUN,2020,47.162494,19.503304,one_sided_violence,0,One-sided violence
Hungary,HUN,2021,47.162494,19.503304,interstate,0,Interstate
Hungary,HUN,2021,47.162494,19.503304,intrastate,0,Intrastate
Hungary,HUN,2021,47.162494,19.503304,non_state,0,Non-state
Hungary,HUN,2021,47.162494,19.503304,one_sided_violence,0,One-sided violence
Hungary,HUN,2022,47.162494,19.503304,interstate,0,Interstate
Hungary,HUN,2022,47.162494,19.503304,intrastate,0,Intrastate
Hungary,HUN,2022,47.162494,19.503304,non_state,0,Non-state
Hungary,HUN,2022,47.162494,19.503304,one_sided_violence,0,One-sided violence
Hungary,HUN,2023,47.162494,19.503304,interstate,0,Interstate
Hungary,HUN,2023,47.162494,19.503304,intrastate,0,Intrastate
Hungary,HUN,2023,47.162494,19.503304,non_state,0,Non-state
Hungary,HUN,2023,47.162494,19.503304,one_sided_violence,0,One-sided violence
Hungary,HUN,2024,47.162494,19.503304,interstate,0,Interstate
Hungary,HUN,2024,47.162494,19.503304,intrastate,0,Intrastate
Hungary,HUN,2024,47.162494,19.503304,non_state,0,Non-state
Hungary,HUN,2024,47.162494,19.503304,one_sided_violence,0,One-sided violence
Iceland,ISL,2015,64.963051,-19.020835,interstate,0,Interstate
Iceland,ISL,2015,64.963051,-19.020835,intrastate,0,Intrastate
Iceland,ISL,2015,64.963051,-19.020835,non_state,0,Non-state
Iceland,ISL,2015,64.963051,-19.020835,one_sided_violence,0,One-sided violence
Iceland,ISL,2016,64.963051,-19.020835,interstate,0,Interstate
Iceland,ISL,2016,64.963051,-19.020835,intrastate,0,Intrastate
Iceland,ISL,2016,64.963051,-19.020835,non_state,0,Non-state
Iceland,ISL,2016,64.963051,-19.020835,one_sided_violence,0,One-sided violence
Iceland,ISL,2017,64.963051,-19.020835,interstate,0,Interstate
Iceland,ISL,2017,64.963051,-19.020835,intrastate,0,Intrastate
Iceland,ISL,2017,64.963051,-19.020835,non_state,0,Non-state
Iceland,ISL,2017,64.963051,-19.020835,one_sided_violence,0,One-sided violence
Iceland,ISL,2018,64.963051,-19.020835,interstate,0,Interstate
Iceland,ISL,2018,64.963051,-19.020835,intrastate,0,Intrastate
Iceland,ISL,2018,64.963051,-19.020835,non_state,0,Non-state
Iceland,ISL,2018,64.963051,-19.020835,one_sided_violence,0,One-sided violence
Iceland,ISL,2019,64.963051,-19.020835,interstate,0,Interstate
Iceland,ISL,2019,64.963051,-19.020835,intrastate,0,Intrastate
Iceland,ISL,2019,64.963051,-19.020835,non_state,0,Non-state
Iceland,ISL,2019,64.963051,-19.020835,one_sided_violence,0,One-sided violence
Iceland,ISL,2020,64.963051,-19.020835,interstate,0,Interstate
Iceland,ISL,2020,64.963051,-19.020835,intrastate,0,Intrastate
Iceland,ISL,2020,64.963051,-19.020835,non_state,0,Non-state
Iceland,ISL,2020,64.963051,-19.020835,one_sided_violence,0,One-sided violence
Iceland,ISL,2021,64.963051,-19.020835,interstate,0,Interstate
Iceland,ISL,2021,64.963051,-19.020835,intrastate,0,Intrastate
Iceland,ISL,2021,64.963051,-19.020835,non_state,0,Non-state
Iceland,ISL,2021,64.963051,-19.020835,one_sided_violence,0,One-sided violence
Iceland,ISL,2022,64.963051,-19.020835,interstate,0,Interstate
Iceland,ISL,2022,64.963051,-19.020835,intrastate,0,Intrastate
Iceland,ISL,2022,64.963051,-19.020835,non_state,0,Non-state
Iceland,ISL,2022,64.963051,-19.020835,one_sided_violence,0,One-sided violence
Iceland,ISL,2023,64.963051,-19.020835,interstate,0,Interstate
Iceland,ISL,2023,64.963051,-19.020835,intrastate,0,Intrastate
Iceland,ISL,2023,64.963051,-19.020835,non_state,0,Non-state
Iceland,ISL,2023,64.963051,-19.020835,one_sided_violence,0,One-sided violence
Iceland,ISL,2024,64.963051,-19.020835,interstate,0,Interstate
Iceland,ISL,2024,64.963051,-19.020835,intrastate,0,Intrastate
Iceland,ISL,2024,64.963051,-19.020835,non_state,0,Non-state
Iceland,ISL,2024,64.963051,-19.020835,one_sided_violence,0,One-sided violence
India,IND,2015,20.593684,78.96288,interstate,29,Interstate
India,IND,2015,20.593684,78.96288,intrastate,470,Intrastate
India,IND,2015,20.593684,78.96288,non_state,0,Non-state
India,IND,2015,20.593684,78.96288,one_sided_violence,70,One-sided violence
India,IND,2016,20.593684,78.96288,interstate,41,Interstate
India,IND,2016,20.593684,78.96288,intrastate,590,Intrastate
India,IND,2016,20.593684,78.96288,non_state,0,Non-state
India,IND,2016,20.593684,78.96288,one_sided_violence,90,One-sided violence
India,IND,2017,20.593684,78.96288,interstate,51,Interstate
India,IND,2017,20.593684,78.96288,intrastate,595,Intrastate
India,IND,2017,20.593684,78.96288,non_state,0,Non-state
India,IND,2017,20.593684,78.96288,one_sided_violence,154,One-sided violence
India,IND,2018,20.593684,78.96288,interstate,89,Interstate
India,IND,2018,20.593684,78.96288,intrastate,707,Intrastate
India,IND,2018,20.593684,78.96288,non_state,0,Non-state
India,IND,2018,20.593684,78.96288,one_sided_violence,103,One-sided violence
India,IND,2019,20.593684,78.96288,interstate,108,Interstate
India,IND,2019,20.593684,78.96288,intrastate,483,Intrastate
India,IND,2019,20.593684,78.96288,non_state,0,Non-state
India,IND,2019,20.593684,78.96288,one_sided_violence,111,One-sided violence
India,IND,2020,20.593684,78.96288,interstate,112,Interstate
India,IND,2020,20.593684,78.96288,intrastate,461,Intrastate
India,IND,2020,20.593684,78.96288,non_state,50,Non-state
India,IND,2020,20.593684,78.96288,one_sided_violence,72,One-sided violence
India,IND,2021,20.593684,78.96288,interstate,0,Interstate
India,IND,2021,20.593684,78.96288,intrastate,427,Intrastate
India,IND,2021,20.593684,78.96288,non_state,0,Non-state
India,IND,2021,20.593684,78.96288,one_sided_violence,41,One-sided violence
India,IND,2022,20.593684,78.96288,interstate,0,Interstate
India,IND,2022,20.593684,78.96288,intrastate,305,Intrastate
India,IND,2022,20.593684,78.96288,non_state,0,Non-state
India,IND,2022,20.593684,78.96288,one_sided_violence,48,One-sided violence
India,IND,2023,20.593684,78.96288,interstate,0,Interstate
India,IND,2023,20.593684,78.96288,intrastate,212,Intrastate
India,IND,2023,20.593684,78.96288,non_state,102,Non-state
India,IND,2023,20.593684,78.96288,one_sided_violence,43,One-sided violence
India,IND,2024,20.593684,78.96288,interstate,0,Interstate
India,IND,2024,20.593684,78.96288,intrastate,436,Intrastate
India,IND,2024,20.593684,78.96288,non_state,28,Non-state
India,IND,2024,20.593684,78.96288,one_sided_violence,55,One-sided violence
Indonesia,IDN,2015,-0.789275,113.921327,interstate,0,Interstate
Indonesia,IDN,2015,-0.789275,113.921327,intrastate,0,Intrastate
Indonesia,IDN,2015,-0.789275,113.921327,non_state,0,Non-state
Indonesia,IDN,2015,-0.789275,113.921327,one_sided_violence,0,One-sided violence
Indonesia,IDN,2016,-0.789275,113.921327,interstate,0,Interstate
Indonesia,IDN,2016,-0.789275,113.921327,intrastate,0,Intrastate
Indonesia,IDN,2016,-0.789275,113.921327,non_state,0,Non-state
Indonesia,IDN,2016,-0.789275,113.921327,one_sided_violence,0,One-sided violence
Indonesia,IDN,2017,-0.789275,113.921327,interstate,0,Interstate
Indonesia,IDN,2017,-0.789275,113.921327,intrastate,0,Intrastate
Indonesia,IDN,2017,-0.789275,113.921327,non_state,0,Non-state
Indonesia,IDN,2017,-0.789275,113.921327,one_sided_violence,0,One-sided violence
Indonesia,IDN,2018,-0.789275,113.921327,interstate,0,Interstate
Indonesia,IDN,2018,-0.789275,113.921327,intrastate,28,Intrastate
Indonesia,IDN,2018,-0.789275,113.921327,non_state,0,Non-state
Indonesia,IDN,2018,-0.789275,113.921327,one_sided_violence,0,One-sided violence
Indonesia,IDN,2019,-0.789275,113.921327,interstate,0,Interstate
Indonesia,IDN,2019,-0.789275,113.921327,intrastate,34,Intrastate
Indonesia,IDN,2019,-0.789275,113.921327,non_state,0,Non-state
Indonesia,IDN,2019,-0.789275,113.921327,one_sided_violence,0,One-sided violence
Indonesia,IDN,2020,-0.789275,113.921327,interstate,0,Interstate
Indonesia,IDN,2020,-0.789275,113.921327,intrastate,31,Intrastate
Indonesia,IDN,2020,-0.789275,113.921327,non_state,0,Non-state
Indonesia,IDN,2020,-0.789275,113.921327,one_sided_violence,0,One-sided violence
Indonesia,IDN,2021,-0.789275,113.921327,interstate,0,Interstate
Indonesia,IDN,2021,-0.789275,113.921327,intrastate,51,Intrastate
Indonesia,IDN,2021,-0.789275,113.921327,non_state,0,Non-state
Indonesia,IDN,2021,-0.789275,113.921327,one_sided_violence,0,One-sided violence
Indonesia,IDN,2022,-0.789275,113.921327,interstate,0,Interstate
Indonesia,IDN,2022,-0.789275,113.921327,intrastate,46,Intrastate
Indonesia,IDN,2022,-0.789275,113.921327,non_state,0,Non-state
Indonesia,IDN,2022,-0.789275,113.921327,one_sided_violence,0,One-sided violence
Indonesia,IDN,2023,-0.789275,113.921327,interstate,0,Interstate
Indonesia,IDN,2023,-0.789275,113.921327,intrastate,59,Intrastate
Indonesia,IDN,2023,-0.789275,113.921327,non_state,0,Non-state
Indonesia,IDN,2023,-0.789275,113.921327,one_sided_violence,28,One-sided violence
Indonesia,IDN,2024,-0.789275,113.921327,interstate,0,Interstate
Indonesia,IDN,2024,-0.789275,113.921327,intrastate,57,Intrastate
Indonesia,IDN,2024,-0.789275,113.921327,non_state,0,Non-state
Indonesia,IDN,2024,-0.789275,113.921327,one_sided_violence,0,One-sided violence
Iran,IRN,2015,32.427908,53.688046,interstate,0,Interstate
Iran,IRN,2015,32.427908,53.688046,intrastate,0,Intrastate
Iran,IRN,2015,32.427908,53.688046,non_state,0,Non-state
Iran,IRN,2015,32.427908,53.688046,one_sided_violence,0,One-sided violence
Iran,IRN,2016,32.427908,53.688046,interstate,0,Interstate
Iran,IRN,2016,32.427908,53.688046,intrastate,22,Intrastate
Iran,IRN,2016,32.427908,53.688046,non_state,0,Non-state
Iran,IRN,2016,32.427908,53.688046,one_sided_violence,0,One-sided violence
Iran,IRN,2017,32.427908,53.688046,interstate,0,Interstate
Iran,IRN,2017,32.427908,53.688046,intrastate,27,Intrastate
Iran,IRN,2017,32.427908,53.688046,non_state,0,Non-state
Iran,IRN,2017,32.427908,53.688046,one_sided_violence,0,One-sided violence
Iran,IRN,2018,32.427908,53.688046,interstate,0,Interstate
Iran,IRN,2018,32.427908,53.688046,intrastate,60,Intrastate
Iran,IRN,2018,32.427908,53.688046,non_state,0,Non-state
Iran,IRN,2018,32.427908,53.688046,one_sided_violence,0,One-sided violence
Iran,IRN,2019,32.427908,53.688046,interstate,0,Interstate
Iran,IRN,2019,32.427908,53.688046,intrastate,34,Intrastate
Iran,IRN,2019,32.427908,53.688046,non_state,0,Non-state
Iran,IRN,2019,32.427908,53.688046,one_sided_violence,252,One-sided violence
Iran,IRN,2020,32.427908,53.688046,interstate,177,Interstate
Iran,IRN,2020,32.427908,53.688046,intrastate,35,Intrastate
Iran,IRN,2020,32.427908,53.688046,non_state,0,Non-state
Iran,IRN,2020,32.427908,53.688046,one_sided_violence,4,One-sided violence
Iran,IRN,2021,32.427908,53.688046,interstate,0,Interstate
Iran,IRN,2021,32.427908,53.688046,intrastate,22,Intrastate
Iran,IRN,2021,32.427908,53.688046,non_state,0,Non-state
Iran,IRN,2021,32.427908,53.688046,one_sided_violence,26,One-sided violence
Iran,IRN,2022,32.427908,53.688046,interstate,0,Interstate
Iran,IRN,2022,32.427908,53.688046,intrastate,0,Intrastate
Iran,IRN,2022,32.427908,53.688046,non_state,0,Non-state
Iran,IRN,2022,32.427908,53.688046,one_sided_violence,211,One-sided violence
Iran,IRN,2023,32.427908,53.688046,interstate,0,Interstate
Iran,IRN,2023,32.427908,53.688046,intrastate,34,Intrastate
Iran,IRN,2023,32.427908,53.688046,non_state,0,Non-state
Iran,IRN,2023,32.427908,53.688046,one_sided_violence,0,One-sided violence
Iran,IRN,2024,32.427908,53.688046,interstate,4,Interstate
Iran,IRN,2024,32.427908,53.688046,intrastate,119,Intrastate
Iran,IRN,2024,32.427908,53.688046,non_state,0,Non-state
Iran,IRN,2024,32.427908,53.688046,one_sided_violence,94,One-sided violence
Iraq,IRQ,2015,33.223191,43.679291,interstate,0,Interstate
Iraq,IRQ,2015,33.223191,43.679291,intrastate,10136,Intrastate
Iraq,IRQ,2015,33.223191,43.679291,non_state,26,Non-state
Iraq,IRQ,2015,33.223191,43.679291,one_sided_violence,1139,One-sided violence
Iraq,IRQ,2016,33.223191,43.679291,interstate,0,Interstate
Iraq,IRQ,2016,33.223191,43.679291,intrastate,9635,Intrastate
Iraq,IRQ,2016,33.223191,43.679291,non_state,0,Non-state
Iraq,IRQ,2016,33.223191,43.679291,one_sided_violence,2403,One-sided violence
Iraq,IRQ,2017,33.223191,43.679291,interstate,0,Interstate
Iraq,IRQ,2017,33.223191,43.679291,intrastate,10228,Intrastate
Iraq,IRQ,2017,33.223191,43.679291,non_state,0,Non-state
Iraq,IRQ,2017,33.223191,43.679291,one_sided_violence,1189,One-sided violence
Iraq,IRQ,2018,33.223191,43.679291,interstate,0,Interstate
Iraq,IRQ,2018,33.223191,43.679291,intrastate,1274,Intrastate
Iraq,IRQ,2018,33.223191,43.679291,non_state,0,Non-state
Iraq,IRQ,2018,33.223191,43.679291,one_sided_violence,173,One-sided violence
Iraq,IRQ,2019,33.223191,43.679291,interstate,0,Interstate
Iraq,IRQ,2019,33.223191,43.679291,intrastate,786,Intrastate
Iraq,IRQ,2019,33.223191,43.679291,non_state,0,Non-state
Iraq,IRQ,2019,33.223191,43.679291,one_sided_violence,173,One-sided violence
Iraq,IRQ,2020,33.223191,43.679291,interstate,11,Interstate
Iraq,IRQ,2020,33.223191,43.679291,intrastate,875,Intrastate
Iraq,IRQ,2020,33.223191,43.679291,non_state,0,Non-state
Iraq,IRQ,2020,33.223191,43.679291,one_sided_violence,56,One-sided violence
Iraq,IRQ,2021,33.223191,43.679291,interstate,0,Interstate
Iraq,IRQ,2021,33.223191,43.679291,intrastate,864,Intrastate
Iraq,IRQ,2021,33.223191,43.679291,non_state,0,Non-state
Iraq,IRQ,2021,33.223191,43.679291,one_sided_violence,153,One-sided violence
Iraq,IRQ,2022,33.223191,43.679291,interstate,1,Interstate
Iraq,IRQ,2022,33.223191,43.679291,intrastate,992,Intrastate
Iraq,IRQ,2022,33.223191,43.679291,non_state,0,Non-state
Iraq,IRQ,2022,33.223191,43.679291,one_sided_violence,11,One-sided violence
Iraq,IRQ,2023,33.223191,43.679291,interstate,0,Interstate
Iraq,IRQ,2023,33.223191,43.679291,intrastate,469,Intrastate
Iraq,IRQ,2023,33.223191,43.679291,non_state,0,Non-state
Iraq,IRQ,2023,33.223191,43.679291,one_sided_violence,29,One-sided violence
Iraq,IRQ,2024,33.223191,43.679291,interstate,4,Interstate
Iraq,IRQ,2024,33.223191,43.679291,intrastate,392,Intrastate
Iraq,IRQ,2024,33.223191,43.679291,non_state,0,Non-state
Iraq,IRQ,2024,33.223191,43.679291,one_sided_violence,8,One-sided violence
Ireland,IRL,2015,53.41291,-8.24389,interstate,0,Interstate
Ireland,IRL,2015,53.41291,-8.24389,intrastate,0,Intrastate
Ireland,IRL,2015,53.41291,-8.24389,non_state,0,Non-state
Ireland,IRL,2015,53.41291,-8.24389,one_sided_violence,0,One-sided violence
Ireland,IRL,2016,53.41291,-8.24389,interstate,0,Interstate
Ireland,IRL,2016,53.41291,-8.24389,intrastate,0,Intrastate
Ireland,IRL,2016,53.41291,-8.24389,non_state,0,Non-state
Ireland,IRL,2016,53.41291,-8.24389,one_sided_violence,0,One-sided violence
Ireland,IRL,2017,53.41291,-8.24389,interstate,0,Interstate
Ireland,IRL,2017,53.41291,-8.24389,intrastate,0,Intrastate
Ireland,IRL,2017,53.41291,-8.24389,non_state,0,Non-state
Ireland,IRL,2017,53.41291,-8.24389,one_sided_violence,0,One-sided violence
Ireland,IRL,2018,53.41291,-8.24389,interstate,0,Interstate
Ireland,IRL,2018,53.41291,-8.24389,intrastate,0,Intrastate
Ireland,IRL,2018,53.41291,-8.24389,non_state,0,Non-state
Ireland,IRL,2018,53.41291,-8.24389,one_sided_violence,0,One-sided violence
Ireland,IRL,2019,53.41291,-8.24389,interstate,0,Interstate
Ireland,IRL,2019,53.41291,-8.24389,intrastate,0,Intrastate
Ireland,IRL,2019,53.41291,-8.24389,non_state,0,Non-state
Ireland,IRL,2019,53.41291,-8.24389,one_sided_violence,0,One-sided violence
Ireland,IRL,2020,53.41291,-8.24389,interstate,0,Interstate
Ireland,IRL,2020,53.41291,-8.24389,intrastate,0,Intrastate
Ireland,IRL,2020,53.41291,-8.24389,non_state,0,Non-state
Ireland,IRL,2020,53.41291,-8.24389,one_sided_violence,0,One-sided violence
Ireland,IRL,2021,53.41291,-8.24389,interstate,0,Interstate
Ireland,IRL,2021,53.41291,-8.24389,intrastate,0,Intrastate
Ireland,IRL,2021,53.41291,-8.24389,non_state,0,Non-state
Ireland,IRL,2021,53.41291,-8.24389,one_sided_violence,0,One-sided violence
Ireland,IRL,2022,53.41291,-8.24389,interstate,0,Interstate
Ireland,IRL,2022,53.41291,-8.24389,intrastate,0,Intrastate
Ireland,IRL,2022,53.41291,-8.24389,non_state,0,Non-state
Ireland,IRL,2022,53.41291,-8.24389,one_sided_violence,0,One-sided violence
Ireland,IRL,2023,53.41291,-8.24389,interstate,0,Interstate
Ireland,IRL,2023,53.41291,-8.24389,intrastate,0,Intrastate
Ireland,IRL,2023,53.41291,-8.24389,non_state,0,Non-state
Ireland,IRL,2023,53.41291,-8.24389,one_sided_violence,0,One-sided violence
Ireland,IRL,2024,53.41291,-8.24389,interstate,0,Interstate
Ireland,IRL,2024,53.41291,-8.24389,intrastate,0,Intrastate
Ireland,IRL,2024,53.41291,-8.24389,non_state,0,Non-state
Ireland,IRL,2024,53.41291,-8.24389,one_sided_violence,0,One-sided violence
Israel,ISR,2015,31.046051,34.851612,interstate,0,Interstate
Israel,ISR,2015,31.046051,34.851612,intrastate,0,Intrastate
Israel,ISR,2015,31.046051,34.851612,non_state,0,Non-state
Israel,ISR,2015,31.046051,34.851612,one_sided_violence,0,One-sided violence
Israel,ISR,2016,31.046051,34.851612,interstate,0,Interstate
Israel,ISR,2016,31.046051,34.851612,intrastate,0,Intrastate
Israel,ISR,2016,31.046051,34.851612,non_state,0,Non-state
Israel,ISR,2016,31.046051,34.851612,one_sided_violence,0,One-sided violence
Israel,ISR,2017,31.046051,34.851612,interstate,0,Interstate
Israel,ISR,2017,31.046051,34.851612,intrastate,0,Intrastate
Israel,ISR,2017,31.046051,34.851612,non_state,0,Non-state
Israel,ISR,2017,31.046051,34.851612,one_sided_violence,0,One-sided violence
Israel,ISR,2018,31.046051,34.851612,interstate,0,Interstate
Israel,ISR,2018,31.046051,34.851612,intrastate,2,Intrastate
Israel,ISR,2018,31.046051,34.851612,non_state,0,Non-state
Israel,ISR,2018,31.046051,34.851612,one_sided_violence,0,One-sided violence
Israel,ISR,2019,31.046051,34.851612,interstate,0,Interstate
Israel,ISR,2019,31.046051,34.851612,intrastate,0,Intrastate
Israel,ISR,2019,31.046051,34.851612,non_state,0,Non-state
Israel,ISR,2019,31.046051,34.851612,one_sided_violence,0,One-sided violence
Israel,ISR,2020,31.046051,34.851612,interstate,0,Interstate
Israel,ISR,2020,31.046051,34.851612,intrastate,0,Intrastate
Israel,ISR,2020,31.046051,34.851612,non_state,0,Non-state
Israel,ISR,2020,31.046051,34.851612,one_sided_violence,0,One-sided violence
Israel,ISR,2021,31.046051,34.851612,interstate,0,Interstate
Israel,ISR,2021,31.046051,34.851612,intrastate,17,Intrastate
Israel,ISR,2021,31.046051,34.851612,non_state,0,Non-state
Israel,ISR,2021,31.046051,34.851612,one_sided_violence,0,One-sided violence
Israel,ISR,2022,31.046051,34.851612,interstate,0,Interstate
Israel,ISR,2022,31.046051,34.851612,intrastate,0,Intrastate
Israel,ISR,2022,31.046051,34.851612,non_state,0,Non-state
Israel,ISR,2022,31.046051,34.851612,one_sided_violence,0,One-sided violence
Israel,ISR,2023,31.046051,34.851612,interstate,0,Interstate
Israel,ISR,2023,31.046051,34.851612,intrastate,630,Intrastate
Israel,ISR,2023,31.046051,34.851612,non_state,0,Non-state
Israel,ISR,2023,31.046051,34.851612,one_sided_violence,665,One-sided violence
Israel,ISR,2024,31.046051,34.851612,interstate,0,Interstate
Israel,ISR,2024,31.046051,34.851612,intrastate,59,Intrastate
Israel,ISR,2024,31.046051,34.851612,non_state,0,Non-state
Israel,ISR,2024,31.046051,34.851612,one_sided_violence,1,One-sided violence
Italy,ITA,2015,41.87194,12.56738,interstate,0,Interstate
Italy,ITA,2015,41.87194,12.56738,intrastate,0,Intrastate
Italy,ITA,2015,41.87194,12.56738,non_state,0,Non-state
Italy,ITA,2015,41.87194,12.56738,one_sided_violence,0,One-sided violence
Italy,ITA,2016,41.87194,12.56738,interstate,0,Interstate
Italy,ITA,2016,41.87194,12.56738,intrastate,0,Intrastate
Italy,ITA,2016,41.87194,12.56738,non_state,0,Non-state
Italy,ITA,2016,41.87194,12.56738,one_sided_violence,0,One-sided violence
Italy,ITA,2017,41.87194,12.56738,interstate,0,Interstate
Italy,ITA,2017,41.87194,12.56738,intrastate,0,Intrastate
Italy,ITA,2017,41.87194,12.56738,non_state,0,Non-state
Italy,ITA,2017,41.87194,12.56738,one_sided_violence,0,One-sided violence
Italy,ITA,2018,41.87194,12.56738,interstate,0,Interstate
Italy,ITA,2018,41.87194,12.56738,intrastate,0,Intrastate
Italy,ITA,2018,41.87194,12.56738,non_state,0,Non-state
Italy,ITA,2018,41.87194,12.56738,one_sided_violence,0,One-sided violence
Italy,ITA,2019,41.87194,12.56738,interstate,0,Interstate
Italy,ITA,2019,41.87194,12.56738,intrastate,0,Intrastate
Italy,ITA,2019,41.87194,12.56738,non_state,0,Non-state
Italy,ITA,2019,41.87194,12.56738,one_sided_violence,0,One-sided violence
Italy,ITA,2020,41.87194,12.56738,interstate,0,Interstate
Italy,ITA,2020,41.87194,12.56738,intrastate,0,Intrastate
Italy,ITA,2020,41.87194,12.56738,non_state,0,Non-state
Italy,ITA,2020,41.87194,12.56738,one_sided_violence,0,One-sided violence
Italy,ITA,2021,41.87194,12.56738,interstate,0,Interstate
Italy,ITA,2021,41.87194,12.56738,intrastate,0,Intrastate
Italy,ITA,2021,41.87194,12.56738,non_state,0,Non-state
Italy,ITA,2021,41.87194,12.56738,one_sided_violence,0,One-sided violence
Italy,ITA,2022,41.87194,12.56738,interstate,0,Interstate
Italy,ITA,2022,41.87194,12.56738,intrastate,0,Intrastate
Italy,ITA,2022,41.87194,12.56738,non_state,0,Non-state
Italy,ITA,2022,41.87194,12.56738,one_sided_violence,0,One-sided violence
Italy,ITA,2023,41.87194,12.56738,interstate,0,Interstate
Italy,ITA,2023,41.87194,12.56738,intrastate,0,Intrastate
Italy,ITA,2023,41.87194,12.56738,non_state,0,Non-state
Italy,ITA,2023,41.87194,12.56738,one_sided_violence,0,One-sided violence
Italy,ITA,2024,41.87194,12.56738,interstate,0,Interstate
Italy,ITA,2024,41.87194,12.56738,intrastate,0,Intrastate
Italy,ITA,2024,41.87194,12.56738,non_state,0,Non-state
Italy,ITA,2024,41.87194,12.56738,one_sided_violence,0,One-sided violence
Jamaica,JAM,2015,18.109581,-77.297508,interstate,0,Interstate
Jamaica,JAM,2015,18.109581,-77.297508,intrastate,0,Intrastate
Jamaica,JAM,2015,18.109581,-77.297508,non_state,0,Non-state
Jamaica,JAM,2015,18.109581,-77.297508,one_sided_violence,0,One-sided violence
Jamaica,JAM,2016,18.109581,-77.297508,interstate,0,Interstate
Jamaica,JAM,2016,18.109581,-77.297508,intrastate,0,Intrastate
Jamaica,JAM,2016,18.109581,-77.297508,non_state,0,Non-state
Jamaica,JAM,2016,18.109581,-77.297508,one_sided_violence,0,One-sided violence
Jamaica,JAM,2017,18.109581,-77.297508,interstate,0,Interstate
Jamaica,JAM,2017,18.109581,-77.297508,intrastate,0,Intrastate
Jamaica,JAM,2017,18.109581,-77.297508,non_state,0,Non-state
Jamaica,JAM,2017,18.109581,-77.297508,one_sided_violence,0,One-sided violence
Jamaica,JAM,2018,18.109581,-77.297508,interstate,0,Interstate
Jamaica,JAM,2018,18.109581,-77.297508,intrastate,0,Intrastate
Jamaica,JAM,2018,18.109581,-77.297508,non_state,0,Non-state
Jamaica,JAM,2018,18.109581,-77.297508,one_sided_violence,0,One-sided violence
Jamaica,JAM,2019,18.109581,-77.297508,interstate,0,Interstate
Jamaica,JAM,2019,18.109581,-77.297508,intrastate,0,Intrastate
Jamaica,JAM,2019,18.109581,-77.297508,non_state,0,Non-state
Jamaica,JAM,2019,18.109581,-77.297508,one_sided_violence,0,One-sided violence
Jamaica,JAM,2020,18.109581,-77.297508,interstate,0,Interstate
Jamaica,JAM,2020,18.109581,-77.297508,intrastate,0,Intrastate
Jamaica,JAM,2020,18.109581,-77.297508,non_state,0,Non-state
Jamaica,JAM,2020,18.109581,-77.297508,one_sided_violence,0,One-sided violence
Jamaica,JAM,2021,18.109581,-77.297508,interstate,0,Interstate
Jamaica,JAM,2021,18.109581,-77.297508,intrastate,0,Intrastate
Jamaica,JAM,2021,18.109581,-77.297508,non_state,0,Non-state
Jamaica,JAM,2021,18.109581,-77.297508,one_sided_violence,0,One-sided violence
Jamaica,JAM,2022,18.109581,-77.297508,interstate,0,Interstate
Jamaica,JAM,2022,18.109581,-77.297508,intrastate,0,Intrastate
Jamaica,JAM,2022,18.109581,-77.297508,non_state,0,Non-state
Jamaica,JAM,2022,18.109581,-77.297508,one_sided_violence,0,One-sided violence
Jamaica,JAM,2023,18.109581,-77.297508,interstate,0,Interstate
Jamaica,JAM,2023,18.109581,-77.297508,intrastate,0,Intrastate
Jamaica,JAM,2023,18.109581,-77.297508,non_state,0,Non-state
Jamaica,JAM,2023,18.109581,-77.297508,one_sided_violence,0,One-sided violence
Jamaica,JAM,2024,18.109581,-77.297508,interstate,0,Interstate
Jamaica,JAM,2024,18.109581,-77.297508,intrastate,0,Intrastate
Jamaica,JAM,2024,18.109581,-77.297508,non_state,0,Non-state
Jamaica,JAM,2024,18.109581,-77.297508,one_sided_violence,0,One-sided violence
Japan,JPN,2015,36.204824,138.252924,interstate,0,Interstate
Japan,JPN,2015,36.204824,138.252924,intrastate,0,Intrastate
Japan,JPN,2015,36.204824,138.252924,non_state,0,Non-state
Japan,JPN,2015,36.204824,138.252924,one_sided_violence,0,One-sided violence
Japan,JPN,2016,36.204824,138.252924,interstate,0,Interstate
Japan,JPN,2016,36.204824,138.252924,intrastate,0,Intrastate
Japan,JPN,2016,36.204824,138.252924,non_state,0,Non-state
Japan,JPN,2016,36.204824,138.252924,one_sided_violence,0,One-sided violence
Japan,JPN,2017,36.204824,138.252924,interstate,0,Interstate
Japan,JPN,2017,36.204824,138.252924,intrastate,0,Intrastate
Japan,JPN,2017,36.204824,138.252924,non_state,0,Non-state
Japan,JPN,2017,36.204824,138.252924,one_sided_violence,0,One-sided violence
Japan,JPN,2018,36.204824,138.252924,interstate,0,Interstate
Japan,JPN,2018,36.204824,138.252924,intrastate,0,Intrastate
Japan,JPN,2018,36.204824,138.252924,non_state,0,Non-state
Japan,JPN,2018,36.204824,138.252924,one_sided_violence,0,One-sided violence
Japan,JPN,2019,36.204824,138.252924,interstate,0,Interstate
Japan,JPN,2019,36.204824,138.252924,intrastate,0,Intrastate
Japan,JPN,2019,36.204824,138.252924,non_state,0,Non-state
Japan,JPN,2019,36.204824,138.252924,one_sided_violence,0,One-sided violence
Japan,JPN,2020,36.204824,138.252924,interstate,0,Interstate
Japan,JPN,2020,36.204824,138.252924,intrastate,0,Intrastate
Japan,JPN,2020,36.204824,138.252924,non_state,0,Non-state
Japan,JPN,2020,36.204824,138.252924,one_sided_violence,0,One-sided violence
Japan,JPN,2021,36.204824,138.252924,interstate,0,Interstate
Japan,JPN,2021,36.204824,138.252924,intrastate,0,Intrastate
Japan,JPN,2021,36.204824,138.252924,non_state,0,Non-state
Japan,JPN,2021,36.204824,138.252924,one_sided_violence,0,One-sided violence
Japan,JPN,2022,36.204824,138.252924,interstate,0,Interstate
Japan,JPN,2022,36.204824,138.252924,intrastate,0,Intrastate
Japan,JPN,2022,36.204824,138.252924,non_state,0,Non-state
Japan,JPN,2022,36.204824,138.252924,one_sided_violence,0,One-sided violence
Japan,JPN,2023,36.204824,138.252924,interstate,0,Interstate
Japan,JPN,2023,36.204824,138.252924,intrastate,0,Intrastate
Japan,JPN,2023,36.204824,138.252924,non_state,0,Non-state
Japan,JPN,2023,36.204824,138.252924,one_sided_violence,0,One-sided violence
Japan,JPN,2024,36.204824,138.252924,interstate,0,Interstate
Japan,JPN,2024,36.204824,138.252924,intrastate,0,Intrastate
Japan,JPN,2024,36.204824,138.252924,non_state,0,Non-state
Japan,JPN,2024,36.204824,138.252924,one_sided_violence,0,One-sided violence
Jordan,JOR,2015,30.585164,36.238414,interstate,0,Interstate
Jordan,JOR,2015,30.585164,36.238414,intrastate,1,Intrastate
Jordan,JOR,2015,30.585164,36.238414,non_state,0,Non-state
Jordan,JOR,2015,30.585164,36.238414,one_sided_violence,0,One-sided violence
Jordan,JOR,2016,30.585164,36.238414,interstate,0,Interstate
Jordan,JOR,2016,30.585164,36.238414,intrastate,34,Intrastate
Jordan,JOR,2016,30.585164,36.238414,non_state,3,Non-state
Jordan,JOR,2016,30.585164,36.238414,one_sided_violence,0,One-sided violence
Jordan,JOR,2017,30.585164,36.238414,interstate,0,Interstate
Jordan,JOR,2017,30.585164,36.238414,intrastate,0,Intrastate
Jordan,JOR,2017,30.585164,36.238414,non_state,0,Non-state
Jordan,JOR,2017,30.585164,36.238414,one_sided_violence,0,One-sided violence
Jordan,JOR,2018,30.585164,36.238414,interstate,0,Interstate
Jordan,JOR,2018,30.585164,36.238414,intrastate,0,Intrastate
Jordan,JOR,2018,30.585164,36.238414,non_state,0,Non-state
Jordan,JOR,2018,30.585164,36.238414,one_sided_violence,0,One-sided violence
Jordan,JOR,2019,30.585164,36.238414,interstate,0,Interstate
Jordan,JOR,2019,30.585164,36.238414,intrastate,0,Intrastate
Jordan,JOR,2019,30.585164,36.238414,non_state,0,Non-state
Jordan,JOR,2019,30.585164,36.238414,one_sided_violence,0,One-sided violence
Jordan,JOR,2020,30.585164,36.238414,interstate,0,Interstate
Jordan,JOR,2020,30.585164,36.238414,intrastate,0,Intrastate
Jordan,JOR,2020,30.585164,36.238414,non_state,0,Non-state
Jordan,JOR,2020,30.585164,36.238414,one_sided_violence,0,One-sided violence
Jordan,JOR,2021,30.585164,36.238414,interstate,0,Interstate
Jordan,JOR,2021,30.585164,36.238414,intrastate,0,Intrastate
Jordan,JOR,2021,30.585164,36.238414,non_state,0,Non-state
Jordan,JOR,2021,30.585164,36.238414,one_sided_violence,0,One-sided violence
Jordan,JOR,2022,30.585164,36.238414,interstate,0,Interstate
Jordan,JOR,2022,30.585164,36.238414,intrastate,0,Intrastate
Jordan,JOR,2022,30.585164,36.238414,non_state,0,Non-state
Jordan,JOR,2022,30.585164,36.238414,one_sided_violence,0,One-sided violence
Jordan,JOR,2023,30.585164,36.238414,interstate,0,Interstate
Jordan,JOR,2023,30.585164,36.238414,intrastate,0,Intrastate
Jordan,JOR,2023,30.585164,36.238414,non_state,0,Non-state
Jordan,JOR,2023,30.585164,36.238414,one_sided_violence,0,One-sided violence
Jordan,JOR,2024,30.585164,36.238414,interstate,3,Interstate
Jordan,JOR,2024,30.585164,36.238414,intrastate,0,Intrastate
Jordan,JOR,2024,30.585164,36.238414,non_state,0,Non-state
Jordan,JOR,2024,30.585164,36.238414,one_sided_violence,0,One-sided violence
Kazakhstan,KAZ,2015,48.019573,66.923684,interstate,0,Interstate
Kazakhstan,KAZ,2015,48.019573,66.923684,intrastate,0,Intrastate
Kazakhstan,KAZ,2015,48.019573,66.923684,non_state,0,Non-state
Kazakhstan,KAZ,2015,48.019573,66.923684,one_sided_violence,0,One-sided violence
Kazakhstan,KAZ,2016,48.019573,66.923684,interstate,0,Interstate
Kazakhstan,KAZ,2016,48.019573,66.923684,intrastate,0,Intrastate
Kazakhstan,KAZ,2016,48.019573,66.923684,non_state,0,Non-state
Kazakhstan,KAZ,2016,48.019573,66.923684,one_sided_violence,0,One-sided violence
Kazakhstan,KAZ,2017,48.019573,66.923684,interstate,0,Interstate
Kazakhstan,KAZ,2017,48.019573,66.923684,intrastate,0,Intrastate
Kazakhstan,KAZ,2017,48.019573,66.923684,non_state,0,Non-state
Kazakhstan,KAZ,2017,48.019573,66.923684,one_sided_violence,0,One-sided violence
Kazakhstan,KAZ,2018,48.019573,66.923684,interstate,0,Interstate
Kazakhstan,KAZ,2018,48.019573,66.923684,intrastate,0,Intrastate
Kazakhstan,KAZ,2018,48.019573,66.923684,non_state,0,Non-state
Kazakhstan,KAZ,2018,48.019573,66.923684,one_sided_violence,0,One-sided violence
Kazakhstan,KAZ,2019,48.019573,66.923684,interstate,0,Interstate
Kazakhstan,KAZ,2019,48.019573,66.923684,intrastate,0,Intrastate
Kazakhstan,KAZ,2019,48.019573,66.923684,non_state,0,Non-state
Kazakhstan,KAZ,2019,48.019573,66.923684,one_sided_violence,0,One-sided violence
Kazakhstan,KAZ,2020,48.019573,66.923684,interstate,0,Interstate
Kazakhstan,KAZ,2020,48.019573,66.923684,intrastate,0,Intrastate
Kazakhstan,KAZ,2020,48.019573,66.923684,non_state,0,Non-state
Kazakhstan,KAZ,2020,48.019573,66.923684,one_sided_violence,0,One-sided violence
Kazakhstan,KAZ,2021,48.019573,66.923684,interstate,0,Interstate
Kazakhstan,KAZ,2021,48.019573,66.923684,intrastate,0,Intrastate
Kazakhstan,KAZ,2021,48.019573,66.923684,non_state,0,Non-state
Kazakhstan,KAZ,2021,48.019573,66.923684,one_sided_violence,0,One-sided violence
Kazakhstan,KAZ,2022,48.019573,66.923684,interstate,0,Interstate
Kazakhstan,KAZ,2022,48.019573,66.923684,intrastate,0,Intrastate
Kazakhstan,KAZ,2022,48.019573,66.923684,non_state,0,Non-state
Kazakhstan,KAZ,2022,48.019573,66.923684,one_sided_violence,0,One-sided violence
Kazakhstan,KAZ,2023,48.019573,66.923684,interstate,0,Interstate
Kazakhstan,KAZ,2023,48.019573,66.923684,intrastate,0,Intrastate
Kazakhstan,KAZ,2023,48.019573,66.923684,non_state,0,Non-state
Kazakhstan,KAZ,2023,48.019573,66.923684,one_sided_violence,0,One-sided violence
Kazakhstan,KAZ,2024,48.019573,66.923684,interstate,0,Interstate
Kazakhstan,KAZ,2024,48.019573,66.923684,intrastate,0,Intrastate
Kazakhstan,KAZ,2024,48.019573,66.923684,non_state,0,Non-state
Kazakhstan,KAZ,2024,48.019573,66.923684,one_sided_violence,0,One-sided violence
Kenya,KEN,2015,-0.023559,37.906193,interstate,0,Interstate
Kenya,KEN,2015,-0.023559,37.906193,intrastate,48,Intrastate
Kenya,KEN,2015,-0.023559,37.906193,non_state,152,Non-state
Kenya,KEN,2015,-0.023559,37.906193,one_sided_violence,174,One-sided violence
Kenya,KEN,2016,-0.023559,37.906193,interstate,0,Interstate
Kenya,KEN,2016,-0.023559,37.906193,intrastate,49,Intrastate
Kenya,KEN,2016,-0.023559,37.906193,non_state,30,Non-state
Kenya,KEN,2016,-0.023559,37.906193,one_sided_violence,28,One-sided violence
Kenya,KEN,2017,-0.023559,37.906193,interstate,0,Interstate
Kenya,KEN,2017,-0.023559,37.906193,intrastate,80,Intrastate
Kenya,KEN,2017,-0.023559,37.906193,non_state,0,Non-state
Kenya,KEN,2017,-0.023559,37.906193,one_sided_violence,69,One-sided violence
Kenya,KEN,2018,-0.023559,37.906193,interstate,0,Interstate
Kenya,KEN,2018,-0.023559,37.906193,intrastate,69,Intrastate
Kenya,KEN,2018,-0.023559,37.906193,non_state,0,Non-state
Kenya,KEN,2018,-0.023559,37.906193,one_sided_violence,37,One-sided violence
Kenya,KEN,2019,-0.023559,37.906193,interstate,0,Interstate
Kenya,KEN,2019,-0.023559,37.906193,intrastate,61,Intrastate
Kenya,KEN,2019,-0.023559,37.906193,non_state,74,Non-state
Kenya,KEN,2019,-0.023559,37.906193,one_sided_violence,24,One-sided violence
Kenya,KEN,2020,-0.023559,37.906193,interstate,0,Interstate
Kenya,KEN,2020,-0.023559,37.906193,intrastate,88,Intrastate
Kenya,KEN,2020,-0.023559,37.906193,non_state,0,Non-state
Kenya,KEN,2020,-0.023559,37.906193,one_sided_violence,15,One-sided violence
Kenya,KEN,2021,-0.023559,37.906193,interstate,0,Interstate
Kenya,KEN,2021,-0.023559,37.906193,intrastate,75,Intrastate
Kenya,KEN,2021,-0.023559,37.906193,non_state,25,Non-state
Kenya,KEN,2021,-0.023559,37.906193,one_sided_violence,8,One-sided violence
Kenya,KEN,2022,-0.023559,37.906193,interstate,0,Interstate
Kenya,KEN,2022,-0.023559,37.906193,intrastate,72,Intrastate
Kenya,KEN,2022,-0.023559,37.906193,non_state,0,Non-state
Kenya,KEN,2022,-0.023559,37.906193,one_sided_violence,20,One-sided violence
Kenya,KEN,2023,-0.023559,37.906193,interstate,0,Interstate
Kenya,KEN,2023,-0.023559,37.906193,intrastate,202,Intrastate
Kenya,KEN,2023,-0.023559,37.906193,non_state,0,Non-state
Kenya,KEN,2023,-0.023559,37.906193,one_sided_violence,22,One-sided violence
Kenya,KEN,2024,-0.023559,37.906193,interstate,0,Interstate
Kenya,KEN,2024,-0.023559,37.906193,intrastate,66,Intrastate
Kenya,KEN,2024,-0.023559,37.906193,non_state,18,Non-state
Kenya,KEN,2024,-0.023559,37.906193,one_sided_violence,8,One-sided violence
Kiribati,KIR,2015,-3.370417,-168.734039,interstate,0,Interstate
Kiribati,KIR,2015,-3.370417,-168.734039,intrastate,0,Intrastate
Kiribati,KIR,2015,-3.370417,-168.734039,non_state,0,Non-state
Kiribati,KIR,2015,-3.370417,-168.734039,one_sided_violence,0,One-sided violence
Kiribati,KIR,2016,-3.370417,-168.734039,interstate,0,Interstate
Kiribati,KIR,2016,-3.370417,-168.734039,intrastate,0,Intrastate
Kiribati,KIR,2016,-3.370417,-168.734039,non_state,0,Non-state
Kiribati,KIR,2016,-3.370417,-168.734039,one_sided_violence,0,One-sided violence
Kiribati,KIR,2017,-3.370417,-168.734039,interstate,0,Interstate
Kiribati,KIR,2017,-3.370417,-168.734039,intrastate,0,Intrastate
Kiribati,KIR,2017,-3.370417,-168.734039,non_state,0,Non-state
Kiribati,KIR,2017,-3.370417,-168.734039,one_sided_violence,0,One-sided violence
Kiribati,KIR,2018,-3.370417,-168.734039,interstate,0,Interstate
Kiribati,KIR,2018,-3.370417,-168.734039,intrastate,0,Intrastate
Kiribati,KIR,2018,-3.370417,-168.734039,non_state,0,Non-state
Kiribati,KIR,2018,-3.370417,-168.734039,one_sided_violence,0,One-sided violence
Kiribati,KIR,2019,-3.370417,-168.734039,interstate,0,Interstate
Kiribati,KIR,2019,-3.370417,-168.734039,intrastate,0,Intrastate
Kiribati,KIR,2019,-3.370417,-168.734039,non_state,0,Non-state
Kiribati,KIR,2019,-3.370417,-168.734039,one_sided_violence,0,One-sided violence
Kiribati,KIR,2020,-3.370417,-168.734039,interstate,0,Interstate
Kiribati,KIR,2020,-3.370417,-168.734039,intrastate,0,Intrastate
Kiribati,KIR,2020,-3.370417,-168.734039,non_state,0,Non-state
Kiribati,KIR,2020,-3.370417,-168.734039,one_sided_violence,0,One-sided violence
Kiribati,KIR,2021,-3.370417,-168.734039,interstate,0,Interstate
Kiribati,KIR,2021,-3.370417,-168.734039,intrastate,0,Intrastate
Kiribati,KIR,2021,-3.370417,-168.734039,non_state,0,Non-state
Kiribati,KIR,2021,-3.370417,-168.734039,one_sided_violence,0,One-sided violence
Kiribati,KIR,2022,-3.370417,-168.734039,interstate,0,Interstate
Kiribati,KIR,2022,-3.370417,-168.734039,intrastate,0,Intrastate
Kiribati,KIR,2022,-3.370417,-168.734039,non_state,0,Non-state
Kiribati,KIR,2022,-3.370417,-168.734039,one_sided_violence,0,One-sided violence
Kiribati,KIR,2023,-3.370417,-168.734039,interstate,0,Interstate
Kiribati,KIR,2023,-3.370417,-168.734039,intrastate,0,Intrastate
Kiribati,KIR,2023,-3.370417,-168.734039,non_state,0,Non-state
Kiribati,KIR,2023,-3.370417,-168.734039,one_sided_violence,0,One-sided violence
Kiribati,KIR,2024,-3.370417,-168.734039,interstate,0,Interstate
Kiribati,KIR,2024,-3.370417,-168.734039,intrastate,0,Intrastate
Kiribati,KIR,2024,-3.370417,-168.734039,non_state,0,Non-state
Kiribati,KIR,2024,-3.370417,-168.734039,one_sided_violence,0,One-sided violence
Kosovo,KOS,2015,42.6026,20.903,interstate,0,Interstate
Kosovo,KOS,2015,42.6026,20.903,intrastate,0,Intrastate
Kosovo,KOS,2015,42.6026,20.903,non_state,0,Non-state
Kosovo,KOS,2015,42.6026,20.903,one_sided_violence,0,One-sided violence
Kosovo,KOS,2016,42.6026,20.903,interstate,0,Interstate
Kosovo,KOS,2016,42.6026,20.903,intrastate,0,Intrastate
Kosovo,KOS,2016,42.6026,20.903,non_state,0,Non-state
Kosovo,KOS,2016,42.6026,20.903,one_sided_violence,0,One-sided violence
Kosovo,KOS,2017,42.6026,20.903,interstate,0,Interstate
Kosovo,KOS,2017,42.6026,20.903,intrastate,0,Intrastate
Kosovo,KOS,2017,42.6026,20.903,non_state,0,Non-state
Kosovo,KOS,2017,42.6026,20.903,one_sided_violence,0,One-sided violence
Kosovo,KOS,2018,42.6026,20.903,interstate,0,Interstate
Kosovo,KOS,2018,42.6026,20.903,intrastate,0,Intrastate
Kosovo,KOS,2018,42.6026,20.903,non_state,0,Non-state
Kosovo,KOS,2018,42.6026,20.903,one_sided_violence,0,One-sided violence
Kosovo,KOS,2019,42.6026,20.903,interstate,0,Interstate
Kosovo,KOS,2019,42.6026,20.903,intrastate,0,Intrastate
Kosovo,KOS,2019,42.6026,20.903,non_state,0,Non-state
Kosovo,KOS,2019,42.6026,20.903,one_sided_violence,0,One-sided violence
Kosovo,KOS,2020,42.6026,20.903,interstate,0,Interstate
Kosovo,KOS,2020,42.6026,20.903,intrastate,0,Intrastate
Kosovo,KOS,2020,42.6026,20.903,non_state,0,Non-state
Kosovo,KOS,2020,42.6026,20.903,one_sided_violence,0,One-sided violence
Kosovo,KOS,2021,42.6026,20.903,interstate,0,Interstate
Kosovo,KOS,2021,42.6026,20.903,intrastate,0,Intrastate
Kosovo,KOS,2021,42.6026,20.903,non_state,0,Non-state
Kosovo,KOS,2021,42.6026,20.903,one_sided_violence,0,One-sided violence
Kosovo,KOS,2022,42.6026,20.903,interstate,0,Interstate
Kosovo,KOS,2022,42.6026,20.903,intrastate,0,Intrastate
Kosovo,KOS,2022,42.6026,20.903,non_state,0,Non-state
Kosovo,KOS,2022,42.6026,20.903,one_sided_violence,0,One-sided violence
Kosovo,KOS,2023,42.6026,20.903,interstate,0,Interstate
Kosovo,KOS,2023,42.6026,20.903,intrastate,0,Intrastate
Kosovo,KOS,2023,42.6026,20.903,non_state,0,Non-state
Kosovo,KOS,2023,42.6026,20.903,one_sided_violence,0,One-sided violence
Kosovo,KOS,2024,42.6026,20.903,interstate,0,Interstate
Kosovo,KOS,2024,42.6026,20.903,intrastate,0,Intrastate
Kosovo,KOS,2024,42.6026,20.903,non_state,0,Non-state
Kosovo,KOS,2024,42.6026,20.903,one_sided_violence,0,One-sided violence
Kuwait,KWT,2015,29.31166,47.481766,interstate,0,Interstate
Kuwait,KWT,2015,29.31166,47.481766,intrastate,0,Intrastate
Kuwait,KWT,2015,29.31166,47.481766,non_state,0,Non-state
Kuwait,KWT,2015,29.31166,47.481766,one_sided_violence,26,One-sided violence
Kuwait,KWT,2016,29.31166,47.481766,interstate,0,Interstate
Kuwait,KWT,2016,29.31166,47.481766,intrastate,0,Intrastate
Kuwait,KWT,2016,29.31166,47.481766,non_state,0,Non-state
Kuwait,KWT,2016,29.31166,47.481766,one_sided_violence,0,One-sided violence
Kuwait,KWT,2017,29.31166,47.481766,interstate,0,Interstate
Kuwait,KWT,2017,29.31166,47.481766,intrastate,0,Intrastate
Kuwait,KWT,2017,29.31166,47.481766,non_state,0,Non-state
Kuwait,KWT,2017,29.31166,47.481766,one_sided_violence,0,One-sided violence
Kuwait,KWT,2018,29.31166,47.481766,interstate,0,Interstate
Kuwait,KWT,2018,29.31166,47.481766,intrastate,0,Intrastate
Kuwait,KWT,2018,29.31166,47.481766,non_state,0,Non-state
Kuwait,KWT,2018,29.31166,47.481766,one_sided_violence,0,One-sided violence
Kuwait,KWT,2019,29.31166,47.481766,interstate,0,Interstate
Kuwait,KWT,2019,29.31166,47.481766,intrastate,0,Intrastate
Kuwait,KWT,2019,29.31166,47.481766,non_state,0,Non-state
Kuwait,KWT,2019,29.31166,47.481766,one_sided_violence,0,One-sided violence
Kuwait,KWT,2020,29.31166,47.481766,interstate,0,Interstate
Kuwait,KWT,2020,29.31166,47.481766,intrastate,0,Intrastate
Kuwait,KWT,2020,29.31166,47.481766,non_state,0,Non-state
Kuwait,KWT,2020,29.31166,47.481766,one_sided_violence,0,One-sided violence
Kuwait,KWT,2021,29.31166,47.481766,interstate,0,Interstate
Kuwait,KWT,2021,29.31166,47.481766,intrastate,0,Intrastate
Kuwait,KWT,2021,29.31166,47.481766,non_state,0,Non-state
Kuwait,KWT,2021,29.31166,47.481766,one_sided_violence,0,One-sided violence
Kuwait,KWT,2022,29.31166,47.481766,interstate,0,Interstate
Kuwait,KWT,2022,29.31166,47.481766,intrastate,0,Intrastate
Kuwait,KWT,2022,29.31166,47.481766,non_state,0,Non-state
Kuwait,KWT,2022,29.31166,47.481766,one_sided_violence,0,One-sided violence
Kuwait,KWT,2023,29.31166,47.481766,interstate,0,Interstate
Kuwait,KWT,2023,29.31166,47.481766,intrastate,0,Intrastate
Kuwait,KWT,2023,29.31166,47.481766,non_state,0,Non-state
Kuwait,KWT,2023,29.31166,47.481766,one_sided_violence,0,One-sided violence
Kuwait,KWT,2024,29.31166,47.481766,interstate,0,Interstate
Kuwait,KWT,2024,29.31166,47.481766,intrastate,0,Intrastate
Kuwait,KWT,2024,29.31166,47.481766,non_state,0,Non-state
Kuwait,KWT,2024,29.31166,47.481766,one_sided_violence,0,One-sided violence
Kyrgyzstan,KGZ,2015,41.20438,74.766098,interstate,0,Interstate
Kyrgyzstan,KGZ,2015,41.20438,74.766098,intrastate,0,Intrastate
Kyrgyzstan,KGZ,2015,41.20438,74.766098,non_state,0,Non-state
Kyrgyzstan,KGZ,2015,41.20438,74.766098,one_sided_violence,0,One-sided violence
Kyrgyzstan,KGZ,2016,41.20438,74.766098,interstate,0,Interstate
Kyrgyzstan,KGZ,2016,41.20438,74.766098,intrastate,0,Intrastate
Kyrgyzstan,KGZ,2016,41.20438,74.766098,non_state,0,Non-state
Kyrgyzstan,KGZ,2016,41.20438,74.766098,one_sided_violence,0,One-sided violence
Kyrgyzstan,KGZ,2017,41.20438,74.766098,interstate,0,Interstate
Kyrgyzstan,KGZ,2017,41.20438,74.766098,intrastate,0,Intrastate
Kyrgyzstan,KGZ,2017,41.20438,74.766098,non_state,0,Non-state
Kyrgyzstan,KGZ,2017,41.20438,74.766098,one_sided_violence,0,One-sided violence
Kyrgyzstan,KGZ,2018,41.20438,74.766098,interstate,0,Interstate
Kyrgyzstan,KGZ,2018,41.20438,74.766098,intrastate,0,Intrastate
Kyrgyzstan,KGZ,2018,41.20438,74.766098,non_state,0,Non-state
Kyrgyzstan,KGZ,2018,41.20438,74.766098,one_sided_violence,0,One-sided violence
Kyrgyzstan,KGZ,2019,41.20438,74.766098,interstate,0,Interstate
Kyrgyzstan,KGZ,2019,41.20438,74.766098,intrastate,0,Intrastate
Kyrgyzstan,KGZ,2019,41.20438,74.766098,non_state,0,Non-state
Kyrgyzstan,KGZ,2019,41.20438,74.766098,one_sided_violence,0,One-sided violence
Kyrgyzstan,KGZ,2020,41.20438,74.766098,interstate,0,Interstate
Kyrgyzstan,KGZ,2020,41.20438,74.766098,intrastate,0,Intrastate
Kyrgyzstan,KGZ,2020,41.20438,74.766098,non_state,0,Non-state
Kyrgyzstan,KGZ,2020,41.20438,74.766098,one_sided_violence,0,One-sided violence
Kyrgyzstan,KGZ,2021,41.20438,74.766098,interstate,39,Interstate
Kyrgyzstan,KGZ,2021,41.20438,74.766098,intrastate,0,Intrastate
Kyrgyzstan,KGZ,2021,41.20438,74.766098,non_state,0,Non-state
Kyrgyzstan,KGZ,2021,41.20438,74.766098,one_sided_violence,0,One-sided violence
Kyrgyzstan,KGZ,2022,41.20438,74.766098,interstate,55,Interstate
Kyrgyzstan,KGZ,2022,41.20438,74.766098,intrastate,0,Intrastate
Kyrgyzstan,KGZ,2022,41.20438,74.766098,non_state,0,Non-state
Kyrgyzstan,KGZ,2022,41.20438,74.766098,one_sided_violence,0,One-sided violence
Kyrgyzstan,KGZ,2023,41.20438,74.766098,interstate,0,Interstate
Kyrgyzstan,KGZ,2023,41.20438,74.766098,intrastate,0,Intrastate
Kyrgyzstan,KGZ,2023,41.20438,74.766098,non_state,0,Non-state
Kyrgyzstan,KGZ,2023,41.20438,74.766098,one_sided_violence,0,One-sided violence
Kyrgyzstan,KGZ,2024,41.20438,74.766098,interstate,0,Interstate
Kyrgyzstan,KGZ,2024,41.20438,74.766098,intrastate,0,Intrastate
Kyrgyzstan,KGZ,2024,41.20438,74.766098,non_state,0,Non-state
Kyrgyzstan,KGZ,2024,41.20438,74.766098,one_sided_violence,0,One-sided violence
Laos,LAO,2015,19.85627,102.495496,interstate,0,Interstate
Laos,LAO,2015,19.85627,102.495496,intrastate,0,Intrastate
Laos,LAO,2015,19.85627,102.495496,non_state,0,Non-state
Laos,LAO,2015,19.85627,102.495496,one_sided_violence,0,One-sided violence
Laos,LAO,2016,19.85627,102.495496,interstate,0,Interstate
Laos,LAO,2016,19.85627,102.495496,intrastate,0,Intrastate
Laos,LAO,2016,19.85627,102.495496,non_state,0,Non-state
Laos,LAO,2016,19.85627,102.495496,one_sided_violence,0,One-sided violence
Laos,LAO,2017,19.85627,102.495496,interstate,0,Interstate
Laos,LAO,2017,19.85627,102.495496,intrastate,0,Intrastate
Laos,LAO,2017,19.85627,102.495496,non_state,0,Non-state
Laos,LAO,2017,19.85627,102.495496,one_sided_violence,0,One-sided violence
Laos,LAO,2018,19.85627,102.495496,interstate,0,Interstate
Laos,LAO,2018,19.85627,102.495496,intrastate,0,Intrastate
Laos,LAO,2018,19.85627,102.495496,non_state,0,Non-state
Laos,LAO,2018,19.85627,102.495496,one_sided_violence,0,One-sided violence
Laos,LAO,2019,19.85627,102.495496,interstate,0,Interstate
Laos,LAO,2019,19.85627,102.495496,intrastate,0,Intrastate
Laos,LAO,2019,19.85627,102.495496,non_state,0,Non-state
Laos,LAO,2019,19.85627,102.495496,one_sided_violence,0,One-sided violence
Laos,LAO,2020,19.85627,102.495496,interstate,0,Interstate
Laos,LAO,2020,19.85627,102.495496,intrastate,0,Intrastate
Laos,LAO,2020,19.85627,102.495496,non_state,0,Non-state
Laos,LAO,2020,19.85627,102.495496,one_sided_violence,0,One-sided violence
Laos,LAO,2021,19.85627,102.495496,interstate,0,Interstate
Laos,LAO,2021,19.85627,102.495496,intrastate,0,Intrastate
Laos,LAO,2021,19.85627,102.495496,non_state,0,Non-state
Laos,LAO,2021,19.85627,102.495496,one_sided_violence,0,One-sided violence
Laos,LAO,2022,19.85627,102.495496,interstate,0,Interstate
Laos,LAO,2022,19.85627,102.495496,intrastate,0,Intrastate
Laos,LAO,2022,19.85627,102.495496,non_state,0,Non-state
Laos,LAO,2022,19.85627,102.495496,one_sided_violence,0,One-sided violence
Laos,LAO,2023,19.85627,102.495496,interstate,0,Interstate
Laos,LAO,2023,19.85627,102.495496,intrastate,0,Intrastate
Laos,LAO,2023,19.85627,102.495496,non_state,0,Non-state
Laos,LAO,2023,19.85627,102.495496,one_sided_violence,0,One-sided violence
Laos,LAO,2024,19.85627,102.495496,interstate,0,Interstate
Laos,LAO,2024,19.85627,102.495496,intrastate,0,Intrastate
Laos,LAO,2024,19.85627,102.495496,non_state,0,Non-state
Laos,LAO,2024,19.85627,102.495496,one_sided_violence,0,One-sided violence
Latvia,LVA,2015,56.879635,24.603189,interstate,0,Interstate
Latvia,LVA,2015,56.879635,24.603189,intrastate,0,Intrastate
Latvia,LVA,2015,56.879635,24.603189,non_state,0,Non-state
Latvia,LVA,2015,56.879635,24.603189,one_sided_violence,0,One-sided violence
Latvia,LVA,2016,56.879635,24.603189,interstate,0,Interstate
Latvia,LVA,2016,56.879635,24.603189,intrastate,0,Intrastate
Latvia,LVA,2016,56.879635,24.603189,non_state,0,Non-state
Latvia,LVA,2016,56.879635,24.603189,one_sided_violence,0,One-sided violence
Latvia,LVA,2017,56.879635,24.603189,interstate,0,Interstate
Latvia,LVA,2017,56.879635,24.603189,intrastate,0,Intrastate
Latvia,LVA,2017,56.879635,24.603189,non_state,0,Non-state
Latvia,LVA,2017,56.879635,24.603189,one_sided_violence,0,One-sided violence
Latvia,LVA,2018,56.879635,24.603189,interstate,0,Interstate
Latvia,LVA,2018,56.879635,24.603189,intrastate,0,Intrastate
Latvia,LVA,2018,56.879635,24.603189,non_state,0,Non-state
Latvia,LVA,2018,56.879635,24.603189,one_sided_violence,0,One-sided violence
Latvia,LVA,2019,56.879635,24.603189,interstate,0,Interstate
Latvia,LVA,2019,56.879635,24.603189,intrastate,0,Intrastate
Latvia,LVA,2019,56.879635,24.603189,non_state,0,Non-state
Latvia,LVA,2019,56.879635,24.603189,one_sided_violence,0,One-sided violence
Latvia,LVA,2020,56.879635,24.603189,interstate,0,Interstate
Latvia,LVA,2020,56.879635,24.603189,intrastate,0,Intrastate
Latvia,LVA,2020,56.879635,24.603189,non_state,0,Non-state
Latvia,LVA,2020,56.879635,24.603189,one_sided_violence,0,One-sided violence
Latvia,LVA,2021,56.879635,24.603189,interstate,0,Interstate
Latvia,LVA,2021,56.879635,24.603189,intrastate,0,Intrastate
Latvia,LVA,2021,56.879635,24.603189,non_state,0,Non-state
Latvia,LVA,2021,56.879635,24.603189,one_sided_violence,0,One-sided violence
Latvia,LVA,2022,56.879635,24.603189,interstate,0,Interstate
Latvia,LVA,2022,56.879635,24.603189,intrastate,0,Intrastate
Latvia,LVA,2022,56.879635,24.603189,non_state,0,Non-state
Latvia,LVA,2022,56.879635,24.603189,one_sided_violence,0,One-sided violence
Latvia,LVA,2023,56.879635,24.603189,interstate,0,Interstate
Latvia,LVA,2023,56.879635,24.603189,intrastate,0,Intrastate
Latvia,LVA,2023,56.879635,24.603189,non_state,0,Non-state
Latvia,LVA,2023,56.879635,24.603189,one_sided_violence,0,One-sided violence
Latvia,LVA,2024,56.879635,24.603189,interstate,0,Interstate
Latvia,LVA,2024,56.879635,24.603189,intrastate,0,Intrastate
Latvia,LVA,2024,56.879635,24.603189,non_state,0,Non-state
Latvia,LVA,2024,56.879635,24.603189,one_sided_violence,0,One-sided violence
Lebanon,LBN,2015,33.854721,35.862285,interstate,0,Interstate
Lebanon,LBN,2015,33.854721,35.862285,intrastate,76,Intrastate
Lebanon,LBN,2015,33.854721,35.862285,non_state,121,Non-state
Lebanon,LBN,2015,33.854721,35.862285,one_sided_violence,0,One-sided violence
Lebanon,LBN,2016,33.854721,35.862285,interstate,0,Interstate
Lebanon,LBN,2016,33.854721,35.862285,intrastate,0,Intrastate
Lebanon,LBN,2016,33.854721,35.862285,non_state,30,Non-state
Lebanon,LBN,2016,33.854721,35.862285,one_sided_violence,5,One-sided violence
Lebanon,LBN,2017,33.854721,35.862285,interstate,0,Interstate
Lebanon,LBN,2017,33.854721,35.862285,intrastate,74,Intrastate
Lebanon,LBN,2017,33.854721,35.862285,non_state,223,Non-state
Lebanon,LBN,2017,33.854721,35.862285,one_sided_violence,0,One-sided violence
Lebanon,LBN,2018,33.854721,35.862285,interstate,0,Interstate
Lebanon,LBN,2018,33.854721,35.862285,intrastate,0,Intrastate
Lebanon,LBN,2018,33.854721,35.862285,non_state,0,Non-state
Lebanon,LBN,2018,33.854721,35.862285,one_sided_violence,0,One-sided violence
Lebanon,LBN,2019,33.854721,35.862285,interstate,0,Interstate
Lebanon,LBN,2019,33.854721,35.862285,intrastate,0,Intrastate
Lebanon,LBN,2019,33.854721,35.862285,non_state,0,Non-state
Lebanon,LBN,2019,33.854721,35.862285,one_sided_violence,0,One-sided violence
Lebanon,LBN,2020,33.854721,35.862285,interstate,0,Interstate
Lebanon,LBN,2020,33.854721,35.862285,intrastate,0,Intrastate
Lebanon,LBN,2020,33.854721,35.862285,non_state,0,Non-state
Lebanon,LBN,2020,33.854721,35.862285,one_sided_violence,0,One-sided violence
Lebanon,LBN,2021,33.854721,35.862285,interstate,0,Interstate
Lebanon,LBN,2021,33.854721,35.862285,intrastate,0,Intrastate
Lebanon,LBN,2021,33.854721,35.862285,non_state,0,Non-state
Lebanon,LBN,2021,33.854721,35.862285,one_sided_violence,0,One-sided violence
Lebanon,LBN,2022,33.854721,35.862285,interstate,0,Interstate
Lebanon,LBN,2022,33.854721,35.862285,intrastate,0,Intrastate
Lebanon,LBN,2022,33.854721,35.862285,non_state,0,Non-state
Lebanon,LBN,2022,33.854721,35.862285,one_sided_violence,0,One-sided violence
Lebanon,LBN,2023,33.854721,35.862285,interstate,0,Interstate
Lebanon,LBN,2023,33.854721,35.862285,intrastate,123,Intrastate
Lebanon,LBN,2023,33.854721,35.862285,non_state,0,Non-state
Lebanon,LBN,2023,33.854721,35.862285,one_sided_violence,0,One-sided violence
Lebanon,LBN,2024,33.854721,35.862285,interstate,0,Interstate
Lebanon,LBN,2024,33.854721,35.862285,intrastate,4335,Intrastate
Lebanon,LBN,2024,33.854721,35.862285,non_state,0,Non-state
Lebanon,LBN,2024,33.854721,35.862285,one_sided_violence,0,One-sided violence
Lesotho,LSO,2015,-29.609988,28.233608,interstate,0,Interstate
Lesotho,LSO,2015,-29.609988,28.233608,intrastate,0,Intrastate
Lesotho,LSO,2015,-29.609988,28.233608,non_state,0,Non-state
Lesotho,LSO,2015,-29.609988,28.233608,one_sided_violence,0,One-sided violence
Lesotho,LSO,2016,-29.609988,28.233608,interstate,0,Interstate
Lesotho,LSO,2016,-29.609988,28.233608,intrastate,0,Intrastate
Lesotho,LSO,2016,-29.609988,28.233608,non_state,0,Non-state
Lesotho,LSO,2016,-29.609988,28.233608,one_sided_violence,0,One-sided violence
Lesotho,LSO,2017,-29.609988,28.233608,interstate,0,Interstate
Lesotho,LSO,2017,-29.609988,28.233608,intrastate,0,Intrastate
Lesotho,LSO,2017,-29.609988,28.233608,non_state,0,Non-state
Lesotho,LSO,2017,-29.609988,28.233608,one_sided_violence,0,One-sided violence
Lesotho,LSO,2018,-29.609988,28.233608,interstate,0,Interstate
Lesotho,LSO,2018,-29.609988,28.233608,intrastate,0,Intrastate
Lesotho,LSO,2018,-29.609988,28.233608,non_state,0,Non-state
Lesotho,LSO,2018,-29.609988,28.233608,one_sided_violence,0,One-sided violence
Lesotho,LSO,2019,-29.609988,28.233608,interstate,0,Interstate
Lesotho,LSO,2019,-29.609988,28.233608,intrastate,0,Intrastate
Lesotho,LSO,2019,-29.609988,28.233608,non_state,0,Non-state
Lesotho,LSO,2019,-29.609988,28.233608,one_sided_violence,0,One-sided violence
Lesotho,LSO,2020,-29.609988,28.233608,interstate,0,Interstate
Lesotho,LSO,2020,-29.609988,28.233608,intrastate,0,Intrastate
Lesotho,LSO,2020,-29.609988,28.233608,non_state,0,Non-state
Lesotho,LSO,2020,-29.609988,28.233608,one_sided_violence,0,One-sided violence
Lesotho,LSO,2021,-29.609988,28.233608,interstate,0,Interstate
Lesotho,LSO,2021,-29.609988,28.233608,intrastate,0,Intrastate
Lesotho,LSO,2021,-29.609988,28.233608,non_state,0,Non-state
Lesotho,LSO,2021,-29.609988,28.233608,one_sided_violence,0,One-sided violence
Lesotho,LSO,2022,-29.609988,28.233608,interstate,0,Interstate
Lesotho,LSO,2022,-29.609988,28.233608,intrastate,0,Intrastate
Lesotho,LSO,2022,-29.609988,28.233608,non_state,0,Non-state
Lesotho,LSO,2022,-29.609988,28.233608,one_sided_violence,0,One-sided violence
Lesotho,LSO,2023,-29.609988,28.233608,interstate,0,Interstate
Lesotho,LSO,2023,-29.609988,28.233608,intrastate,0,Intrastate
Lesotho,LSO,2023,-29.609988,28.233608,non_state,0,Non-state
Lesotho,LSO,2023,-29.609988,28.233608,one_sided_violence,0,One-sided violence
Lesotho,LSO,2024,-29.609988,28.233608,interstate,0,Interstate
Lesotho,LSO,2024,-29.609988,28.233608,intrastate,0,Intrastate
Lesotho,LSO,2024,-29.609988,28.233608,non_state,0,Non-state
Lesotho,LSO,2024,-29.609988,28.233608,one_sided_violence,0,One-sided violence
Liberia,LBR,2015,6.428055,-9.429499,interstate,0,Interstate
Liberia,LBR,2015,6.428055,-9.429499,intrastate,0,Intrastate
Liberia,LBR,2015,6.428055,-9.429499,non_state,0,Non-state
Liberia,LBR,2015,6.428055,-9.429499,one_sided_violence,0,One-sided violence
Liberia,LBR,2016,6.428055,-9.429499,interstate,0,Interstate
Liberia,LBR,2016,6.428055,-9.429499,intrastate,0,Intrastate
Liberia,LBR,2016,6.428055,-9.429499,non_state,0,Non-state
Liberia,LBR,2016,6.428055,-9.429499,one_sided_violence,0,One-sided violence
Liberia,LBR,2017,6.428055,-9.429499,interstate,0,Interstate
Liberia,LBR,2017,6.428055,-9.429499,intrastate,0,Intrastate
Liberia,LBR,2017,6.428055,-9.429499,non_state,0,Non-state
Liberia,LBR,2017,6.428055,-9.429499,one_sided_violence,0,One-sided violence
Liberia,LBR,2018,6.428055,-9.429499,interstate,0,Interstate
Liberia,LBR,2018,6.428055,-9.429499,intrastate,0,Intrastate
Liberia,LBR,2018,6.428055,-9.429499,non_state,0,Non-state
Liberia,LBR,2018,6.428055,-9.429499,one_sided_violence,0,One-sided violence
Liberia,LBR,2019,6.428055,-9.429499,interstate,0,Interstate
Liberia,LBR,2019,6.428055,-9.429499,intrastate,0,Intrastate
Liberia,LBR,2019,6.428055,-9.429499,non_state,0,Non-state
Liberia,LBR,2019,6.428055,-9.429499,one_sided_violence,0,One-sided violence
Liberia,LBR,2020,6.428055,-9.429499,interstate,0,Interstate
Liberia,LBR,2020,6.428055,-9.429499,intrastate,0,Intrastate
Liberia,LBR,2020,6.428055,-9.429499,non_state,0,Non-state
Liberia,LBR,2020,6.428055,-9.429499,one_sided_violence,0,One-sided violence
Liberia,LBR,2021,6.428055,-9.429499,interstate,0,Interstate
Liberia,LBR,2021,6.428055,-9.429499,intrastate,0,Intrastate
Liberia,LBR,2021,6.428055,-9.429499,non_state,0,Non-state
Liberia,LBR,2021,6.428055,-9.429499,one_sided_violence,0,One-sided violence
Liberia,LBR,2022,6.428055,-9.429499,interstate,0,Interstate
Liberia,LBR,2022,6.428055,-9.429499,intrastate,0,Intrastate
Liberia,LBR,2022,6.428055,-9.429499,non_state,0,Non-state
Liberia,LBR,2022,6.428055,-9.429499,one_sided_violence,0,One-sided violence
Liberia,LBR,2023,6.428055,-9.429499,interstate,0,Interstate
Liberia,LBR,2023,6.428055,-9.429499,intrastate,0,Intrastate
Liberia,LBR,2023,6.428055,-9.429499,non_state,0,Non-state
Liberia,LBR,2023,6.428055,-9.429499,one_sided_violence,0,One-sided violence
Liberia,LBR,2024,6.428055,-9.429499,interstate,0,Interstate
Liberia,LBR,2024,6.428055,-9.429499,intrastate,0,Intrastate
Liberia,LBR,2024,6.428055,-9.429499,non_state,0,Non-state
Liberia,LBR,2024,6.428055,-9.429499,one_sided_violence,0,One-sided violence
Libya,LBY,2015,26.3351,17.228331,interstate,0,Interstate
Libya,LBY,2015,26.3351,17.228331,intrastate,275,Intrastate
Libya,LBY,2015,26.3351,17.228331,non_state,1180,Non-state
Libya,LBY,2015,26.3351,17.228331,one_sided_violence,118,One-sided violence
Libya,LBY,2016,26.3351,17.228331,interstate,0,Interstate
Libya,LBY,2016,26.3351,17.228331,intrastate,1727,Intrastate
Libya,LBY,2016,26.3351,17.228331,non_state,582,Non-state
Libya,LBY,2016,26.3351,17.228331,one_sided_violence,16,One-sided violence
Libya,LBY,2017,26.3351,17.228331,interstate,0,Interstate
Libya,LBY,2017,26.3351,17.228331,intrastate,404,Intrastate
Libya,LBY,2017,26.3351,17.228331,non_state,686,Non-state
Libya,LBY,2017,26.3351,17.228331,one_sided_violence,1,One-sided violence
Libya,LBY,2018,26.3351,17.228331,interstate,0,Interstate
Libya,LBY,2018,26.3351,17.228331,intrastate,44,Intrastate
Libya,LBY,2018,26.3351,17.228331,non_state,614,Non-state
Libya,LBY,2018,26.3351,17.228331,one_sided_violence,6,One-sided violence
Libya,LBY,2019,26.3351,17.228331,interstate,0,Interstate
Libya,LBY,2019,26.3351,17.228331,intrastate,1631,Intrastate
Libya,LBY,2019,26.3351,17.228331,non_state,152,Non-state
Libya,LBY,2019,26.3351,17.228331,one_sided_violence,2,One-sided violence
Libya,LBY,2020,26.3351,17.228331,interstate,0,Interstate
Libya,LBY,2020,26.3351,17.228331,intrastate,668,Intrastate
Libya,LBY,2020,26.3351,17.228331,non_state,0,Non-state
Libya,LBY,2020,26.3351,17.228331,one_sided_violence,5,One-sided violence
Libya,LBY,2021,26.3351,17.228331,interstate,0,Interstate
Libya,LBY,2021,26.3351,17.228331,intrastate,0,Intrastate
Libya,LBY,2021,26.3351,17.228331,non_state,0,Non-state
Libya,LBY,2021,26.3351,17.228331,one_sided_violence,0,One-sided violence
Libya,LBY,2022,26.3351,17.228331,interstate,0,Interstate
Libya,LBY,2022,26.3351,17.228331,intrastate,0,Intrastate
Libya,LBY,2022,26.3351,17.228331,non_state,0,Non-state
Libya,LBY,2022,26.3351,17.228331,one_sided_violence,0,One-sided violence
Libya,LBY,2023,26.3351,17.228331,interstate,0,Interstate
Libya,LBY,2023,26.3351,17.228331,intrastate,0,Intrastate
Libya,LBY,2023,26.3351,17.228331,non_state,0,Non-state
Libya,LBY,2023,26.3351,17.228331,one_sided_violence,0,One-sided violence
Libya,LBY,2024,26.3351,17.228331,interstate,0,Interstate
Libya,LBY,2024,26.3351,17.228331,intrastate,2,Intrastate
Libya,LBY,2024,26.3351,17.228331,non_state,0,Non-state
Libya,LBY,2024,26.3351,17.228331,one_sided_violence,0,One-sided violence
Liechtenstein,LIE,2015,47.166,9.555373,interstate,0,Interstate
Liechtenstein,LIE,2015,47.166,9.555373,intrastate,0,Intrastate
Liechtenstein,LIE,2015,47.166,9.555373,non_state,0,Non-state
Liechtenstein,LIE,2015,47.166,9.555373,one_sided_violence,0,One-sided violence
Liechtenstein,LIE,2016,47.166,9.555373,interstate,0,Interstate
Liechtenstein,LIE,2016,47.166,9.555373,intrastate,0,Intrastate
Liechtenstein,LIE,2016,47.166,9.555373,non_state,0,Non-state
Liechtenstein,LIE,2016,47.166,9.555373,one_sided_violence,0,One-sided violence
Liechtenstein,LIE,2017,47.166,9.555373,interstate,0,Interstate
Liechtenstein,LIE,2017,47.166,9.555373,intrastate,0,Intrastate
Liechtenstein,LIE,2017,47.166,9.555373,non_state,0,Non-state
Liechtenstein,LIE,2017,47.166,9.555373,one_sided_violence,0,One-sided violence
Liechtenstein,LIE,2018,47.166,9.555373,interstate,0,Interstate
Liechtenstein,LIE,2018,47.166,9.555373,intrastate,0,Intrastate
Liechtenstein,LIE,2018,47.166,9.555373,non_state,0,Non-state
Liechtenstein,LIE,2018,47.166,9.555373,one_sided_violence,0,One-sided violence
Liechtenstein,LIE,2019,47.166,9.555373,interstate,0,Interstate
Liechtenstein,LIE,2019,47.166,9.555373,intrastate,0,Intrastate
Liechtenstein,LIE,2019,47.166,9.555373,non_state,0,Non-state
Liechtenstein,LIE,2019,47.166,9.555373,one_sided_violence,0,One-sided violence
Liechtenstein,LIE,2020,47.166,9.555373,interstate,0,Interstate
Liechtenstein,LIE,2020,47.166,9.555373,intrastate,0,Intrastate
Liechtenstein,LIE,2020,47.166,9.555373,non_state,0,Non-state
Liechtenstein,LIE,2020,47.166,9.555373,one_sided_violence,0,One-sided violence
Liechtenstein,LIE,2021,47.166,9.555373,interstate,0,Interstate
Liechtenstein,LIE,2021,47.166,9.555373,intrastate,0,Intrastate
Liechtenstein,LIE,2021,47.166,9.555373,non_state,0,Non-state
Liechtenstein,LIE,2021,47.166,9.555373,one_sided_violence,0,One-sided violence
Liechtenstein,LIE,2022,47.166,9.555373,interstate,0,Interstate
Liechtenstein,LIE,2022,47.166,9.555373,intrastate,0,Intrastate
Liechtenstein,LIE,2022,47.166,9.555373,non_state,0,Non-state
Liechtenstein,LIE,2022,47.166,9.555373,one_sided_violence,0,One-sided violence
Liechtenstein,LIE,2023,47.166,9.555373,interstate,0,Interstate
Liechtenstein,LIE,2023,47.166,9.555373,intrastate,0,Intrastate
Liechtenstein,LIE,2023,47.166,9.555373,non_state,0,Non-state
Liechtenstein,LIE,2023,47.166,9.555373,one_sided_violence,0,One-sided violence
Liechtenstein,LIE,2024,47.166,9.555373,interstate,0,Interstate
Liechtenstein,LIE,2024,47.166,9.555373,intrastate,0,Intrastate
Liechtenstein,LIE,2024,47.166,9.555373,non_state,0,Non-state
Liechtenstein,LIE,2024,47.166,9.555373,one_sided_violence,0,One-sided violence
Lithuania,LTU,2015,55.169438,23.881275,interstate,0,Interstate
Lithuania,LTU,2015,55.169438,23.881275,intrastate,0,Intrastate
Lithuania,LTU,2015,55.169438,23.881275,non_state,0,Non-state
Lithuania,LTU,2015,55.169438,23.881275,one_sided_violence,0,One-sided violence
Lithuania,LTU,2016,55.169438,23.881275,interstate,0,Interstate
Lithuania,LTU,2016,55.169438,23.881275,intrastate,0,Intrastate
Lithuania,LTU,2016,55.169438,23.881275,non_state,0,Non-state
Lithuania,LTU,2016,55.169438,23.881275,one_sided_violence,0,One-sided violence
Lithuania,LTU,2017,55.169438,23.881275,interstate,0,Interstate
Lithuania,LTU,2017,55.169438,23.881275,intrastate,0,Intrastate
Lithuania,LTU,2017,55.169438,23.881275,non_state,0,Non-state
Lithuania,LTU,2017,55.169438,23.881275,one_sided_violence,0,One-sided violence
Lithuania,LTU,2018,55.169438,23.881275,interstate,0,Interstate
Lithuania,LTU,2018,55.169438,23.881275,intrastate,0,Intrastate
Lithuania,LTU,2018,55.169438,23.881275,non_state,0,Non-state
Lithuania,LTU,2018,55.169438,23.881275,one_sided_violence,0,One-sided violence
Lithuania,LTU,2019,55.169438,23.881275,interstate,0,Interstate
Lithuania,LTU,2019,55.169438,23.881275,intrastate,0,Intrastate
Lithuania,LTU,2019,55.169438,23.881275,non_state,0,Non-state
Lithuania,LTU,2019,55.169438,23.881275,one_sided_violence,0,One-sided violence
Lithuania,LTU,2020,55.169438,23.881275,interstate,0,Interstate
Lithuania,LTU,2020,55.169438,23.881275,intrastate,0,Intrastate
Lithuania,LTU,2020,55.169438,23.881275,non_state,0,Non-state
Lithuania,LTU,2020,55.169438,23.881275,one_sided_violence,0,One-sided violence
Lithuania,LTU,2021,55.169438,23.881275,interstate,0,Interstate
Lithuania,LTU,2021,55.169438,23.881275,intrastate,0,Intrastate
Lithuania,LTU,2021,55.169438,23.881275,non_state,0,Non-state
Lithuania,LTU,2021,55.169438,23.881275,one_sided_violence,0,One-sided violence
Lithuania,LTU,2022,55.169438,23.881275,interstate,0,Interstate
Lithuania,LTU,2022,55.169438,23.881275,intrastate,0,Intrastate
Lithuania,LTU,2022,55.169438,23.881275,non_state,0,Non-state
Lithuania,LTU,2022,55.169438,23.881275,one_sided_violence,0,One-sided violence
Lithuania,LTU,2023,55.169438,23.881275,interstate,0,Interstate
Lithuania,LTU,2023,55.169438,23.881275,intrastate,0,Intrastate
Lithuania,LTU,2023,55.169438,23.881275,non_state,0,Non-state
Lithuania,LTU,2023,55.169438,23.881275,one_sided_violence,0,One-sided violence
Lithuania,LTU,2024,55.169438,23.881275,interstate,0,Interstate
Lithuania,LTU,2024,55.169438,23.881275,intrastate,0,Intrastate
Lithuania,LTU,2024,55.169438,23.881275,non_state,0,Non-state
Lithuania,LTU,2024,55.169438,23.881275,one_sided_violence,0,One-sided violence
Luxembourg,LUX,2015,49.815273,6.129583,interstate,0,Interstate
Luxembourg,LUX,2015,49.815273,6.129583,intrastate,0,Intrastate
Luxembourg,LUX,2015,49.815273,6.129583,non_state,0,Non-state
Luxembourg,LUX,2015,49.815273,6.129583,one_sided_violence,0,One-sided violence
Luxembourg,LUX,2016,49.815273,6.129583,interstate,0,Interstate
Luxembourg,LUX,2016,49.815273,6.129583,intrastate,0,Intrastate
Luxembourg,LUX,2016,49.815273,6.129583,non_state,0,Non-state
Luxembourg,LUX,2016,49.815273,6.129583,one_sided_violence,0,One-sided violence
Luxembourg,LUX,2017,49.815273,6.129583,interstate,0,Interstate
Luxembourg,LUX,2017,49.815273,6.129583,intrastate,0,Intrastate
Luxembourg,LUX,2017,49.815273,6.129583,non_state,0,Non-state
Luxembourg,LUX,2017,49.815273,6.129583,one_sided_violence,0,One-sided violence
Luxembourg,LUX,2018,49.815273,6.129583,interstate,0,Interstate
Luxembourg,LUX,2018,49.815273,6.129583,intrastate,0,Intrastate
Luxembourg,LUX,2018,49.815273,6.129583,non_state,0,Non-state
Luxembourg,LUX,2018,49.815273,6.129583,one_sided_violence,0,One-sided violence
Luxembourg,LUX,2019,49.815273,6.129583,interstate,0,Interstate
Luxembourg,LUX,2019,49.815273,6.129583,intrastate,0,Intrastate
Luxembourg,LUX,2019,49.815273,6.129583,non_state,0,Non-state
Luxembourg,LUX,2019,49.815273,6.129583,one_sided_violence,0,One-sided violence
Luxembourg,LUX,2020,49.815273,6.129583,interstate,0,Interstate
Luxembourg,LUX,2020,49.815273,6.129583,intrastate,0,Intrastate
Luxembourg,LUX,2020,49.815273,6.129583,non_state,0,Non-state
Luxembourg,LUX,2020,49.815273,6.129583,one_sided_violence,0,One-sided violence
Luxembourg,LUX,2021,49.815273,6.129583,interstate,0,Interstate
Luxembourg,LUX,2021,49.815273,6.129583,intrastate,0,Intrastate
Luxembourg,LUX,2021,49.815273,6.129583,non_state,0,Non-state
Luxembourg,LUX,2021,49.815273,6.129583,one_sided_violence,0,One-sided violence
Luxembourg,LUX,2022,49.815273,6.129583,interstate,0,Interstate
Luxembourg,LUX,2022,49.815273,6.129583,intrastate,0,Intrastate
Luxembourg,LUX,2022,49.815273,6.129583,non_state,0,Non-state
Luxembourg,LUX,2022,49.815273,6.129583,one_sided_violence,0,One-sided violence
Luxembourg,LUX,2023,49.815273,6.129583,interstate,0,Interstate
Luxembourg,LUX,2023,49.815273,6.129583,intrastate,0,Intrastate
Luxembourg,LUX,2023,49.815273,6.129583,non_state,0,Non-state
Luxembourg,LUX,2023,49.815273,6.129583,one_sided_violence,0,One-sided violence
Luxembourg,LUX,2024,49.815273,6.129583,interstate,0,Interstate
Luxembourg,LUX,2024,49.815273,6.129583,intrastate,0,Intrastate
Luxembourg,LUX,2024,49.815273,6.129583,non_state,0,Non-state
Luxembourg,LUX,2024,49.815273,6.129583,one_sided_violence,0,One-sided violence
Madagascar,MDG,2015,-18.766947,46.869107,interstate,0,Interstate
Madagascar,MDG,2015,-18.766947,46.869107,intrastate,0,Intrastate
Madagascar,MDG,2015,-18.766947,46.869107,non_state,0,Non-state
Madagascar,MDG,2015,-18.766947,46.869107,one_sided_violence,0,One-sided violence
Madagascar,MDG,2016,-18.766947,46.869107,interstate,0,Interstate
Madagascar,MDG,2016,-18.766947,46.869107,intrastate,0,Intrastate
Madagascar,MDG,2016,-18.766947,46.869107,non_state,0,Non-state
Madagascar,MDG,2016,-18.766947,46.869107,one_sided_violence,0,One-sided violence
Madagascar,MDG,2017,-18.766947,46.869107,interstate,0,Interstate
Madagascar,MDG,2017,-18.766947,46.869107,intrastate,0,Intrastate
Madagascar,MDG,2017,-18.766947,46.869107,non_state,0,Non-state
Madagascar,MDG,2017,-18.766947,46.869107,one_sided_violence,0,One-sided violence
Madagascar,MDG,2018,-18.766947,46.869107,interstate,0,Interstate
Madagascar,MDG,2018,-18.766947,46.869107,intrastate,0,Intrastate
Madagascar,MDG,2018,-18.766947,46.869107,non_state,0,Non-state
Madagascar,MDG,2018,-18.766947,46.869107,one_sided_violence,0,One-sided violence
Madagascar,MDG,2019,-18.766947,46.869107,interstate,0,Interstate
Madagascar,MDG,2019,-18.766947,46.869107,intrastate,0,Intrastate
Madagascar,MDG,2019,-18.766947,46.869107,non_state,0,Non-state
Madagascar,MDG,2019,-18.766947,46.869107,one_sided_violence,0,One-sided violence
Madagascar,MDG,2020,-18.766947,46.869107,interstate,0,Interstate
Madagascar,MDG,2020,-18.766947,46.869107,intrastate,0,Intrastate
Madagascar,MDG,2020,-18.766947,46.869107,non_state,0,Non-state
Madagascar,MDG,2020,-18.766947,46.869107,one_sided_violence,0,One-sided violence
Madagascar,MDG,2021,-18.766947,46.869107,interstate,0,Interstate
Madagascar,MDG,2021,-18.766947,46.869107,intrastate,0,Intrastate
Madagascar,MDG,2021,-18.766947,46.869107,non_state,0,Non-state
Madagascar,MDG,2021,-18.766947,46.869107,one_sided_violence,0,One-sided violence
Madagascar,MDG,2022,-18.766947,46.869107,interstate,0,Interstate
Madagascar,MDG,2022,-18.766947,46.869107,intrastate,0,Intrastate
Madagascar,MDG,2022,-18.766947,46.869107,non_state,0,Non-state
Madagascar,MDG,2022,-18.766947,46.869107,one_sided_violence,0,One-sided violence
Madagascar,MDG,2023,-18.766947,46.869107,interstate,0,Interstate
Madagascar,MDG,2023,-18.766947,46.869107,intrastate,0,Intrastate
Madagascar,MDG,2023,-18.766947,46.869107,non_state,0,Non-state
Madagascar,MDG,2023,-18.766947,46.869107,one_sided_violence,0,One-sided violence
Madagascar,MDG,2024,-18.766947,46.869107,interstate,0,Interstate
Madagascar,MDG,2024,-18.766947,46.869107,intrastate,0,Intrastate
Madagascar,MDG,2024,-18.766947,46.869107,non_state,0,Non-state
Madagascar,MDG,2024,-18.766947,46.869107,one_sided_violence,0,One-sided violence
Malawi,MWI,2015,-13.254308,34.301525,interstate,0,Interstate
Malawi,MWI,2015,-13.254308,34.301525,intrastate,0,Intrastate
Malawi,MWI,2015,-13.254308,34.301525,non_state,0,Non-state
Malawi,MWI,2015,-13.254308,34.301525,one_sided_violence,0,One-sided violence
Malawi,MWI,2016,-13.254308,34.301525,interstate,0,Interstate
Malawi,MWI,2016,-13.254308,34.301525,intrastate,0,Intrastate
Malawi,MWI,2016,-13.254308,34.301525,non_state,0,Non-state
Malawi,MWI,2016,-13.254308,34.301525,one_sided_violence,0,One-sided violence
Malawi,MWI,2017,-13.254308,34.301525,interstate,0,Interstate
Malawi,MWI,2017,-13.254308,34.301525,intrastate,0,Intrastate
Malawi,MWI,2017,-13.254308,34.301525,non_state,0,Non-state
Malawi,MWI,2017,-13.254308,34.301525,one_sided_violence,0,One-sided violence
Malawi,MWI,2018,-13.254308,34.301525,interstate,0,Interstate
Malawi,MWI,2018,-13.254308,34.301525,intrastate,0,Intrastate
Malawi,MWI,2018,-13.254308,34.301525,non_state,0,Non-state
Malawi,MWI,2018,-13.254308,34.301525,one_sided_violence,0,One-sided violence
Malawi,MWI,2019,-13.254308,34.301525,interstate,0,Interstate
Malawi,MWI,2019,-13.254308,34.301525,intrastate,0,Intrastate
Malawi,MWI,2019,-13.254308,34.301525,non_state,0,Non-state
Malawi,MWI,2019,-13.254308,34.301525,one_sided_violence,0,One-sided violence
Malawi,MWI,2020,-13.254308,34.301525,interstate,0,Interstate
Malawi,MWI,2020,-13.254308,34.301525,intrastate,0,Intrastate
Malawi,MWI,2020,-13.254308,34.301525,non_state,0,Non-state
Malawi,MWI,2020,-13.254308,34.301525,one_sided_violence,0,One-sided violence
Malawi,MWI,2021,-13.254308,34.301525,interstate,0,Interstate
Malawi,MWI,2021,-13.254308,34.301525,intrastate,0,Intrastate
Malawi,MWI,2021,-13.254308,34.301525,non_state,0,Non-state
Malawi,MWI,2021,-13.254308,34.301525,one_sided_violence,0,One-sided violence
Malawi,MWI,2022,-13.254308,34.301525,interstate,0,Interstate
Malawi,MWI,2022,-13.254308,34.301525,intrastate,0,Intrastate
Malawi,MWI,2022,-13.254308,34.301525,non_state,0,Non-state
Malawi,MWI,2022,-13.254308,34.301525,one_sided_violence,0,One-sided violence
Malawi,MWI,2023,-13.254308,34.301525,interstate,0,Interstate
Malawi,MWI,2023,-13.254308,34.301525,intrastate,0,Intrastate
Malawi,MWI,2023,-13.254308,34.301525,non_state,0,Non-state
Malawi,MWI,2023,-13.254308,34.301525,one_sided_violence,0,One-sided violence
Malawi,MWI,2024,-13.254308,34.301525,interstate,0,Interstate
Malawi,MWI,2024,-13.254308,34.301525,intrastate,0,Intrastate
Malawi,MWI,2024,-13.254308,34.301525,non_state,0,Non-state
Malawi,MWI,2024,-13.254308,34.301525,one_sided_violence,0,One-sided violence
Malaysia,MYS,2015,4.210484,101.975766,interstate,0,Interstate
Malaysia,MYS,2015,4.210484,101.975766,intrastate,0,Intrastate
Malaysia,MYS,2015,4.210484,101.975766,non_state,0,Non-state
Malaysia,MYS,2015,4.210484,101.975766,one_sided_violence,0,One-sided violence
Malaysia,MYS,2016,4.210484,101.975766,interstate,0,Interstate
Malaysia,MYS,2016,4.210484,101.975766,intrastate,0,Intrastate
Malaysia,MYS,2016,4.210484,101.975766,non_state,0,Non-state
Malaysia,MYS,2016,4.210484,101.975766,one_sided_violence,0,One-sided violence
Malaysia,MYS,2017,4.210484,101.975766,interstate,0,Interstate
Malaysia,MYS,2017,4.210484,101.975766,intrastate,2,Intrastate
Malaysia,MYS,2017,4.210484,101.975766,non_state,0,Non-state
Malaysia,MYS,2017,4.210484,101.975766,one_sided_violence,0,One-sided violence
Malaysia,MYS,2018,4.210484,101.975766,interstate,0,Interstate
Malaysia,MYS,2018,4.210484,101.975766,intrastate,0,Intrastate
Malaysia,MYS,2018,4.210484,101.975766,non_state,0,Non-state
Malaysia,MYS,2018,4.210484,101.975766,one_sided_violence,0,One-sided violence
Malaysia,MYS,2019,4.210484,101.975766,interstate,0,Interstate
Malaysia,MYS,2019,4.210484,101.975766,intrastate,0,Intrastate
Malaysia,MYS,2019,4.210484,101.975766,non_state,0,Non-state
Malaysia,MYS,2019,4.210484,101.975766,one_sided_violence,0,One-sided violence
Malaysia,MYS,2020,4.210484,101.975766,interstate,0,Interstate
Malaysia,MYS,2020,4.210484,101.975766,intrastate,0,Intrastate
Malaysia,MYS,2020,4.210484,101.975766,non_state,0,Non-state
Malaysia,MYS,2020,4.210484,101.975766,one_sided_violence,0,One-sided violence
Malaysia,MYS,2021,4.210484,101.975766,interstate,0,Interstate
Malaysia,MYS,2021,4.210484,101.975766,intrastate,0,Intrastate
Malaysia,MYS,2021,4.210484,101.975766,non_state,0,Non-state
Malaysia,MYS,2021,4.210484,101.975766,one_sided_violence,0,One-sided violence
Malaysia,MYS,2022,4.210484,101.975766,interstate,0,Interstate
Malaysia,MYS,2022,4.210484,101.975766,intrastate,0,Intrastate
Malaysia,MYS,2022,4.210484,101.975766,non_state,0,Non-state
Malaysia,MYS,2022,4.210484,101.975766,one_sided_violence,0,One-sided violence
Malaysia,MYS,2023,4.210484,101.975766,interstate,0,Interstate
Malaysia,MYS,2023,4.210484,101.975766,intrastate,0,Intrastate
Malaysia,MYS,2023,4.210484,101.975766,non_state,0,Non-state
Malaysia,MYS,2023,4.210484,101.975766,one_sided_violence,0,One-sided violence
Malaysia,MYS,2024,4.210484,101.975766,interstate,0,Interstate
Malaysia,MYS,2024,4.210484,101.975766,intrastate,0,Intrastate
Malaysia,MYS,2024,4.210484,101.975766,non_state,0,Non-state
Malaysia,MYS,2024,4.210484,101.975766,one_sided_violence,0,One-sided violence
Maldives,MDV,2015,3.202778,73.22068,interstate,0,Interstate
Maldives,MDV,2015,3.202778,73.22068,intrastate,0,Intrastate
Maldives,MDV,2015,3.202778,73.22068,non_state,0,Non-state
Maldives,MDV,2015,3.202778,73.22068,one_sided_violence,0,One-sided violence
Maldives,MDV,2016,3.202778,73.22068,interstate,0,Interstate
Maldives,MDV,2016,3.202778,73.22068,intrastate,0,Intrastate
Maldives,MDV,2016,3.202778,73.22068,non_state,0,Non-state
Maldives,MDV,2016,3.202778,73.22068,one_sided_violence,0,One-sided violence
Maldives,MDV,2017,3.202778,73.22068,interstate,0,Interstate
Maldives,MDV,2017,3.202778,73.22068,intrastate,0,Intrastate
Maldives,MDV,2017,3.202778,73.22068,non_state,0,Non-state
Maldives,MDV,2017,3.202778,73.22068,one_sided_violence,0,One-sided violence
Maldives,MDV,2018,3.202778,73.22068,interstate,0,Interstate
Maldives,MDV,2018,3.202778,73.22068,intrastate,0,Intrastate
Maldives,MDV,2018,3.202778,73.22068,non_state,0,Non-state
Maldives,MDV,2018,3.202778,73.22068,one_sided_violence,0,One-sided violence
Maldives,MDV,2019,3.202778,73.22068,interstate,0,Interstate
Maldives,MDV,2019,3.202778,73.22068,intrastate,0,Intrastate
Maldives,MDV,2019,3.202778,73.22068,non_state,0,Non-state
Maldives,MDV,2019,3.202778,73.22068,one_sided_violence,0,One-sided violence
Maldives,MDV,2020,3.202778,73.22068,interstate,0,Interstate
Maldives,MDV,2020,3.202778,73.22068,intrastate,0,Intrastate
Maldives,MDV,2020,3.202778,73.22068,non_state,0,Non-state
Maldives,MDV,2020,3.202778,73.22068,one_sided_violence,0,One-sided violence
Maldives,MDV,2021,3.202778,73.22068,interstate,0,Interstate
Maldives,MDV,2021,3.202778,73.22068,intrastate,0,Intrastate
Maldives,MDV,2021,3.202778,73.22068,non_state,0,Non-state
Maldives,MDV,2021,3.202778,73.22068,one_sided_violence,0,One-sided violence
Maldives,MDV,2022,3.202778,73.22068,interstate,0,Interstate
Maldives,MDV,2022,3.202778,73.22068,intrastate,0,Intrastate
Maldives,MDV,2022,3.202778,73.22068,non_state,0,Non-state
Maldives,MDV,2022,3.202778,73.22068,one_sided_violence,0,One-sided violence
Maldives,MDV,2023,3.202778,73.22068,interstate,0,Interstate
Maldives,MDV,2023,3.202778,73.22068,intrastate,0,Intrastate
Maldives,MDV,2023,3.202778,73.22068,non_state,0,Non-state
Maldives,MDV,2023,3.202778,73.22068,one_sided_violence,0,One-sided violence
Maldives,MDV,2024,3.202778,73.22068,interstate,0,Interstate
Maldives,MDV,2024,3.202778,73.22068,intrastate,0,Intrastate
Maldives,MDV,2024,3.202778,73.22068,non_state,0,Non-state
Maldives,MDV,2024,3.202778,73.22068,one_sided_violence,0,One-sided violence
Mali,MLI,2015,17.570692,-3.996166,interstate,0,Interstate
Mali,MLI,2015,17.570692,-3.996166,intrastate,172,Intrastate
Mali,MLI,2015,17.570692,-3.996166,non_state,42,Non-state
Mali,MLI,2015,17.570692,-3.996166,one_sided_violence,0,One-sided violence
Mali,MLI,2016,17.570692,-3.996166,interstate,0,Interstate
Mali,MLI,2016,17.570692,-3.996166,intrastate,97,Intrastate
Mali,MLI,2016,17.570692,-3.996166,non_state,66,Non-state
Mali,MLI,2016,17.570692,-3.996166,one_sided_violence,0,One-sided violence
Mali,MLI,2017,17.570692,-3.996166,interstate,0,Interstate
Mali,MLI,2017,17.570692,-3.996166,intrastate,359,Intrastate
Mali,MLI,2017,17.570692,-3.996166,non_state,145,Non-state
Mali,MLI,2017,17.570692,-3.996166,one_sided_violence,30,One-sided violence
Mali,MLI,2018,17.570692,-3.996166,interstate,0,Interstate
Mali,MLI,2018,17.570692,-3.996166,intrastate,521,Intrastate
Mali,MLI,2018,17.570692,-3.996166,non_state,207,Non-state
Mali,MLI,2018,17.570692,-3.996166,one_sided_violence,551,One-sided violence
Mali,MLI,2019,17.570692,-3.996166,interstate,0,Interstate
Mali,MLI,2019,17.570692,-3.996166,intrastate,603,Intrastate
Mali,MLI,2019,17.570692,-3.996166,non_state,99,Non-state
Mali,MLI,2019,17.570692,-3.996166,one_sided_violence,455,One-sided violence
Mali,MLI,2020,17.570692,-3.996166,interstate,0,Interstate
Mali,MLI,2020,17.570692,-3.996166,intrastate,583,Intrastate
Mali,MLI,2020,17.570692,-3.996166,non_state,416,Non-state
Mali,MLI,2020,17.570692,-3.996166,one_sided_violence,512,One-sided violence
Mali,MLI,2021,17.570692,-3.996166,interstate,0,Interstate
Mali,MLI,2021,17.570692,-3.996166,intrastate,726,Intrastate
Mali,MLI,2021,17.570692,-3.996166,non_state,345,Non-state
Mali,MLI,2021,17.570692,-3.996166,one_sided_violence,197,One-sided violence
Mali,MLI,2022,17.570692,-3.996166,interstate,0,Interstate
Mali,MLI,2022,17.570692,-3.996166,intrastate,1440,Intrastate
Mali,MLI,2022,17.570692,-3.996166,non_state,748,Non-state
Mali,MLI,2022,17.570692,-3.996166,one_sided_violence,1450,One-sided violence
Mali,MLI,2023,17.570692,-3.996166,interstate,0,Interstate
Mali,MLI,2023,17.570692,-3.996166,intrastate,1238,Intrastate
Mali,MLI,2023,17.570692,-3.996166,non_state,343,Non-state
Mali,MLI,2023,17.570692,-3.996166,one_sided_violence,484,One-sided violence
Mali,MLI,2024,17.570692,-3.996166,interstate,0,Interstate
Mali,MLI,2024,17.570692,-3.996166,intrastate,1008,Intrastate
Mali,MLI,2024,17.570692,-3.996166,non_state,249,Non-state
Mali,MLI,2024,17.570692,-3.996166,one_sided_violence,619,One-sided violence
Malta,MLT,2015,35.937496,14.375416,interstate,0,Interstate
Malta,MLT,2015,35.937496,14.375416,intrastate,0,Intrastate
Malta,MLT,2015,35.937496,14.375416,non_state,0,Non-state
Malta,MLT,2015,35.937496,14.375416,one_sided_violence,0,One-sided violence
Malta,MLT,2016,35.937496,14.375416,interstate,0,Interstate
Malta,MLT,2016,35.937496,14.375416,intrastate,0,Intrastate
Malta,MLT,2016,35.937496,14.375416,non_state,0,Non-state
Malta,MLT,2016,35.937496,14.375416,one_sided_violence,0,One-sided violence
Malta,MLT,2017,35.937496,14.375416,interstate,0,Interstate
Malta,MLT,2017,35.937496,14.375416,intrastate,0,Intrastate
Malta,MLT,2017,35.937496,14.375416,non_state,0,Non-state
Malta,MLT,2017,35.937496,14.375416,one_sided_violence,0,One-sided violence
Malta,MLT,2018,35.937496,14.375416,interstate,0,Interstate
Malta,MLT,2018,35.937496,14.375416,intrastate,0,Intrastate
Malta,MLT,2018,35.937496,14.375416,non_state,0,Non-state
Malta,MLT,2018,35.937496,14.375416,one_sided_violence,0,One-sided violence
Malta,MLT,2019,35.937496,14.375416,interstate,0,Interstate
Malta,MLT,2019,35.937496,14.375416,intrastate,0,Intrastate
Malta,MLT,2019,35.937496,14.375416,non_state,0,Non-state
Malta,MLT,2019,35.937496,14.375416,one_sided_violence,0,One-sided violence
Malta,MLT,2020,35.937496,14.375416,interstate,0,Interstate
Malta,MLT,2020,35.937496,14.375416,intrastate,0,Intrastate
Malta,MLT,2020,35.937496,14.375416,non_state,0,Non-state
Malta,MLT,2020,35.937496,14.375416,one_sided_violence,0,One-sided violence
Malta,MLT,2021,35.937496,14.375416,interstate,0,Interstate
Malta,MLT,2021,35.937496,14.375416,intrastate,0,Intrastate
Malta,MLT,2021,35.937496,14.375416,non_state,0,Non-state
Malta,MLT,2021,35.937496,14.375416,one_sided_violence,0,One-sided violence
Malta,MLT,2022,35.937496,14.375416,interstate,0,Interstate
Malta,MLT,2022,35.937496,14.375416,intrastate,0,Intrastate
Malta,MLT,2022,35.937496,14.375416,non_state,0,Non-state
Malta,MLT,2022,35.937496,14.375416,one_sided_violence,0,One-sided violence
Malta,MLT,2023,35.937496,14.375416,interstate,0,Interstate
Malta,MLT,2023,35.937496,14.375416,intrastate,0,Intrastate
Malta,MLT,2023,35.937496,14.375416,non_state,0,Non-state
Malta,MLT,2023,35.937496,14.375416,one_sided_violence,0,One-sided violence
Malta,MLT,2024,35.937496,14.375416,interstate,0,Interstate
Malta,MLT,2024,35.937496,14.375416,intrastate,0,Intrastate
Malta,MLT,2024,35.937496,14.375416,non_state,0,Non-state
Malta,MLT,2024,35.937496,14.375416,one_sided_violence,0,One-sided violence
Marshall Islands,MHL,2015,7.131474,171.184478,interstate,0,Interstate
Marshall Islands,MHL,2015,7.131474,171.184478,intrastate,0,Intrastate
Marshall Islands,MHL,2015,7.131474,171.184478,non_state,0,Non-state
Marshall Islands,MHL,2015,7.131474,171.184478,one_sided_violence,0,One-sided violence
Marshall Islands,MHL,2016,7.131474,171.184478,interstate,0,Interstate
Marshall Islands,MHL,2016,7.131474,171.184478,intrastate,0,Intrastate
Marshall Islands,MHL,2016,7.131474,171.184478,non_state,0,Non-state
Marshall Islands,MHL,2016,7.131474,171.184478,one_sided_violence,0,One-sided violence
Marshall Islands,MHL,2017,7.131474,171.184478,interstate,0,Interstate
Marshall Islands,MHL,2017,7.131474,171.184478,intrastate,0,Intrastate
Marshall Islands,MHL,2017,7.131474,171.184478,non_state,0,Non-state
Marshall Islands,MHL,2017,7.131474,171.184478,one_sided_violence,0,One-sided violence
Marshall Islands,MHL,2018,7.131474,171.184478,interstate,0,Interstate
Marshall Islands,MHL,2018,7.131474,171.184478,intrastate,0,Intrastate
Marshall Islands,MHL,2018,7.131474,171.184478,non_state,0,Non-state
Marshall Islands,MHL,2018,7.131474,171.184478,one_sided_violence,0,One-sided violence
Marshall Islands,MHL,2019,7.131474,171.184478,interstate,0,Interstate
Marshall Islands,MHL,2019,7.131474,171.184478,intrastate,0,Intrastate
Marshall Islands,MHL,2019,7.131474,171.184478,non_state,0,Non-state
Marshall Islands,MHL,2019,7.131474,171.184478,one_sided_violence,0,One-sided violence
Marshall Islands,MHL,2020,7.131474,171.184478,interstate,0,Interstate
Marshall Islands,MHL,2020,7.131474,171.184478,intrastate,0,Intrastate
Marshall Islands,MHL,2020,7.131474,171.184478,non_state,0,Non-state
Marshall Islands,MHL,2020,7.131474,171.184478,one_sided_violence,0,One-sided violence
Marshall Islands,MHL,2021,7.131474,171.184478,interstate,0,Interstate
Marshall Islands,MHL,2021,7.131474,171.184478,intrastate,0,Intrastate
Marshall Islands,MHL,2021,7.131474,171.184478,non_state,0,Non-state
Marshall Islands,MHL,2021,7.131474,171.184478,one_sided_violence,0,One-sided violence
Marshall Islands,MHL,2022,7.131474,171.184478,interstate,0,Interstate
Marshall Islands,MHL,2022,7.131474,171.184478,intrastate,0,Intrastate
Marshall Islands,MHL,2022,7.131474,171.184478,non_state,0,Non-state
Marshall Islands,MHL,2022,7.131474,171.184478,one_sided_violence,0,One-sided violence
Marshall Islands,MHL,2023,7.131474,171.184478,interstate,0,Interstate
Marshall Islands,MHL,2023,7.131474,171.184478,intrastate,0,Intrastate
Marshall Islands,MHL,2023,7.131474,171.184478,non_state,0,Non-state
Marshall Islands,MHL,2023,7.131474,171.184478,one_sided_violence,0,One-sided violence
Marshall Islands,MHL,2024,7.131474,171.184478,interstate,0,Interstate
Marshall Islands,MHL,2024,7.131474,171.184478,intrastate,0,Intrastate
Marshall Islands,MHL,2024,7.131474,171.184478,non_state,0,Non-state
Marshall Islands,MHL,2024,7.131474,171.184478,one_sided_violence,0,One-sided violence
Mauritania,MRT,2015,21.00789,-10.940835,interstate,0,Interstate
Mauritania,MRT,2015,21.00789,-10.940835,intrastate,0,Intrastate
Mauritania,MRT,2015,21.00789,-10.940835,non_state,0,Non-state
Mauritania,MRT,2015,21.00789,-10.940835,one_sided_violence,0,One-sided violence
Mauritania,MRT,2016,21.00789,-10.940835,interstate,0,Interstate
Mauritania,MRT,2016,21.00789,-10.940835,intrastate,0,Intrastate
Mauritania,MRT,2016,21.00789,-10.940835,non_state,0,Non-state
Mauritania,MRT,2016,21.00789,-10.940835,one_sided_violence,0,One-sided violence
Mauritania,MRT,2017,21.00789,-10.940835,interstate,0,Interstate
Mauritania,MRT,2017,21.00789,-10.940835,intrastate,0,Intrastate
Mauritania,MRT,2017,21.00789,-10.940835,non_state,0,Non-state
Mauritania,MRT,2017,21.00789,-10.940835,one_sided_violence,0,One-sided violence
Mauritania,MRT,2018,21.00789,-10.940835,interstate,0,Interstate
Mauritania,MRT,2018,21.00789,-10.940835,intrastate,0,Intrastate
Mauritania,MRT,2018,21.00789,-10.940835,non_state,0,Non-state
Mauritania,MRT,2018,21.00789,-10.940835,one_sided_violence,0,One-sided violence
Mauritania,MRT,2019,21.00789,-10.940835,interstate,0,Interstate
Mauritania,MRT,2019,21.00789,-10.940835,intrastate,0,Intrastate
Mauritania,MRT,2019,21.00789,-10.940835,non_state,0,Non-state
Mauritania,MRT,2019,21.00789,-10.940835,one_sided_violence,0,One-sided violence
Mauritania,MRT,2020,21.00789,-10.940835,interstate,0,Interstate
Mauritania,MRT,2020,21.00789,-10.940835,intrastate,0,Intrastate
Mauritania,MRT,2020,21.00789,-10.940835,non_state,0,Non-state
Mauritania,MRT,2020,21.00789,-10.940835,one_sided_violence,0,One-sided violence
Mauritania,MRT,2021,21.00789,-10.940835,interstate,0,Interstate
Mauritania,MRT,2021,21.00789,-10.940835,intrastate,0,Intrastate
Mauritania,MRT,2021,21.00789,-10.940835,non_state,0,Non-state
Mauritania,MRT,2021,21.00789,-10.940835,one_sided_violence,0,One-sided violence
Mauritania,MRT,2022,21.00789,-10.940835,interstate,0,Interstate
Mauritania,MRT,2022,21.00789,-10.940835,intrastate,0,Intrastate
Mauritania,MRT,2022,21.00789,-10.940835,non_state,0,Non-state
Mauritania,MRT,2022,21.00789,-10.940835,one_sided_violence,0,One-sided violence
Mauritania,MRT,2023,21.00789,-10.940835,interstate,0,Interstate
Mauritania,MRT,2023,21.00789,-10.940835,intrastate,0,Intrastate
Mauritania,MRT,2023,21.00789,-10.940835,non_state,0,Non-state
Mauritania,MRT,2023,21.00789,-10.940835,one_sided_violence,0,One-sided violence
Mauritania,MRT,2024,21.00789,-10.940835,interstate,0,Interstate
Mauritania,MRT,2024,21.00789,-10.940835,intrastate,3,Intrastate
Mauritania,MRT,2024,21.00789,-10.940835,non_state,0,Non-state
Mauritania,MRT,2024,21.00789,-10.940835,one_sided_violence,0,One-sided violence
Mauritius,MUS,2015,-20.348404,57.552152,interstate,0,Interstate
Mauritius,MUS,2015,-20.348404,57.552152,intrastate,0,Intrastate
Mauritius,MUS,2015,-20.348404,57.552152,non_state,0,Non-state
Mauritius,MUS,2015,-20.348404,57.552152,one_sided_violence,0,One-sided violence
Mauritius,MUS,2016,-20.348404,57.552152,interstate,0,Interstate
Mauritius,MUS,2016,-20.348404,57.552152,intrastate,0,Intrastate
Mauritius,MUS,2016,-20.348404,57.552152,non_state,0,Non-state
Mauritius,MUS,2016,-20.348404,57.552152,one_sided_violence,0,One-sided violence
Mauritius,MUS,2017,-20.348404,57.552152,interstate,0,Interstate
Mauritius,MUS,2017,-20.348404,57.552152,intrastate,0,Intrastate
Mauritius,MUS,2017,-20.348404,57.552152,non_state,0,Non-state
Mauritius,MUS,2017,-20.348404,57.552152,one_sided_violence,0,One-sided violence
Mauritius,MUS,2018,-20.348404,57.552152,interstate,0,Interstate
Mauritius,MUS,2018,-20.348404,57.552152,intrastate,0,Intrastate
Mauritius,MUS,2018,-20.348404,57.552152,non_state,0,Non-state
Mauritius,MUS,2018,-20.348404,57.552152,one_sided_violence,0,One-sided violence
Mauritius,MUS,2019,-20.348404,57.552152,interstate,0,Interstate
Mauritius,MUS,2019,-20.348404,57.552152,intrastate,0,Intrastate
Mauritius,MUS,2019,-20.348404,57.552152,non_state,0,Non-state
Mauritius,MUS,2019,-20.348404,57.552152,one_sided_violence,0,One-sided violence
Mauritius,MUS,2020,-20.348404,57.552152,interstate,0,Interstate
Mauritius,MUS,2020,-20.348404,57.552152,intrastate,0,Intrastate
Mauritius,MUS,2020,-20.348404,57.552152,non_state,0,Non-state
Mauritius,MUS,2020,-20.348404,57.552152,one_sided_violence,0,One-sided violence
Mauritius,MUS,2021,-20.348404,57.552152,interstate,0,Interstate
Mauritius,MUS,2021,-20.348404,57.552152,intrastate,0,Intrastate
Mauritius,MUS,2021,-20.348404,57.552152,non_state,0,Non-state
Mauritius,MUS,2021,-20.348404,57.552152,one_sided_violence,0,One-sided violence
Mauritius,MUS,2022,-20.348404,57.552152,interstate,0,Interstate
Mauritius,MUS,2022,-20.348404,57.552152,intrastate,0,Intrastate
Mauritius,MUS,2022,-20.348404,57.552152,non_state,0,Non-state
Mauritius,MUS,2022,-20.348404,57.552152,one_sided_violence,0,One-sided violence
Mauritius,MUS,2023,-20.348404,57.552152,interstate,0,Interstate
Mauritius,MUS,2023,-20.348404,57.552152,intrastate,0,Intrastate
Mauritius,MUS,2023,-20.348404,57.552152,non_state,0,Non-state
Mauritius,MUS,2023,-20.348404,57.552152,one_sided_violence,0,One-sided violence
Mauritius,MUS,2024,-20.348404,57.552152,interstate,0,Interstate
Mauritius,MUS,2024,-20.348404,57.552152,intrastate,0,Intrastate
Mauritius,MUS,2024,-20.348404,57.552152,non_state,0,Non-state
Mauritius,MUS,2024,-20.348404,57.552152,one_sided_violence,0,One-sided violence
Mexico,MEX,2015,23.634501,-102.552784,interstate,0,Interstate
Mexico,MEX,2015,23.634501,-102.552784,intrastate,0,Intrastate
Mexico,MEX,2015,23.634501,-102.552784,non_state,4484,Non-state
Mexico,MEX,2015,23.634501,-102.552784,one_sided_violence,0,One-sided violence
Mexico,MEX,2016,23.634501,-102.552784,interstate,0,Interstate
Mexico,MEX,2016,23.634501,-102.552784,intrastate,0,Intrastate
Mexico,MEX,2016,23.634501,-102.552784,non_state,4275,Non-state
Mexico,MEX,2016,23.634501,-102.552784,one_sided_violence,0,One-sided violence
Mexico,MEX,2017,23.634501,-102.552784,interstate,0,Interstate
Mexico,MEX,2017,23.634501,-102.552784,intrastate,0,Intrastate
Mexico,MEX,2017,23.634501,-102.552784,non_state,9716,Non-state
Mexico,MEX,2017,23.634501,-102.552784,one_sided_violence,0,One-sided violence
Mexico,MEX,2018,23.634501,-102.552784,interstate,0,Interstate
Mexico,MEX,2018,23.634501,-102.552784,intrastate,0,Intrastate
Mexico,MEX,2018,23.634501,-102.552784,non_state,11175,Non-state
Mexico,MEX,2018,23.634501,-102.552784,one_sided_violence,0,One-sided violence
Mexico,MEX,2019,23.634501,-102.552784,interstate,0,Interstate
Mexico,MEX,2019,23.634501,-102.552784,intrastate,0,Intrastate
Mexico,MEX,2019,23.634501,-102.552784,non_state,10416,Non-state
Mexico,MEX,2019,23.634501,-102.552784,one_sided_violence,0,One-sided violence
Mexico,MEX,2020,23.634501,-102.552784,interstate,0,Interstate
Mexico,MEX,2020,23.634501,-102.552784,intrastate,0,Intrastate
Mexico,MEX,2020,23.634501,-102.552784,non_state,13323,Non-state
Mexico,MEX,2020,23.634501,-102.552784,one_sided_violence,0,One-sided violence
Mexico,MEX,2021,23.634501,-102.552784,interstate,0,Interstate
Mexico,MEX,2021,23.634501,-102.552784,intrastate,0,Intrastate
Mexico,MEX,2021,23.634501,-102.552784,non_state,14994,Non-state
Mexico,MEX,2021,23.634501,-102.552784,one_sided_violence,26,One-sided violence
Mexico,MEX,2022,23.634501,-102.552784,interstate,0,Interstate
Mexico,MEX,2022,23.634501,-102.552784,intrastate,0,Intrastate
Mexico,MEX,2022,23.634501,-102.552784,non_state,12426,Non-state
Mexico,MEX,2022,23.634501,-102.552784,one_sided_violence,82,One-sided violence
Mexico,MEX,2023,23.634501,-102.552784,interstate,0,Interstate
Mexico,MEX,2023,23.634501,-102.552784,intrastate,0,Intrastate
Mexico,MEX,2023,23.634501,-102.552784,non_state,10803,Non-state
Mexico,MEX,2023,23.634501,-102.552784,one_sided_violence,27,One-sided violence
Mexico,MEX,2024,23.634501,-102.552784,interstate,0,Interstate
Mexico,MEX,2024,23.634501,-102.552784,intrastate,0,Intrastate
Mexico,MEX,2024,23.634501,-102.552784,non_state,10844,Non-state
Mexico,MEX,2024,23.634501,-102.552784,one_sided_violence,96,One-sided violence
Moldova,MDA,2015,47.411631,28.369885,interstate,0,Interstate
Moldova,MDA,2015,47.411631,28.369885,intrastate,0,Intrastate
Moldova,MDA,2015,47.411631,28.369885,non_state,0,Non-state
Moldova,MDA,2015,47.411631,28.369885,one_sided_violence,0,One-sided violence
Moldova,MDA,2016,47.411631,28.369885,interstate,0,Interstate
Moldova,MDA,2016,47.411631,28.369885,intrastate,0,Intrastate
Moldova,MDA,2016,47.411631,28.369885,non_state,0,Non-state
Moldova,MDA,2016,47.411631,28.369885,one_sided_violence,0,One-sided violence
Moldova,MDA,2017,47.411631,28.369885,interstate,0,Interstate
Moldova,MDA,2017,47.411631,28.369885,intrastate,0,Intrastate
Moldova,MDA,2017,47.411631,28.369885,non_state,0,Non-state
Moldova,MDA,2017,47.411631,28.369885,one_sided_violence,0,One-sided violence
Moldova,MDA,2018,47.411631,28.369885,interstate,0,Interstate
Moldova,MDA,2018,47.411631,28.369885,intrastate,0,Intrastate
Moldova,MDA,2018,47.411631,28.369885,non_state,0,Non-state
Moldova,MDA,2018,47.411631,28.369885,one_sided_violence,0,One-sided violence
Moldova,MDA,2019,47.411631,28.369885,interstate,0,Interstate
Moldova,MDA,2019,47.411631,28.369885,intrastate,0,Intrastate
Moldova,MDA,2019,47.411631,28.369885,non_state,0,Non-state
Moldova,MDA,2019,47.411631,28.369885,one_sided_violence,0,One-sided violence
Moldova,MDA,2020,47.411631,28.369885,interstate,0,Interstate
Moldova,MDA,2020,47.411631,28.369885,intrastate,0,Intrastate
Moldova,MDA,2020,47.411631,28.369885,non_state,0,Non-state
Moldova,MDA,2020,47.411631,28.369885,one_sided_violence,0,One-sided violence
Moldova,MDA,2021,47.411631,28.369885,interstate,0,Interstate
Moldova,MDA,2021,47.411631,28.369885,intrastate,0,Intrastate
Moldova,MDA,2021,47.411631,28.369885,non_state,0,Non-state
Moldova,MDA,2021,47.411631,28.369885,one_sided_violence,0,One-sided violence
Moldova,MDA,2022,47.411631,28.369885,interstate,0,Interstate
Moldova,MDA,2022,47.411631,28.369885,intrastate,0,Intrastate
Moldova,MDA,2022,47.411631,28.369885,non_state,0,Non-state
Moldova,MDA,2022,47.411631,28.369885,one_sided_violence,0,One-sided violence
Moldova,MDA,2023,47.411631,28.369885,interstate,0,Interstate
Moldova,MDA,2023,47.411631,28.369885,intrastate,0,Intrastate
Moldova,MDA,2023,47.411631,28.369885,non_state,0,Non-state
Moldova,MDA,2023,47.411631,28.369885,one_sided_violence,0,One-sided violence
Moldova,MDA,2024,47.411631,28.369885,interstate,0,Interstate
Moldova,MDA,2024,47.411631,28.369885,intrastate,0,Intrastate
Moldova,MDA,2024,47.411631,28.369885,non_state,0,Non-state
Moldova,MDA,2024,47.411631,28.369885,one_sided_violence,0,One-sided violence
Monaco,MCO,2015,43.750298,7.412841,interstate,0,Interstate
Monaco,MCO,2015,43.750298,7.412841,intrastate,0,Intrastate
Monaco,MCO,2015,43.750298,7.412841,non_state,0,Non-state
Monaco,MCO,2015,43.750298,7.412841,one_sided_violence,0,One-sided violence
Monaco,MCO,2016,43.750298,7.412841,interstate,0,Interstate
Monaco,MCO,2016,43.750298,7.412841,intrastate,0,Intrastate
Monaco,MCO,2016,43.750298,7.412841,non_state,0,Non-state
Monaco,MCO,2016,43.750298,7.412841,one_sided_violence,0,One-sided violence
Monaco,MCO,2017,43.750298,7.412841,interstate,0,Interstate
Monaco,MCO,2017,43.750298,7.412841,intrastate,0,Intrastate
Monaco,MCO,2017,43.750298,7.412841,non_state,0,Non-state
Monaco,MCO,2017,43.750298,7.412841,one_sided_violence,0,One-sided violence
Monaco,MCO,2018,43.750298,7.412841,interstate,0,Interstate
Monaco,MCO,2018,43.750298,7.412841,intrastate,0,Intrastate
Monaco,MCO,2018,43.750298,7.412841,non_state,0,Non-state
Monaco,MCO,2018,43.750298,7.412841,one_sided_violence,0,One-sided violence
Monaco,MCO,2019,43.750298,7.412841,interstate,0,Interstate
Monaco,MCO,2019,43.750298,7.412841,intrastate,0,Intrastate
Monaco,MCO,2019,43.750298,7.412841,non_state,0,Non-state
Monaco,MCO,2019,43.750298,7.412841,one_sided_violence,0,One-sided violence
Monaco,MCO,2020,43.750298,7.412841,interstate,0,Interstate
Monaco,MCO,2020,43.750298,7.412841,intrastate,0,Intrastate
Monaco,MCO,2020,43.750298,7.412841,non_state,0,Non-state
Monaco,MCO,2020,43.750298,7.412841,one_sided_violence,0,One-sided violence
Monaco,MCO,2021,43.750298,7.412841,interstate,0,Interstate
Monaco,MCO,2021,43.750298,7.412841,intrastate,0,Intrastate
Monaco,MCO,2021,43.750298,7.412841,non_state,0,Non-state
Monaco,MCO,2021,43.750298,7.412841,one_sided_violence,0,One-sided violence
Monaco,MCO,2022,43.750298,7.412841,interstate,0,Interstate
Monaco,MCO,2022,43.750298,7.412841,intrastate,0,Intrastate
Monaco,MCO,2022,43.750298,7.412841,non_state,0,Non-state
Monaco,MCO,2022,43.750298,7.412841,one_sided_violence,0,One-sided violence
Monaco,MCO,2023,43.750298,7.412841,interstate,0,Interstate
Monaco,MCO,2023,43.750298,7.412841,intrastate,0,Intrastate
Monaco,MCO,2023,43.750298,7.412841,non_state,0,Non-state
Monaco,MCO,2023,43.750298,7.412841,one_sided_violence,0,One-sided violence
Monaco,MCO,2024,43.750298,7.412841,interstate,0,Interstate
Monaco,MCO,2024,43.750298,7.412841,intrastate,0,Intrastate
Monaco,MCO,2024,43.750298,7.412841,non_state,0,Non-state
Monaco,MCO,2024,43.750298,7.412841,one_sided_violence,0,One-sided violence
Mongolia,MNG,2015,46.862496,103.846656,interstate,0,Interstate
Mongolia,MNG,2015,46.862496,103.846656,intrastate,0,Intrastate
Mongolia,MNG,2015,46.862496,103.846656,non_state,0,Non-state
Mongolia,MNG,2015,46.862496,103.846656,one_sided_violence,0,One-sided violence
Mongolia,MNG,2016,46.862496,103.846656,interstate,0,Interstate
Mongolia,MNG,2016,46.862496,103.846656,intrastate,0,Intrastate
Mongolia,MNG,2016,46.862496,103.846656,non_state,0,Non-state
Mongolia,MNG,2016,46.862496,103.846656,one_sided_violence,0,One-sided violence
Mongolia,MNG,2017,46.862496,103.846656,interstate,0,Interstate
Mongolia,MNG,2017,46.862496,103.846656,intrastate,0,Intrastate
Mongolia,MNG,2017,46.862496,103.846656,non_state,0,Non-state
Mongolia,MNG,2017,46.862496,103.846656,one_sided_violence,0,One-sided violence
Mongolia,MNG,2018,46.862496,103.846656,interstate,0,Interstate
Mongolia,MNG,2018,46.862496,103.846656,intrastate,0,Intrastate
Mongolia,MNG,2018,46.862496,103.846656,non_state,0,Non-state
Mongolia,MNG,2018,46.862496,103.846656,one_sided_violence,0,One-sided violence
Mongolia,MNG,2019,46.862496,103.846656,interstate,0,Interstate
Mongolia,MNG,2019,46.862496,103.846656,intrastate,0,Intrastate
Mongolia,MNG,2019,46.862496,103.846656,non_state,0,Non-state
Mongolia,MNG,2019,46.862496,103.846656,one_sided_violence,0,One-sided violence
Mongolia,MNG,2020,46.862496,103.846656,interstate,0,Interstate
Mongolia,MNG,2020,46.862496,103.846656,intrastate,0,Intrastate
Mongolia,MNG,2020,46.862496,103.846656,non_state,0,Non-state
Mongolia,MNG,2020,46.862496,103.846656,one_sided_violence,0,One-sided violence
Mongolia,MNG,2021,46.862496,103.846656,interstate,0,Interstate
Mongolia,MNG,2021,46.862496,103.846656,intrastate,0,Intrastate
Mongolia,MNG,2021,46.862496,103.846656,non_state,0,Non-state
Mongolia,MNG,2021,46.862496,103.846656,one_sided_violence,0,One-sided violence
Mongolia,MNG,2022,46.862496,103.846656,interstate,0,Interstate
Mongolia,MNG,2022,46.862496,103.846656,intrastate,0,Intrastate
Mongolia,MNG,2022,46.862496,103.846656,non_state,0,Non-state
Mongolia,MNG,2022,46.862496,103.846656,one_sided_violence,0,One-sided violence
Mongolia,MNG,2023,46.862496,103.846656,interstate,0,Interstate
Mongolia,MNG,2023,46.862496,103.846656,intrastate,0,Intrastate
Mongolia,MNG,2023,46.862496,103.846656,non_state,0,Non-state
Mongolia,MNG,2023,46.862496,103.846656,one_sided_violence,0,One-sided violence
Mongolia,MNG,2024,46.862496,103.846656,interstate,0,Interstate
Mongolia,MNG,2024,46.862496,103.846656,intrastate,0,Intrastate
Mongolia,MNG,2024,46.862496,103.846656,non_state,0,Non-state
Mongolia,MNG,2024,46.862496,103.846656,one_sided_violence,0,One-sided violence
Montenegro,MNE,2015,42.708678,19.37439,interstate,0,Interstate
Montenegro,MNE,2015,42.708678,19.37439,intrastate,0,Intrastate
Montenegro,MNE,2015,42.708678,19.37439,non_state,0,Non-state
Montenegro,MNE,2015,42.708678,19.37439,one_sided_violence,0,One-sided violence
Montenegro,MNE,2016,42.708678,19.37439,interstate,0,Interstate
Montenegro,MNE,2016,42.708678,19.37439,intrastate,0,Intrastate
Montenegro,MNE,2016,42.708678,19.37439,non_state,0,Non-state
Montenegro,MNE,2016,42.708678,19.37439,one_sided_violence,0,One-sided violence
Montenegro,MNE,2017,42.708678,19.37439,interstate,0,Interstate
Montenegro,MNE,2017,42.708678,19.37439,intrastate,0,Intrastate
Montenegro,MNE,2017,42.708678,19.37439,non_state,0,Non-state
Montenegro,MNE,2017,42.708678,19.37439,one_sided_violence,0,One-sided violence
Montenegro,MNE,2018,42.708678,19.37439,interstate,0,Interstate
Montenegro,MNE,2018,42.708678,19.37439,intrastate,0,Intrastate
Montenegro,MNE,2018,42.708678,19.37439,non_state,0,Non-state
Montenegro,MNE,2018,42.708678,19.37439,one_sided_violence,0,One-sided violence
Montenegro,MNE,2019,42.708678,19.37439,interstate,0,Interstate
Montenegro,MNE,2019,42.708678,19.37439,intrastate,0,Intrastate
Montenegro,MNE,2019,42.708678,19.37439,non_state,0,Non-state
Montenegro,MNE,2019,42.708678,19.37439,one_sided_violence,0,One-sided violence
Montenegro,MNE,2020,42.708678,19.37439,interstate,0,Interstate
Montenegro,MNE,2020,42.708678,19.37439,intrastate,0,Intrastate
Montenegro,MNE,2020,42.708678,19.37439,non_state,0,Non-state
Montenegro,MNE,2020,42.708678,19.37439,one_sided_violence,0,One-sided violence
Montenegro,MNE,2021,42.708678,19.37439,interstate,0,Interstate
Montenegro,MNE,2021,42.708678,19.37439,intrastate,0,Intrastate
Montenegro,MNE,2021,42.708678,19.37439,non_state,0,Non-state
Montenegro,MNE,2021,42.708678,19.37439,one_sided_violence,0,One-sided violence
Montenegro,MNE,2022,42.708678,19.37439,interstate,0,Interstate
Montenegro,MNE,2022,42.708678,19.37439,intrastate,0,Intrastate
Montenegro,MNE,2022,42.708678,19.37439,non_state,0,Non-state
Montenegro,MNE,2022,42.708678,19.37439,one_sided_violence,0,One-sided violence
Montenegro,MNE,2023,42.708678,19.37439,interstate,0,Interstate
Montenegro,MNE,2023,42.708678,19.37439,intrastate,0,Intrastate
Montenegro,MNE,2023,42.708678,19.37439,non_state,0,Non-state
Montenegro,MNE,2023,42.708678,19.37439,one_sided_violence,0,One-sided violence
Montenegro,MNE,2024,42.708678,19.37439,interstate,0,Interstate
Montenegro,MNE,2024,42.708678,19.37439,intrastate,0,Intrastate
Montenegro,MNE,2024,42.708678,19.37439,non_state,0,Non-state
Montenegro,MNE,2024,42.708678,19.37439,one_sided_violence,0,One-sided violence
Morocco,MAR,2015,31.791702,-7.09262,interstate,0,Interstate
Morocco,MAR,2015,31.791702,-7.09262,intrastate,0,Intrastate
Morocco,MAR,2015,31.791702,-7.09262,non_state,0,Non-state
Morocco,MAR,2015,31.791702,-7.09262,one_sided_violence,0,One-sided violence
Morocco,MAR,2016,31.791702,-7.09262,interstate,0,Interstate
Morocco,MAR,2016,31.791702,-7.09262,intrastate,0,Intrastate
Morocco,MAR,2016,31.791702,-7.09262,non_state,0,Non-state
Morocco,MAR,2016,31.791702,-7.09262,one_sided_violence,0,One-sided violence
Morocco,MAR,2017,31.791702,-7.09262,interstate,0,Interstate
Morocco,MAR,2017,31.791702,-7.09262,intrastate,0,Intrastate
Morocco,MAR,2017,31.791702,-7.09262,non_state,0,Non-state
Morocco,MAR,2017,31.791702,-7.09262,one_sided_violence,0,One-sided violence
Morocco,MAR,2018,31.791702,-7.09262,interstate,0,Interstate
Morocco,MAR,2018,31.791702,-7.09262,intrastate,0,Intrastate
Morocco,MAR,2018,31.791702,-7.09262,non_state,0,Non-state
Morocco,MAR,2018,31.791702,-7.09262,one_sided_violence,0,One-sided violence
Morocco,MAR,2019,31.791702,-7.09262,interstate,0,Interstate
Morocco,MAR,2019,31.791702,-7.09262,intrastate,0,Intrastate
Morocco,MAR,2019,31.791702,-7.09262,non_state,0,Non-state
Morocco,MAR,2019,31.791702,-7.09262,one_sided_violence,0,One-sided violence
Morocco,MAR,2020,31.791702,-7.09262,interstate,0,Interstate
Morocco,MAR,2020,31.791702,-7.09262,intrastate,0,Intrastate
Morocco,MAR,2020,31.791702,-7.09262,non_state,0,Non-state
Morocco,MAR,2020,31.791702,-7.09262,one_sided_violence,0,One-sided violence
Morocco,MAR,2021,31.791702,-7.09262,interstate,0,Interstate
Morocco,MAR,2021,31.791702,-7.09262,intrastate,0,Intrastate
Morocco,MAR,2021,31.791702,-7.09262,non_state,0,Non-state
Morocco,MAR,2021,31.791702,-7.09262,one_sided_violence,0,One-sided violence
Morocco,MAR,2022,31.791702,-7.09262,interstate,0,Interstate
Morocco,MAR,2022,31.791702,-7.09262,intrastate,0,Intrastate
Morocco,MAR,2022,31.791702,-7.09262,non_state,0,Non-state
Morocco,MAR,2022,31.791702,-7.09262,one_sided_violence,0,One-sided violence
Morocco,MAR,2023,31.791702,-7.09262,interstate,0,Interstate
Morocco,MAR,2023,31.791702,-7.09262,intrastate,0,Intrastate
Morocco,MAR,2023,31.791702,-7.09262,non_state,0,Non-state
Morocco,MAR,2023,31.791702,-7.09262,one_sided_violence,0,One-sided violence
Morocco,MAR,2024,31.791702,-7.09262,interstate,0,Interstate
Morocco,MAR,2024,31.791702,-7.09262,intrastate,0,Intrastate
Morocco,MAR,2024,31.791702,-7.09262,non_state,0,Non-state
Morocco,MAR,2024,31.791702,-7.09262,one_sided_violence,0,One-sided violence
Mozambique,MOZ,2015,-18.665695,35.529562,interstate,0,Interstate
Mozambique,MOZ,2015,-18.665695,35.529562,intrastate,0,Intrastate
Mozambique,MOZ,2015,-18.665695,35.529562,non_state,0,Non-state
Mozambique,MOZ,2015,-18.665695,35.529562,one_sided_violence,0,One-sided violence
Mozambique,MOZ,2016,-18.665695,35.529562,interstate,0,Interstate
Mozambique,MOZ,2016,-18.665695,35.529562,intrastate,55,Intrastate
Mozambique,MOZ,2016,-18.665695,35.529562,non_state,0,Non-state
Mozambique,MOZ,2016,-18.665695,35.529562,one_sided_violence,0,One-sided violence
Mozambique,MOZ,2017,-18.665695,35.529562,interstate,0,Interstate
Mozambique,MOZ,2017,-18.665695,35.529562,intrastate,0,Intrastate
Mozambique,MOZ,2017,-18.665695,35.529562,non_state,0,Non-state
Mozambique,MOZ,2017,-18.665695,35.529562,one_sided_violence,0,One-sided violence
Mozambique,MOZ,2018,-18.665695,35.529562,interstate,0,Interstate
Mozambique,MOZ,2018,-18.665695,35.529562,intrastate,51,Intrastate
Mozambique,MOZ,2018,-18.665695,35.529562,non_state,0,Non-state
Mozambique,MOZ,2018,-18.665695,35.529562,one_sided_violence,119,One-sided violence
Mozambique,MOZ,2019,-18.665695,35.529562,interstate,0,Interstate
Mozambique,MOZ,2019,-18.665695,35.529562,intrastate,291,Intrastate
Mozambique,MOZ,2019,-18.665695,35.529562,non_state,0,Non-state
Mozambique,MOZ,2019,-18.665695,35.529562,one_sided_violence,305,One-sided violence
Mozambique,MOZ,2020,-18.665695,35.529562,interstate,0,Interstate
Mozambique,MOZ,2020,-18.665695,35.529562,intrastate,939,Intrastate
Mozambique,MOZ,2020,-18.665695,35.529562,non_state,0,Non-state
Mozambique,MOZ,2020,-18.665695,35.529562,one_sided_violence,688,One-sided violence
Mozambique,MOZ,2021,-18.665695,35.529562,interstate,0,Interstate
Mozambique,MOZ,2021,-18.665695,35.529562,intrastate,867,Intrastate
Mozambique,MOZ,2021,-18.665695,35.529562,non_state,0,Non-state
Mozambique,MOZ,2021,-18.665695,35.529562,one_sided_violence,1051,One-sided violence
Mozambique,MOZ,2022,-18.665695,35.529562,interstate,0,Interstate
Mozambique,MOZ,2022,-18.665695,35.529562,intrastate,378,Intrastate
Mozambique,MOZ,2022,-18.665695,35.529562,non_state,25,Non-state
Mozambique,MOZ,2022,-18.665695,35.529562,one_sided_violence,307,One-sided violence
Mozambique,MOZ,2023,-18.665695,35.529562,interstate,0,Interstate
Mozambique,MOZ,2023,-18.665695,35.529562,intrastate,176,Intrastate
Mozambique,MOZ,2023,-18.665695,35.529562,non_state,30,Non-state
Mozambique,MOZ,2023,-18.665695,35.529562,one_sided_violence,54,One-sided violence
Mozambique,MOZ,2024,-18.665695,35.529562,interstate,0,Interstate
Mozambique,MOZ,2024,-18.665695,35.529562,intrastate,151,Intrastate
Mozambique,MOZ,2024,-18.665695,35.529562,non_state,45,Non-state
Mozambique,MOZ,2024,-18.665695,35.529562,one_sided_violence,326,One-sided violence
Myanmar,MMR,2015,21.913965,95.956223,interstate,0,Interstate
Myanmar,MMR,2015,21.913965,95.956223,intrastate,629,Intrastate
Myanmar,MMR,2015,21.913965,95.956223,non_state,0,Non-state
Myanmar,MMR,2015,21.913965,95.956223,one_sided_violence,30,One-sided violence
Myanmar,MMR,2016,21.913965,95.956223,interstate,0,Interstate
Myanmar,MMR,2016,21.913965,95.956223,intrastate,118,Intrastate
Myanmar,MMR,2016,21.913965,95.956223,non_state,0,Non-state
Myanmar,MMR,2016,21.913965,95.956223,one_sided_violence,56,One-sided violence
Myanmar,MMR,2017,21.913965,95.956223,interstate,0,Interstate
Myanmar,MMR,2017,21.913965,95.956223,intrastate,517,Intrastate
Myanmar,MMR,2017,21.913965,95.956223,non_state,0,Non-state
Myanmar,MMR,2017,21.913965,95.956223,one_sided_violence,1864,One-sided violence
Myanmar,MMR,2018,21.913965,95.956223,interstate,0,Interstate
Myanmar,MMR,2018,21.913965,95.956223,intrastate,99,Intrastate
Myanmar,MMR,2018,21.913965,95.956223,non_state,0,Non-state
Myanmar,MMR,2018,21.913965,95.956223,one_sided_violence,0,One-sided violence
Myanmar,MMR,2019,21.913965,95.956223,interstate,0,Interstate
Myanmar,MMR,2019,21.913965,95.956223,intrastate,558,Intrastate
Myanmar,MMR,2019,21.913965,95.956223,non_state,0,Non-state
Myanmar,MMR,2019,21.913965,95.956223,one_sided_violence,0,One-sided violence
Myanmar,MMR,2020,21.913965,95.956223,interstate,0,Interstate
Myanmar,MMR,2020,21.913965,95.956223,intrastate,168,Intrastate
Myanmar,MMR,2020,21.913965,95.956223,non_state,0,Non-state
Myanmar,MMR,2020,21.913965,95.956223,one_sided_violence,0,One-sided violence
Myanmar,MMR,2021,21.913965,95.956223,interstate,0,Interstate
Myanmar,MMR,2021,21.913965,95.956223,intrastate,1031,Intrastate
Myanmar,MMR,2021,21.913965,95.956223,non_state,0,Non-state
Myanmar,MMR,2021,21.913965,95.956223,one_sided_violence,707,One-sided violence
Myanmar,MMR,2022,21.913965,95.956223,interstate,0,Interstate
Myanmar,MMR,2022,21.913965,95.956223,intrastate,2036,Intrastate
Myanmar,MMR,2022,21.913965,95.956223,non_state,0,Non-state
Myanmar,MMR,2022,21.913965,95.956223,one_sided_violence,702,One-sided violence
Myanmar,MMR,2023,21.913965,95.956223,interstate,0,Interstate
Myanmar,MMR,2023,21.913965,95.956223,intrastate,2439,Intrastate
Myanmar,MMR,2023,21.913965,95.956223,non_state,0,Non-state
Myanmar,MMR,2023,21.913965,95.956223,one_sided_violence,596,One-sided violence
Myanmar,MMR,2024,21.913965,95.956223,interstate,0,Interstate
Myanmar,MMR,2024,21.913965,95.956223,intrastate,2332,Intrastate
Myanmar,MMR,2024,21.913965,95.956223,non_state,0,Non-state
Myanmar,MMR,2024,21.913965,95.956223,one_sided_violence,527,One-sided violence
Namibia,NAM,2015,-22.9576,18.4904,interstate,0,Interstate
Namibia,NAM,2015,-22.9576,18.4904,intrastate,0,Intrastate
Namibia,NAM,2015,-22.9576,18.4904,non_state,0,Non-state
Namibia,NAM,2015,-22.9576,18.4904,one_sided_violence,0,One-sided violence
Namibia,NAM,2016,-22.9576,18.4904,interstate,0,Interstate
Namibia,NAM,2016,-22.9576,18.4904,intrastate,0,Intrastate
Namibia,NAM,2016,-22.9576,18.4904,non_state,0,Non-state
Namibia,NAM,2016,-22.9576,18.4904,one_sided_violence,0,One-sided violence
Namibia,NAM,2017,-22.9576,18.4904,interstate,0,Interstate
Namibia,NAM,2017,-22.9576,18.4904,intrastate,0,Intrastate
Namibia,NAM,2017,-22.9576,18.4904,non_state,0,Non-state
Namibia,NAM,2017,-22.9576,18.4904,one_sided_violence,0,One-sided violence
Namibia,NAM,2018,-22.9576,18.4904,interstate,0,Interstate
Namibia,NAM,2018,-22.9576,18.4904,intrastate,0,Intrastate
Namibia,NAM,2018,-22.9576,18.4904,non_state,0,Non-state
Namibia,NAM,2018,-22.9576,18.4904,one_sided_violence,0,One-sided violence
Namibia,NAM,2019,-22.9576,18.4904,interstate,0,Interstate
Namibia,NAM,2019,-22.9576,18.4904,intrastate,0,Intrastate
Namibia,NAM,2019,-22.9576,18.4904,non_state,0,Non-state
Namibia,NAM,2019,-22.9576,18.4904,one_sided_violence,0,One-sided violence
Namibia,NAM,2020,-22.9576,18.4904,interstate,0,Interstate
Namibia,NAM,2020,-22.9576,18.4904,intrastate,0,Intrastate
Namibia,NAM,2020,-22.9576,18.4904,non_state,0,Non-state
Namibia,NAM,2020,-22.9576,18.4904,one_sided_violence,0,One-sided violence
Namibia,NAM,2021,-22.9576,18.4904,interstate,0,Interstate
Namibia,NAM,2021,-22.9576,18.4904,intrastate,0,Intrastate
Namibia,NAM,2021,-22.9576,18.4904,non_state,0,Non-state
Namibia,NAM,2021,-22.9576,18.4904,one_sided_violence,0,One-sided violence
Namibia,NAM,2022,-22.9576,18.4904,interstate,0,Interstate
Namibia,NAM,2022,-22.9576,18.4904,intrastate,0,Intrastate
Namibia,NAM,2022,-22.9576,18.4904,non_state,0,Non-state
Namibia,NAM,2022,-22.9576,18.4904,one_sided_violence,0,One-sided violence
Namibia,NAM,2023,-22.9576,18.4904,interstate,0,Interstate
Namibia,NAM,2023,-22.9576,18.4904,intrastate,0,Intrastate
Namibia,NAM,2023,-22.9576,18.4904,non_state,0,Non-state
Namibia,NAM,2023,-22.9576,18.4904,one_sided_violence,0,One-sided violence
Namibia,NAM,2024,-22.9576,18.4904,interstate,0,Interstate
Namibia,NAM,2024,-22.9576,18.4904,intrastate,0,Intrastate
Namibia,NAM,2024,-22.9576,18.4904,non_state,0,Non-state
Namibia,NAM,2024,-22.9576,18.4904,one_sided_violence,0,One-sided violence
Nauru,NRU,2015,-0.522778,166.931503,interstate,0,Interstate
Nauru,NRU,2015,-0.522778,166.931503,intrastate,0,Intrastate
Nauru,NRU,2015,-0.522778,166.931503,non_state,0,Non-state
Nauru,NRU,2015,-0.522778,166.931503,one_sided_violence,0,One-sided violence
Nauru,NRU,2016,-0.522778,166.931503,interstate,0,Interstate
Nauru,NRU,2016,-0.522778,166.931503,intrastate,0,Intrastate
Nauru,NRU,2016,-0.522778,166.931503,non_state,0,Non-state
Nauru,NRU,2016,-0.522778,166.931503,one_sided_violence,0,One-sided violence
Nauru,NRU,2017,-0.522778,166.931503,interstate,0,Interstate
Nauru,NRU,2017,-0.522778,166.931503,intrastate,0,Intrastate
Nauru,NRU,2017,-0.522778,166.931503,non_state,0,Non-state
Nauru,NRU,2017,-0.522778,166.931503,one_sided_violence,0,One-sided violence
Nauru,NRU,2018,-0.522778,166.931503,interstate,0,Interstate
Nauru,NRU,2018,-0.522778,166.931503,intrastate,0,Intrastate
Nauru,NRU,2018,-0.522778,166.931503,non_state,0,Non-state
Nauru,NRU,2018,-0.522778,166.931503,one_sided_violence,0,One-sided violence
Nauru,NRU,2019,-0.522778,166.931503,interstate,0,Interstate
Nauru,NRU,2019,-0.522778,166.931503,intrastate,0,Intrastate
Nauru,NRU,2019,-0.522778,166.931503,non_state,0,Non-state
Nauru,NRU,2019,-0.522778,166.931503,one_sided_violence,0,One-sided violence
Nauru,NRU,2020,-0.522778,166.931503,interstate,0,Interstate
Nauru,NRU,2020,-0.522778,166.931503,intrastate,0,Intrastate
Nauru,NRU,2020,-0.522778,166.931503,non_state,0,Non-state
Nauru,NRU,2020,-0.522778,166.931503,one_sided_violence,0,One-sided violence
Nauru,NRU,2021,-0.522778,166.931503,interstate,0,Interstate
Nauru,NRU,2021,-0.522778,166.931503,intrastate,0,Intrastate
Nauru,NRU,2021,-0.522778,166.931503,non_state,0,Non-state
Nauru,NRU,2021,-0.522778,166.931503,one_sided_violence,0,One-sided violence
Nauru,NRU,2022,-0.522778,166.931503,interstate,0,Interstate
Nauru,NRU,2022,-0.522778,166.931503,intrastate,0,Intrastate
Nauru,NRU,2022,-0.522778,166.931503,non_state,0,Non-state
Nauru,NRU,2022,-0.522778,166.931503,one_sided_violence,0,One-sided violence
Nauru,NRU,2023,-0.522778,166.931503,interstate,0,Interstate
Nauru,NRU,2023,-0.522778,166.931503,intrastate,0,Intrastate
Nauru,NRU,2023,-0.522778,166.931503,non_state,0,Non-state
Nauru,NRU,2023,-0.522778,166.931503,one_sided_violence,0,One-sided violence
Nauru,NRU,2024,-0.522778,166.931503,interstate,0,Interstate
Nauru,NRU,2024,-0.522778,166.931503,intrastate,0,Intrastate
Nauru,NRU,2024,-0.522778,166.931503,non_state,0,Non-state
Nauru,NRU,2024,-0.522778,166.931503,one_sided_violence,0,One-sided violence
Nepal,NPL,2015,28.394857,84.124008,interstate,0,Interstate
Nepal,NPL,2015,28.394857,84.124008,intrastate,0,Intrastate
Nepal,NPL,2015,28.394857,84.124008,non_state,0,Non-state
Nepal,NPL,2015,28.394857,84.124008,one_sided_violence,0,One-sided violence
Nepal,NPL,2016,28.394857,84.124008,interstate,0,Interstate
Nepal,NPL,2016,28.394857,84.124008,intrastate,0,Intrastate
Nepal,NPL,2016,28.394857,84.124008,non_state,0,Non-state
Nepal,NPL,2016,28.394857,84.124008,one_sided_violence,0,One-sided violence
Nepal,NPL,2017,28.394857,84.124008,interstate,0,Interstate
Nepal,NPL,2017,28.394857,84.124008,intrastate,0,Intrastate
Nepal,NPL,2017,28.394857,84.124008,non_state,0,Non-state
Nepal,NPL,2017,28.394857,84.124008,one_sided_violence,0,One-sided violence
Nepal,NPL,2018,28.394857,84.124008,interstate,0,Interstate
Nepal,NPL,2018,28.394857,84.124008,intrastate,0,Intrastate
Nepal,NPL,2018,28.394857,84.124008,non_state,0,Non-state
Nepal,NPL,2018,28.394857,84.124008,one_sided_violence,0,One-sided violence
Nepal,NPL,2019,28.394857,84.124008,interstate,0,Interstate
Nepal,NPL,2019,28.394857,84.124008,intrastate,0,Intrastate
Nepal,NPL,2019,28.394857,84.124008,non_state,0,Non-state
Nepal,NPL,2019,28.394857,84.124008,one_sided_violence,0,One-sided violence
Nepal,NPL,2020,28.394857,84.124008,interstate,0,Interstate
Nepal,NPL,2020,28.394857,84.124008,intrastate,0,Intrastate
Nepal,NPL,2020,28.394857,84.124008,non_state,0,Non-state
Nepal,NPL,2020,28.394857,84.124008,one_sided_violence,0,One-sided violence
Nepal,NPL,2021,28.394857,84.124008,interstate,0,Interstate
Nepal,NPL,2021,28.394857,84.124008,intrastate,0,Intrastate
Nepal,NPL,2021,28.394857,84.124008,non_state,0,Non-state
Nepal,NPL,2021,28.394857,84.124008,one_sided_violence,0,One-sided violence
Nepal,NPL,2022,28.394857,84.124008,interstate,0,Interstate
Nepal,NPL,2022,28.394857,84.124008,intrastate,0,Intrastate
Nepal,NPL,2022,28.394857,84.124008,non_state,0,Non-state
Nepal,NPL,2022,28.394857,84.124008,one_sided_violence,0,One-sided violence
Nepal,NPL,2023,28.394857,84.124008,interstate,0,Interstate
Nepal,NPL,2023,28.394857,84.124008,intrastate,0,Intrastate
Nepal,NPL,2023,28.394857,84.124008,non_state,0,Non-state
Nepal,NPL,2023,28.394857,84.124008,one_sided_violence,0,One-sided violence
Nepal,NPL,2024,28.394857,84.124008,interstate,0,Interstate
Nepal,NPL,2024,28.394857,84.124008,intrastate,0,Intrastate
Nepal,NPL,2024,28.394857,84.124008,non_state,0,Non-state
Nepal,NPL,2024,28.394857,84.124008,one_sided_violence,0,One-sided violence
Netherlands,NLD,2015,52.132633,5.291266,interstate,0,Interstate
Netherlands,NLD,2015,52.132633,5.291266,intrastate,0,Intrastate
Netherlands,NLD,2015,52.132633,5.291266,non_state,0,Non-state
Netherlands,NLD,2015,52.132633,5.291266,one_sided_violence,0,One-sided violence
Netherlands,NLD,2016,52.132633,5.291266,interstate,0,Interstate
Netherlands,NLD,2016,52.132633,5.291266,intrastate,0,Intrastate
Netherlands,NLD,2016,52.132633,5.291266,non_state,0,Non-state
Netherlands,NLD,2016,52.132633,5.291266,one_sided_violence,0,One-sided violence
Netherlands,NLD,2017,52.132633,5.291266,interstate,0,Interstate
Netherlands,NLD,2017,52.132633,5.291266,intrastate,0,Intrastate
Netherlands,NLD,2017,52.132633,5.291266,non_state,0,Non-state
Netherlands,NLD,2017,52.132633,5.291266,one_sided_violence,0,One-sided violence
Netherlands,NLD,2018,52.132633,5.291266,interstate,0,Interstate
Netherlands,NLD,2018,52.132633,5.291266,intrastate,0,Intrastate
Netherlands,NLD,2018,52.132633,5.291266,non_state,0,Non-state
Netherlands,NLD,2018,52.132633,5.291266,one_sided_violence,0,One-sided violence
Netherlands,NLD,2019,52.132633,5.291266,interstate,0,Interstate
Netherlands,NLD,2019,52.132633,5.291266,intrastate,0,Intrastate
Netherlands,NLD,2019,52.132633,5.291266,non_state,0,Non-state
Netherlands,NLD,2019,52.132633,5.291266,one_sided_violence,0,One-sided violence
Netherlands,NLD,2020,52.132633,5.291266,interstate,0,Interstate
Netherlands,NLD,2020,52.132633,5.291266,intrastate,0,Intrastate
Netherlands,NLD,2020,52.132633,5.291266,non_state,0,Non-state
Netherlands,NLD,2020,52.132633,5.291266,one_sided_violence,0,One-sided violence
Netherlands,NLD,2021,52.132633,5.291266,interstate,0,Interstate
Netherlands,NLD,2021,52.132633,5.291266,intrastate,0,Intrastate
Netherlands,NLD,2021,52.132633,5.291266,non_state,0,Non-state
Netherlands,NLD,2021,52.132633,5.291266,one_sided_violence,0,One-sided violence
Netherlands,NLD,2022,52.132633,5.291266,interstate,0,Interstate
Netherlands,NLD,2022,52.132633,5.291266,intrastate,0,Intrastate
Netherlands,NLD,2022,52.132633,5.291266,non_state,0,Non-state
Netherlands,NLD,2022,52.132633,5.291266,one_sided_violence,0,One-sided violence
Netherlands,NLD,2023,52.132633,5.291266,interstate,0,Interstate
Netherlands,NLD,2023,52.132633,5.291266,intrastate,0,Intrastate
Netherlands,NLD,2023,52.132633,5.291266,non_state,0,Non-state
Netherlands,NLD,2023,52.132633,5.291266,one_sided_violence,0,One-sided violence
Netherlands,NLD,2024,52.132633,5.291266,interstate,0,Interstate
Netherlands,NLD,2024,52.132633,5.291266,intrastate,0,Intrastate
Netherlands,NLD,2024,52.132633,5.291266,non_state,0,Non-state
Netherlands,NLD,2024,52.132633,5.291266,one_sided_violence,0,One-sided violence
New Zealand,NZL,2015,-40.900557,174.885971,interstate,0,Interstate
New Zealand,NZL,2015,-40.900557,174.885971,intrastate,0,Intrastate
New Zealand,NZL,2015,-40.900557,174.885971,non_state,0,Non-state
New Zealand,NZL,2015,-40.900557,174.885971,one_sided_violence,0,One-sided violence
New Zealand,NZL,2016,-40.900557,174.885971,interstate,0,Interstate
New Zealand,NZL,2016,-40.900557,174.885971,intrastate,0,Intrastate
New Zealand,NZL,2016,-40.900557,174.885971,non_state,0,Non-state
New Zealand,NZL,2016,-40.900557,174.885971,one_sided_violence,0,One-sided violence
New Zealand,NZL,2017,-40.900557,174.885971,interstate,0,Interstate
New Zealand,NZL,2017,-40.900557,174.885971,intrastate,0,Intrastate
New Zealand,NZL,2017,-40.900557,174.885971,non_state,0,Non-state
New Zealand,NZL,2017,-40.900557,174.885971,one_sided_violence,0,One-sided violence
New Zealand,NZL,2018,-40.900557,174.885971,interstate,0,Interstate
New Zealand,NZL,2018,-40.900557,174.885971,intrastate,0,Intrastate
New Zealand,NZL,2018,-40.900557,174.885971,non_state,0,Non-state
New Zealand,NZL,2018,-40.900557,174.885971,one_sided_violence,0,One-sided violence
New Zealand,NZL,2019,-40.900557,174.885971,interstate,0,Interstate
New Zealand,NZL,2019,-40.900557,174.885971,intrastate,0,Intrastate
New Zealand,NZL,2019,-40.900557,174.885971,non_state,0,Non-state
New Zealand,NZL,2019,-40.900557,174.885971,one_sided_violence,0,One-sided violence
New Zealand,NZL,2020,-40.900557,174.885971,interstate,0,Interstate
New Zealand,NZL,2020,-40.900557,174.885971,intrastate,0,Intrastate
New Zealand,NZL,2020,-40.900557,174.885971,non_state,0,Non-state
New Zealand,NZL,2020,-40.900557,174.885971,one_sided_violence,0,One-sided violence
New Zealand,NZL,2021,-40.900557,174.885971,interstate,0,Interstate
New Zealand,NZL,2021,-40.900557,174.885971,intrastate,0,Intrastate
New Zealand,NZL,2021,-40.900557,174.885971,non_state,0,Non-state
New Zealand,NZL,2021,-40.900557,174.885971,one_sided_violence,0,One-sided violence
New Zealand,NZL,2022,-40.900557,174.885971,interstate,0,Interstate
New Zealand,NZL,2022,-40.900557,174.885971,intrastate,0,Intrastate
New Zealand,NZL,2022,-40.900557,174.885971,non_state,0,Non-state
New Zealand,NZL,2022,-40.900557,174.885971,one_sided_violence,0,One-sided violence
New Zealand,NZL,2023,-40.900557,174.885971,interstate,0,Interstate
New Zealand,NZL,2023,-40.900557,174.885971,intrastate,0,Intrastate
New Zealand,NZL,2023,-40.900557,174.885971,non_state,0,Non-state
New Zealand,NZL,2023,-40.900557,174.885971,one_sided_violence,0,One-sided violence
New Zealand,NZL,2024,-40.900557,174.885971,interstate,0,Interstate
New Zealand,NZL,2024,-40.900557,174.885971,intrastate,0,Intrastate
New Zealand,NZL,2024,-40.900557,174.885971,non_state,0,Non-state
New Zealand,NZL,2024,-40.900557,174.885971,one_sided_violence,0,One-sided violence
Nicaragua,NIC,2015,12.865416,-85.207229,interstate,0,Interstate
Nicaragua,NIC,2015,12.865416,-85.207229,intrastate,0,Intrastate
Nicaragua,NIC,2015,12.865416,-85.207229,non_state,0,Non-state
Nicaragua,NIC,2015,12.865416,-85.207229,one_sided_violence,0,One-sided violence
Nicaragua,NIC,2016,12.865416,-85.207229,interstate,0,Interstate
Nicaragua,NIC,2016,12.865416,-85.207229,intrastate,0,Intrastate
Nicaragua,NIC,2016,12.865416,-85.207229,non_state,0,Non-state
Nicaragua,NIC,2016,12.865416,-85.207229,one_sided_violence,0,One-sided violence
Nicaragua,NIC,2017,12.865416,-85.207229,interstate,0,Interstate
Nicaragua,NIC,2017,12.865416,-85.207229,intrastate,0,Intrastate
Nicaragua,NIC,2017,12.865416,-85.207229,non_state,0,Non-state
Nicaragua,NIC,2017,12.865416,-85.207229,one_sided_violence,0,One-sided violence
Nicaragua,NIC,2018,12.865416,-85.207229,interstate,0,Interstate
Nicaragua,NIC,2018,12.865416,-85.207229,intrastate,0,Intrastate
Nicaragua,NIC,2018,12.865416,-85.207229,non_state,0,Non-state
Nicaragua,NIC,2018,12.865416,-85.207229,one_sided_violence,0,One-sided violence
Nicaragua,NIC,2019,12.865416,-85.207229,interstate,0,Interstate
Nicaragua,NIC,2019,12.865416,-85.207229,intrastate,0,Intrastate
Nicaragua,NIC,2019,12.865416,-85.207229,non_state,0,Non-state
Nicaragua,NIC,2019,12.865416,-85.207229,one_sided_violence,0,One-sided violence
Nicaragua,NIC,2020,12.865416,-85.207229,interstate,0,Interstate
Nicaragua,NIC,2020,12.865416,-85.207229,intrastate,0,Intrastate
Nicaragua,NIC,2020,12.865416,-85.207229,non_state,0,Non-state
Nicaragua,NIC,2020,12.865416,-85.207229,one_sided_violence,0,One-sided violence
Nicaragua,NIC,2021,12.865416,-85.207229,interstate,0,Interstate
Nicaragua,NIC,2021,12.865416,-85.207229,intrastate,0,Intrastate
Nicaragua,NIC,2021,12.865416,-85.207229,non_state,0,Non-state
Nicaragua,NIC,2021,12.865416,-85.207229,one_sided_violence,0,One-sided violence
Nicaragua,NIC,2022,12.865416,-85.207229,interstate,0,Interstate
Nicaragua,NIC,2022,12.865416,-85.207229,intrastate,0,Intrastate
Nicaragua,NIC,2022,12.865416,-85.207229,non_state,0,Non-state
Nicaragua,NIC,2022,12.865416,-85.207229,one_sided_violence,0,One-sided violence
Nicaragua,NIC,2023,12.865416,-85.207229,interstate,0,Interstate
Nicaragua,NIC,2023,12.865416,-85.207229,intrastate,0,Intrastate
Nicaragua,NIC,2023,12.865416,-85.207229,non_state,0,Non-state
Nicaragua,NIC,2023,12.865416,-85.207229,one_sided_violence,0,One-sided violence
Nicaragua,NIC,2024,12.865416,-85.207229,interstate,0,Interstate
Nicaragua,NIC,2024,12.865416,-85.207229,intrastate,0,Intrastate
Nicaragua,NIC,2024,12.865416,-85.207229,non_state,0,Non-state
Nicaragua,NIC,2024,12.865416,-85.207229,one_sided_violence,0,One-sided violence
Niger,NER,2015,17.607789,8.081666,interstate,0,Interstate
Niger,NER,2015,17.607789,8.081666,intrastate,368,Intrastate
Niger,NER,2015,17.607789,8.081666,non_state,6,Non-state
Niger,NER,2015,17.607789,8.081666,one_sided_violence,159,One-sided violence
Niger,NER,2016,17.607789,8.081666,interstate,0,Interstate
Niger,NER,2016,17.607789,8.081666,intrastate,275,Intrastate
Niger,NER,2016,17.607789,8.081666,non_state,0,Non-state
Niger,NER,2016,17.607789,8.081666,one_sided_violence,25,One-sided violence
Niger,NER,2017,17.607789,8.081666,interstate,0,Interstate
Niger,NER,2017,17.607789,8.081666,intrastate,229,Intrastate
Niger,NER,2017,17.607789,8.081666,non_state,0,Non-state
Niger,NER,2017,17.607789,8.081666,one_sided_violence,14,One-sided violence
Niger,NER,2018,17.607789,8.081666,interstate,0,Interstate
Niger,NER,2018,17.607789,8.081666,intrastate,74,Intrastate
Niger,NER,2018,17.607789,8.081666,non_state,31,Non-state
Niger,NER,2018,17.607789,8.081666,one_sided_violence,81,One-sided violence
Niger,NER,2019,17.607789,8.081666,interstate,0,Interstate
Niger,NER,2019,17.607789,8.081666,intrastate,298,Intrastate
Niger,NER,2019,17.607789,8.081666,non_state,0,Non-state
Niger,NER,2019,17.607789,8.081666,one_sided_violence,178,One-sided violence
Niger,NER,2020,17.607789,8.081666,interstate,0,Interstate
Niger,NER,2020,17.607789,8.081666,intrastate,535,Intrastate
Niger,NER,2020,17.607789,8.081666,non_state,0,Non-state
Niger,NER,2020,17.607789,8.081666,one_sided_violence,283,One-sided violence
Niger,NER,2021,17.607789,8.081666,interstate,0,Interstate
Niger,NER,2021,17.607789,8.081666,intrastate,459,Intrastate
Niger,NER,2021,17.607789,8.081666,non_state,105,Non-state
Niger,NER,2021,17.607789,8.081666,one_sided_violence,570,One-sided violence
Niger,NER,2022,17.607789,8.081666,interstate,0,Interstate
Niger,NER,2022,17.607789,8.081666,intrastate,516,Intrastate
Niger,NER,2022,17.607789,8.081666,non_state,52,Non-state
Niger,NER,2022,17.607789,8.081666,one_sided_violence,96,One-sided violence
Niger,NER,2023,17.607789,8.081666,interstate,0,Interstate
Niger,NER,2023,17.607789,8.081666,intrastate,319,Intrastate
Niger,NER,2023,17.607789,8.081666,non_state,0,Non-state
Niger,NER,2023,17.607789,8.081666,one_sided_violence,159,One-sided violence
Niger,NER,2024,17.607789,8.081666,interstate,0,Interstate
Niger,NER,2024,17.607789,8.081666,intrastate,952,Intrastate
Niger,NER,2024,17.607789,8.081666,non_state,40,Non-state
Niger,NER,2024,17.607789,8.081666,one_sided_violence,229,One-sided violence
Nigeria,NGA,2015,9.081999,8.675277,interstate,0,Interstate
Nigeria,NGA,2015,9.081999,8.675277,intrastate,4637,Intrastate
Nigeria,NGA,2015,9.081999,8.675277,non_state,794,Non-state
Nigeria,NGA,2015,9.081999,8.675277,one_sided_violence,3662,One-sided violence
Nigeria,NGA,2016,9.081999,8.675277,interstate,0,Interstate
Nigeria,NGA,2016,9.081999,8.675277,intrastate,2491,Intrastate
Nigeria,NGA,2016,9.081999,8.675277,non_state,723,Non-state
Nigeria,NGA,2016,9.081999,8.675277,one_sided_violence,634,One-sided violence
Nigeria,NGA,2017,9.081999,8.675277,interstate,0,Interstate
Nigeria,NGA,2017,9.081999,8.675277,intrastate,1879,Intrastate
Nigeria,NGA,2017,9.081999,8.675277,non_state,869,Non-state
Nigeria,NGA,2017,9.081999,8.675277,one_sided_violence,732,One-sided violence
Nigeria,NGA,2018,9.081999,8.675277,interstate,0,Interstate
Nigeria,NGA,2018,9.081999,8.675277,intrastate,1173,Intrastate
Nigeria,NGA,2018,9.081999,8.675277,non_state,1416,Non-state
Nigeria,NGA,2018,9.081999,8.675277,one_sided_violence,536,One-sided violence
Nigeria,NGA,2019,9.081999,8.675277,interstate,0,Interstate
Nigeria,NGA,2019,9.081999,8.675277,intrastate,1326,Intrastate
Nigeria,NGA,2019,9.081999,8.675277,non_state,587,Non-state
Nigeria,NGA,2019,9.081999,8.675277,one_sided_violence,382,One-sided violence
Nigeria,NGA,2020,9.081999,8.675277,interstate,0,Interstate
Nigeria,NGA,2020,9.081999,8.675277,intrastate,2001,Intrastate
Nigeria,NGA,2020,9.081999,8.675277,non_state,437,Non-state
Nigeria,NGA,2020,9.081999,8.675277,one_sided_violence,471,One-sided violence
Nigeria,NGA,2021,9.081999,8.675277,interstate,0,Interstate
Nigeria,NGA,2021,9.081999,8.675277,intrastate,1999,Intrastate
Nigeria,NGA,2021,9.081999,8.675277,non_state,904,Non-state
Nigeria,NGA,2021,9.081999,8.675277,one_sided_violence,190,One-sided violence
Nigeria,NGA,2022,9.081999,8.675277,interstate,0,Interstate
Nigeria,NGA,2022,9.081999,8.675277,intrastate,1535,Intrastate
Nigeria,NGA,2022,9.081999,8.675277,non_state,917,Non-state
Nigeria,NGA,2022,9.081999,8.675277,one_sided_violence,362,One-sided violence
Nigeria,NGA,2023,9.081999,8.675277,interstate,0,Interstate
Nigeria,NGA,2023,9.081999,8.675277,intrastate,2087,Intrastate
Nigeria,NGA,2023,9.081999,8.675277,non_state,1407,Non-state
Nigeria,NGA,2023,9.081999,8.675277,one_sided_violence,410,One-sided violence
Nigeria,NGA,2024,9.081999,8.675277,interstate,0,Interstate
Nigeria,NGA,2024,9.081999,8.675277,intrastate,1486,Intrastate
Nigeria,NGA,2024,9.081999,8.675277,non_state,1194,Non-state
Nigeria,NGA,2024,9.081999,8.675277,one_sided_violence,381,One-sided violence
North Korea,PRK,2015,40.339852,127.510093,interstate,0,Interstate
North Korea,PRK,2015,40.339852,127.510093,intrastate,0,Intrastate
North Korea,PRK,2015,40.339852,127.510093,non_state,0,Non-state
North Korea,PRK,2015,40.339852,127.510093,one_sided_violence,0,One-sided violence
North Korea,PRK,2016,40.339852,127.510093,interstate,0,Interstate
North Korea,PRK,2016,40.339852,127.510093,intrastate,0,Intrastate
North Korea,PRK,2016,40.339852,127.510093,non_state,0,Non-state
North Korea,PRK,2016,40.339852,127.510093,one_sided_violence,0,One-sided violence
North Korea,PRK,2017,40.339852,127.510093,interstate,0,Interstate
North Korea,PRK,2017,40.339852,127.510093,intrastate,0,Intrastate
North Korea,PRK,2017,40.339852,127.510093,non_state,0,Non-state
North Korea,PRK,2017,40.339852,127.510093,one_sided_violence,0,One-sided violence
North Korea,PRK,2018,40.339852,127.510093,interstate,0,Interstate
North Korea,PRK,2018,40.339852,127.510093,intrastate,0,Intrastate
North Korea,PRK,2018,40.339852,127.510093,non_state,0,Non-state
North Korea,PRK,2018,40.339852,127.510093,one_sided_violence,0,One-sided violence
North Korea,PRK,2019,40.339852,127.510093,interstate,0,Interstate
North Korea,PRK,2019,40.339852,127.510093,intrastate,0,Intrastate
North Korea,PRK,2019,40.339852,127.510093,non_state,0,Non-state
North Korea,PRK,2019,40.339852,127.510093,one_sided_violence,0,One-sided violence
North Korea,PRK,2020,40.339852,127.510093,interstate,0,Interstate
North Korea,PRK,2020,40.339852,127.510093,intrastate,0,Intrastate
North Korea,PRK,2020,40.339852,127.510093,non_state,0,Non-state
North Korea,PRK,2020,40.339852,127.510093,one_sided_violence,0,One-sided violence
North Korea,PRK,2021,40.339852,127.510093,interstate,0,Interstate
North Korea,PRK,2021,40.339852,127.510093,intrastate,0,Intrastate
North Korea,PRK,2021,40.339852,127.510093,non_state,0,Non-state
North Korea,PRK,2021,40.339852,127.510093,one_sided_violence,0,One-sided violence
North Korea,PRK,2022,40.339852,127.510093,interstate,0,Interstate
North Korea,PRK,2022,40.339852,127.510093,intrastate,0,Intrastate
North Korea,PRK,2022,40.339852,127.510093,non_state,0,Non-state
North Korea,PRK,2022,40.339852,127.510093,one_sided_violence,0,One-sided violence
North Korea,PRK,2023,40.339852,127.510093,interstate,0,Interstate
North Korea,PRK,2023,40.339852,127.510093,intrastate,0,Intrastate
North Korea,PRK,2023,40.339852,127.510093,non_state,0,Non-state
North Korea,PRK,2023,40.339852,127.510093,one_sided_violence,0,One-sided violence
North Korea,PRK,2024,40.339852,127.510093,interstate,0,Interstate
North Korea,PRK,2024,40.339852,127.510093,intrastate,0,Intrastate
North Korea,PRK,2024,40.339852,127.510093,non_state,0,Non-state
North Korea,PRK,2024,40.339852,127.510093,one_sided_violence,0,One-sided violence
North Macedonia,MKD,2015,41.608635,21.745275,interstate,0,Interstate
North Macedonia,MKD,2015,41.608635,21.745275,intrastate,0,Intrastate
North Macedonia,MKD,2015,41.608635,21.745275,non_state,0,Non-state
North Macedonia,MKD,2015,41.608635,21.745275,one_sided_violence,0,One-sided violence
North Macedonia,MKD,2016,41.608635,21.745275,interstate,0,Interstate
North Macedonia,MKD,2016,41.608635,21.745275,intrastate,0,Intrastate
North Macedonia,MKD,2016,41.608635,21.745275,non_state,0,Non-state
North Macedonia,MKD,2016,41.608635,21.745275,one_sided_violence,0,One-sided violence
North Macedonia,MKD,2017,41.608635,21.745275,interstate,0,Interstate
North Macedonia,MKD,2017,41.608635,21.745275,intrastate,0,Intrastate
North Macedonia,MKD,2017,41.608635,21.745275,non_state,0,Non-state
North Macedonia,MKD,2017,41.608635,21.745275,one_sided_violence,0,One-sided violence
North Macedonia,MKD,2018,41.608635,21.745275,interstate,0,Interstate
North Macedonia,MKD,2018,41.608635,21.745275,intrastate,0,Intrastate
North Macedonia,MKD,2018,41.608635,21.745275,non_state,0,Non-state
North Macedonia,MKD,2018,41.608635,21.745275,one_sided_violence,0,One-sided violence
North Macedonia,MKD,2019,41.608635,21.745275,interstate,0,Interstate
North Macedonia,MKD,2019,41.608635,21.745275,intrastate,0,Intrastate
North Macedonia,MKD,2019,41.608635,21.745275,non_state,0,Non-state
North Macedonia,MKD,2019,41.608635,21.745275,one_sided_violence,0,One-sided violence
North Macedonia,MKD,2020,41.608635,21.745275,interstate,0,Interstate
North Macedonia,MKD,2020,41.608635,21.745275,intrastate,0,Intrastate
North Macedonia,MKD,2020,41.608635,21.745275,non_state,0,Non-state
North Macedonia,MKD,2020,41.608635,21.745275,one_sided_violence,0,One-sided violence
North Macedonia,MKD,2021,41.608635,21.745275,interstate,0,Interstate
North Macedonia,MKD,2021,41.608635,21.745275,intrastate,0,Intrastate
North Macedonia,MKD,2021,41.608635,21.745275,non_state,0,Non-state
North Macedonia,MKD,2021,41.608635,21.745275,one_sided_violence,0,One-sided violence
North Macedonia,MKD,2022,41.608635,21.745275,interstate,0,Interstate
North Macedonia,MKD,2022,41.608635,21.745275,intrastate,0,Intrastate
North Macedonia,MKD,2022,41.608635,21.745275,non_state,0,Non-state
North Macedonia,MKD,2022,41.608635,21.745275,one_sided_violence,0,One-sided violence
North Macedonia,MKD,2023,41.608635,21.745275,interstate,0,Interstate
North Macedonia,MKD,2023,41.608635,21.745275,intrastate,0,Intrastate
North Macedonia,MKD,2023,41.608635,21.745275,non_state,0,Non-state
North Macedonia,MKD,2023,41.608635,21.745275,one_sided_violence,0,One-sided violence
North Macedonia,MKD,2024,41.608635,21.745275,interstate,0,Interstate
North Macedonia,MKD,2024,41.608635,21.745275,intrastate,0,Intrastate
North Macedonia,MKD,2024,41.608635,21.745275,non_state,0,Non-state
North Macedonia,MKD,2024,41.608635,21.745275,one_sided_violence,0,One-sided violence
Norway,NOR,2015,60.472024,8.468946,interstate,0,Interstate
Norway,NOR,2015,60.472024,8.468946,intrastate,0,Intrastate
Norway,NOR,2015,60.472024,8.468946,non_state,0,Non-state
Norway,NOR,2015,60.472024,8.468946,one_sided_violence,0,One-sided violence
Norway,NOR,2016,60.472024,8.468946,interstate,0,Interstate
Norway,NOR,2016,60.472024,8.468946,intrastate,0,Intrastate
Norway,NOR,2016,60.472024,8.468946,non_state,0,Non-state
Norway,NOR,2016,60.472024,8.468946,one_sided_violence,0,One-sided violence
Norway,NOR,2017,60.472024,8.468946,interstate,0,Interstate
Norway,NOR,2017,60.472024,8.468946,intrastate,0,Intrastate
Norway,NOR,2017,60.472024,8.468946,non_state,0,Non-state
Norway,NOR,2017,60.472024,8.468946,one_sided_violence,0,One-sided violence
Norway,NOR,2018,60.472024,8.468946,interstate,0,Interstate
Norway,NOR,2018,60.472024,8.468946,intrastate,0,Intrastate
Norway,NOR,2018,60.472024,8.468946,non_state,0,Non-state
Norway,NOR,2018,60.472024,8.468946,one_sided_violence,0,One-sided violence
Norway,NOR,2019,60.472024,8.468946,interstate,0,Interstate
Norway,NOR,2019,60.472024,8.468946,intrastate,0,Intrastate
Norway,NOR,2019,60.472024,8.468946,non_state,0,Non-state
Norway,NOR,2019,60.472024,8.468946,one_sided_violence,0,One-sided violence
Norway,NOR,2020,60.472024,8.468946,interstate,0,Interstate
Norway,NOR,2020,60.472024,8.468946,intrastate,0,Intrastate
Norway,NOR,2020,60.472024,8.468946,non_state,0,Non-state
Norway,NOR,2020,60.472024,8.468946,one_sided_violence,0,One-sided violence
Norway,NOR,2021,60.472024,8.468946,interstate,0,Interstate
Norway,NOR,2021,60.472024,8.468946,intrastate,0,Intrastate
Norway,NOR,2021,60.472024,8.468946,non_state,0,Non-state
Norway,NOR,2021,60.472024,8.468946,one_sided_violence,0,One-sided violence
Norway,NOR,2022,60.472024,8.468946,interstate,0,Interstate
Norway,NOR,2022,60.472024,8.468946,intrastate,0,Intrastate
Norway,NOR,2022,60.472024,8.468946,non_state,0,Non-state
Norway,NOR,2022,60.472024,8.468946,one_sided_violence,0,One-sided violence
Norway,NOR,2023,60.472024,8.468946,interstate,0,Interstate
Norway,NOR,2023,60.472024,8.468946,intrastate,0,Intrastate
Norway,NOR,2023,60.472024,8.468946,non_state,0,Non-state
Norway,NOR,2023,60.472024,8.468946,one_sided_violence,0,One-sided violence
Norway,NOR,2024,60.472024,8.468946,interstate,0,Interstate
Norway,NOR,2024,60.472024,8.468946,intrastate,0,Intrastate
Norway,NOR,2024,60.472024,8.468946,non_state,0,Non-state
Norway,NOR,2024,60.472024,8.468946,one_sided_violence,0,One-sided violence
Oman,OMN,2015,21.512583,55.923255,interstate,0,Interstate
Oman,OMN,2015,21.512583,55.923255,intrastate,0,Intrastate
Oman,OMN,2015,21.512583,55.923255,non_state,0,Non-state
Oman,OMN,2015,21.512583,55.923255,one_sided_violence,0,One-sided violence
Oman,OMN,2016,21.512583,55.923255,interstate,0,Interstate
Oman,OMN,2016,21.512583,55.923255,intrastate,0,Intrastate
Oman,OMN,2016,21.512583,55.923255,non_state,0,Non-state
Oman,OMN,2016,21.512583,55.923255,one_sided_violence,0,One-sided violence
Oman,OMN,2017,21.512583,55.923255,interstate,0,Interstate
Oman,OMN,2017,21.512583,55.923255,intrastate,0,Intrastate
Oman,OMN,2017,21.512583,55.923255,non_state,0,Non-state
Oman,OMN,2017,21.512583,55.923255,one_sided_violence,0,One-sided violence
Oman,OMN,2018,21.512583,55.923255,interstate,0,Interstate
Oman,OMN,2018,21.512583,55.923255,intrastate,0,Intrastate
Oman,OMN,2018,21.512583,55.923255,non_state,0,Non-state
Oman,OMN,2018,21.512583,55.923255,one_sided_violence,0,One-sided violence
Oman,OMN,2019,21.512583,55.923255,interstate,0,Interstate
Oman,OMN,2019,21.512583,55.923255,intrastate,0,Intrastate
Oman,OMN,2019,21.512583,55.923255,non_state,0,Non-state
Oman,OMN,2019,21.512583,55.923255,one_sided_violence,0,One-sided violence
Oman,OMN,2020,21.512583,55.923255,interstate,0,Interstate
Oman,OMN,2020,21.512583,55.923255,intrastate,0,Intrastate
Oman,OMN,2020,21.512583,55.923255,non_state,0,Non-state
Oman,OMN,2020,21.512583,55.923255,one_sided_violence,0,One-sided violence
Oman,OMN,2021,21.512583,55.923255,interstate,0,Interstate
Oman,OMN,2021,21.512583,55.923255,intrastate,0,Intrastate
Oman,OMN,2021,21.512583,55.923255,non_state,0,Non-state
Oman,OMN,2021,21.512583,55.923255,one_sided_violence,0,One-sided violence
Oman,OMN,2022,21.512583,55.923255,interstate,0,Interstate
Oman,OMN,2022,21.512583,55.923255,intrastate,0,Intrastate
Oman,OMN,2022,21.512583,55.923255,non_state,0,Non-state
Oman,OMN,2022,21.512583,55.923255,one_sided_violence,0,One-sided violence
Oman,OMN,2023,21.512583,55.923255,interstate,0,Interstate
Oman,OMN,2023,21.512583,55.923255,intrastate,0,Intrastate
Oman,OMN,2023,21.512583,55.923255,non_state,0,Non-state
Oman,OMN,2023,21.512583,55.923255,one_sided_violence,0,One-sided violence
Oman,OMN,2024,21.512583,55.923255,interstate,0,Interstate
Oman,OMN,2024,21.512583,55.923255,intrastate,0,Intrastate
Oman,OMN,2024,21.512583,55.923255,non_state,0,Non-state
Oman,OMN,2024,21.512583,55.923255,one_sided_violence,0,One-sided violence
Pakistan,PAK,2015,30.375321,69.345116,interstate,34,Interstate
Pakistan,PAK,2015,30.375321,69.345116,intrastate,2090,Intrastate
Pakistan,PAK,2015,30.375321,69.345116,non_state,26,Non-state
Pakistan,PAK,2015,30.375321,69.345116,one_sided_violence,216,One-sided violence
Pakistan,PAK,2016,30.375321,69.345116,interstate,59,Interstate
Pakistan,PAK,2016,30.375321,69.345116,intrastate,743,Intrastate
Pakistan,PAK,2016,30.375321,69.345116,non_state,0,Non-state
Pakistan,PAK,2016,30.375321,69.345116,one_sided_violence,284,One-sided violence
Pakistan,PAK,2017,30.375321,69.345116,interstate,100,Interstate
Pakistan,PAK,2017,30.375321,69.345116,intrastate,615,Intrastate
Pakistan,PAK,2017,30.375321,69.345116,non_state,3,Non-state
Pakistan,PAK,2017,30.375321,69.345116,one_sided_violence,234,One-sided violence
Pakistan,PAK,2018,30.375321,69.345116,interstate,40,Interstate
Pakistan,PAK,2018,30.375321,69.345116,intrastate,216,Intrastate
Pakistan,PAK,2018,30.375321,69.345116,non_state,0,Non-state
Pakistan,PAK,2018,30.375321,69.345116,one_sided_violence,229,One-sided violence
Pakistan,PAK,2019,30.375321,69.345116,interstate,56,Interstate
Pakistan,PAK,2019,30.375321,69.345116,intrastate,212,Intrastate
Pakistan,PAK,2019,30.375321,69.345116,non_state,0,Non-state
Pakistan,PAK,2019,30.375321,69.345116,one_sided_violence,26,One-sided violence
Pakistan,PAK,2020,30.375321,69.345116,interstate,75,Interstate
Pakistan,PAK,2020,30.375321,69.345116,intrastate,309,Intrastate
Pakistan,PAK,2020,30.375321,69.345116,non_state,0,Non-state
Pakistan,PAK,2020,30.375321,69.345116,one_sided_violence,8,One-sided violence
Pakistan,PAK,2021,30.375321,69.345116,interstate,0,Interstate
Pakistan,PAK,2021,30.375321,69.345116,intrastate,419,Intrastate
Pakistan,PAK,2021,30.375321,69.345116,non_state,0,Non-state
Pakistan,PAK,2021,30.375321,69.345116,one_sided_violence,12,One-sided violence
Pakistan,PAK,2022,30.375321,69.345116,interstate,0,Interstate
Pakistan,PAK,2022,30.375321,69.345116,intrastate,617,Intrastate
Pakistan,PAK,2022,30.375321,69.345116,non_state,0,Non-state
Pakistan,PAK,2022,30.375321,69.345116,one_sided_violence,68,One-sided violence
Pakistan,PAK,2023,30.375321,69.345116,interstate,0,Interstate
Pakistan,PAK,2023,30.375321,69.345116,intrastate,1059,Intrastate
Pakistan,PAK,2023,30.375321,69.345116,non_state,29,Non-state
Pakistan,PAK,2023,30.375321,69.345116,one_sided_violence,73,One-sided violence
Pakistan,PAK,2024,30.375321,69.345116,interstate,8,Interstate
Pakistan,PAK,2024,30.375321,69.345116,intrastate,1516,Intrastate
Pakistan,PAK,2024,30.375321,69.345116,non_state,231,Non-state
Pakistan,PAK,2024,30.375321,69.345116,one_sided_violence,90,One-sided violence
Palau,PLW,2015,7.51498,134.58252,interstate,0,Interstate
Palau,PLW,2015,7.51498,134.58252,intrastate,0,Intrastate
Palau,PLW,2015,7.51498,134.58252,non_state,0,Non-state
Palau,PLW,2015,7.51498,134.58252,one_sided_violence,0,One-sided violence
Palau,PLW,2016,7.51498,134.58252,interstate,0,Interstate
Palau,PLW,2016,7.51498,134.58252,intrastate,0,Intrastate
Palau,PLW,2016,7.51498,134.58252,non_state,0,Non-state
Palau,PLW,2016,7.51498,134.58252,one_sided_violence,0,One-sided violence
Palau,PLW,2017,7.51498,134.58252,interstate,0,Interstate
Palau,PLW,2017,7.51498,134.58252,intrastate,0,Intrastate
Palau,PLW,2017,7.51498,134.58252,non_state,0,Non-state
Palau,PLW,2017,7.51498,134.58252,one_sided_violence,0,One-sided violence
Palau,PLW,2018,7.51498,134.58252,interstate,0,Interstate
Palau,PLW,2018,7.51498,134.58252,intrastate,0,Intrastate
Palau,PLW,2018,7.51498,134.58252,non_state,0,Non-state
Palau,PLW,2018,7.51498,134.58252,one_sided_violence,0,One-sided violence
Palau,PLW,2019,7.51498,134.58252,interstate,0,Interstate
Palau,PLW,2019,7.51498,134.58252,intrastate,0,Intrastate
Palau,PLW,2019,7.51498,134.58252,non_state,0,Non-state
Palau,PLW,2019,7.51498,134.58252,one_sided_violence,0,One-sided violence
Palau,PLW,2020,7.51498,134.58252,interstate,0,Interstate
Palau,PLW,2020,7.51498,134.58252,intrastate,0,Intrastate
Palau,PLW,2020,7.51498,134.58252,non_state,0,Non-state
Palau,PLW,2020,7.51498,134.58252,one_sided_violence,0,One-sided violence
Palau,PLW,2021,7.51498,134.58252,interstate,0,Interstate
Palau,PLW,2021,7.51498,134.58252,intrastate,0,Intrastate
Palau,PLW,2021,7.51498,134.58252,non_state,0,Non-state
Palau,PLW,2021,7.51498,134.58252,one_sided_violence,0,One-sided violence
Palau,PLW,2022,7.51498,134.58252,interstate,0,Interstate
Palau,PLW,2022,7.51498,134.58252,intrastate,0,Intrastate
Palau,PLW,2022,7.51498,134.58252,non_state,0,Non-state
Palau,PLW,2022,7.51498,134.58252,one_sided_violence,0,One-sided violence
Palau,PLW,2023,7.51498,134.58252,interstate,0,Interstate
Palau,PLW,2023,7.51498,134.58252,intrastate,0,Intrastate
Palau,PLW,2023,7.51498,134.58252,non_state,0,Non-state
Palau,PLW,2023,7.51498,134.58252,one_sided_violence,0,One-sided violence
Palau,PLW,2024,7.51498,134.58252,interstate,0,Interstate
Palau,PLW,2024,7.51498,134.58252,intrastate,0,Intrastate
Palau,PLW,2024,7.51498,134.58252,non_state,0,Non-state
Palau,PLW,2024,7.51498,134.58252,one_sided_violence,0,One-sided violence
Palestine,PSE,2015,31.952162,35.233154,interstate,0,Interstate
Palestine,PSE,2015,31.952162,35.233154,intrastate,0,Intrastate
Palestine,PSE,2015,31.952162,35.233154,non_state,0,Non-state
Palestine,PSE,2015,31.952162,35.233154,one_sided_violence,0,One-sided violence
Palestine,PSE,2016,31.952162,35.233154,interstate,0,Interstate
Palestine,PSE,2016,31.952162,35.233154,intrastate,0,Intrastate
Palestine,PSE,2016,31.952162,35.233154,non_state,0,Non-state
Palestine,PSE,2016,31.952162,35.233154,one_sided_violence,0,One-sided violence
Palestine,PSE,2017,31.952162,35.233154,interstate,0,Interstate
Palestine,PSE,2017,31.952162,35.233154,intrastate,0,Intrastate
Palestine,PSE,2017,31.952162,35.233154,non_state,0,Non-state
Palestine,PSE,2017,31.952162,35.233154,one_sided_violence,0,One-sided violence
Palestine,PSE,2018,31.952162,35.233154,interstate,0,Interstate
Palestine,PSE,2018,31.952162,35.233154,intrastate,51,Intrastate
Palestine,PSE,2018,31.952162,35.233154,non_state,0,Non-state
Palestine,PSE,2018,31.952162,35.233154,one_sided_violence,0,One-sided violence
Palestine,PSE,2019,31.952162,35.233154,interstate,0,Interstate
Palestine,PSE,2019,31.952162,35.233154,intrastate,48,Intrastate
Palestine,PSE,2019,31.952162,35.233154,non_state,0,Non-state
Palestine,PSE,2019,31.952162,35.233154,one_sided_violence,0,One-sided violence
Palestine,PSE,2020,31.952162,35.233154,interstate,0,Interstate
Palestine,PSE,2020,31.952162,35.233154,intrastate,0,Intrastate
Palestine,PSE,2020,31.952162,35.233154,non_state,0,Non-state
Palestine,PSE,2020,31.952162,35.233154,one_sided_violence,0,One-sided violence
Palestine,PSE,2021,31.952162,35.233154,interstate,0,Interstate
Palestine,PSE,2021,31.952162,35.233154,intrastate,252,Intrastate
Palestine,PSE,2021,31.952162,35.233154,non_state,0,Non-state
Palestine,PSE,2021,31.952162,35.233154,one_sided_violence,0,One-sided violence
Palestine,PSE,2022,31.952162,35.233154,interstate,0,Interstate
Palestine,PSE,2022,31.952162,35.233154,intrastate,84,Intrastate
Palestine,PSE,2022,31.952162,35.233154,non_state,0,Non-state
Palestine,PSE,2022,31.952162,35.233154,one_sided_violence,0,One-sided violence
Palestine,PSE,2023,31.952162,35.233154,interstate,0,Interstate
Palestine,PSE,2023,31.952162,35.233154,intrastate,26082,Intrastate
Palestine,PSE,2023,31.952162,35.233154,non_state,0,Non-state
Palestine,PSE,2023,31.952162,35.233154,one_sided_violence,47,One-sided violence
Palestine,PSE,2024,31.952162,35.233154,interstate,1,Interstate
Palestine,PSE,2024,31.952162,35.233154,intrastate,21358,Intrastate
Palestine,PSE,2024,31.952162,35.233154,non_state,0,Non-state
Palestine,PSE,2024,31.952162,35.233154,one_sided_violence,40,One-sided violence
Panama,PAN,2015,8.537981,-80.782127,interstate,0,Interstate
Panama,PAN,2015,8.537981,-80.782127,intrastate,0,Intrastate
Panama,PAN,2015,8.537981,-80.782127,non_state,0,Non-state
Panama,PAN,2015,8.537981,-80.782127,one_sided_violence,0,One-sided violence
Panama,PAN,2016,8.537981,-80.782127,interstate,0,Interstate
Panama,PAN,2016,8.537981,-80.782127,intrastate,0,Intrastate
Panama,PAN,2016,8.537981,-80.782127,non_state,0,Non-state
Panama,PAN,2016,8.537981,-80.782127,one_sided_violence,0,One-sided violence
Panama,PAN,2017,8.537981,-80.782127,interstate,0,Interstate
Panama,PAN,2017,8.537981,-80.782127,intrastate,0,Intrastate
Panama,PAN,2017,8.537981,-80.782127,non_state,0,Non-state
Panama,PAN,2017,8.537981,-80.782127,one_sided_violence,0,One-sided violence
Panama,PAN,2018,8.537981,-80.782127,interstate,0,Interstate
Panama,PAN,2018,8.537981,-80.782127,intrastate,0,Intrastate
Panama,PAN,2018,8.537981,-80.782127,non_state,0,Non-state
Panama,PAN,2018,8.537981,-80.782127,one_sided_violence,0,One-sided violence
Panama,PAN,2019,8.537981,-80.782127,interstate,0,Interstate
Panama,PAN,2019,8.537981,-80.782127,intrastate,0,Intrastate
Panama,PAN,2019,8.537981,-80.782127,non_state,0,Non-state
Panama,PAN,2019,8.537981,-80.782127,one_sided_violence,0,One-sided violence
Panama,PAN,2020,8.537981,-80.782127,interstate,0,Interstate
Panama,PAN,2020,8.537981,-80.782127,intrastate,0,Intrastate
Panama,PAN,2020,8.537981,-80.782127,non_state,0,Non-state
Panama,PAN,2020,8.537981,-80.782127,one_sided_violence,0,One-sided violence
Panama,PAN,2021,8.537981,-80.782127,interstate,0,Interstate
Panama,PAN,2021,8.537981,-80.782127,intrastate,0,Intrastate
Panama,PAN,2021,8.537981,-80.782127,non_state,0,Non-state
Panama,PAN,2021,8.537981,-80.782127,one_sided_violence,0,One-sided violence
Panama,PAN,2022,8.537981,-80.782127,interstate,0,Interstate
Panama,PAN,2022,8.537981,-80.782127,intrastate,0,Intrastate
Panama,PAN,2022,8.537981,-80.782127,non_state,0,Non-state
Panama,PAN,2022,8.537981,-80.782127,one_sided_violence,0,One-sided violence
Panama,PAN,2023,8.537981,-80.782127,interstate,0,Interstate
Panama,PAN,2023,8.537981,-80.782127,intrastate,0,Intrastate
Panama,PAN,2023,8.537981,-80.782127,non_state,0,Non-state
Panama,PAN,2023,8.537981,-80.782127,one_sided_violence,0,One-sided violence
Panama,PAN,2024,8.537981,-80.782127,interstate,0,Interstate
Panama,PAN,2024,8.537981,-80.782127,intrastate,0,Intrastate
Panama,PAN,2024,8.537981,-80.782127,non_state,0,Non-state
Panama,PAN,2024,8.537981,-80.782127,one_sided_violence,0,One-sided violence
Papua New Guinea,PNG,2015,-6.314993,143.95555,interstate,0,Interstate
Papua New Guinea,PNG,2015,-6.314993,143.95555,intrastate,0,Intrastate
Papua New Guinea,PNG,2015,-6.314993,143.95555,non_state,0,Non-state
Papua New Guinea,PNG,2015,-6.314993,143.95555,one_sided_violence,0,One-sided violence
Papua New Guinea,PNG,2016,-6.314993,143.95555,interstate,0,Interstate
Papua New Guinea,PNG,2016,-6.314993,143.95555,intrastate,0,Intrastate
Papua New Guinea,PNG,2016,-6.314993,143.95555,non_state,0,Non-state
Papua New Guinea,PNG,2016,-6.314993,143.95555,one_sided_violence,0,One-sided violence
Papua New Guinea,PNG,2017,-6.314993,143.95555,interstate,0,Interstate
Papua New Guinea,PNG,2017,-6.314993,143.95555,intrastate,0,Intrastate
Papua New Guinea,PNG,2017,-6.314993,143.95555,non_state,0,Non-state
Papua New Guinea,PNG,2017,-6.314993,143.95555,one_sided_violence,0,One-sided violence
Papua New Guinea,PNG,2018,-6.314993,143.95555,interstate,0,Interstate
Papua New Guinea,PNG,2018,-6.314993,143.95555,intrastate,0,Intrastate
Papua New Guinea,PNG,2018,-6.314993,143.95555,non_state,0,Non-state
Papua New Guinea,PNG,2018,-6.314993,143.95555,one_sided_violence,0,One-sided violence
Papua New Guinea,PNG,2019,-6.314993,143.95555,interstate,0,Interstate
Papua New Guinea,PNG,2019,-6.314993,143.95555,intrastate,0,Intrastate
Papua New Guinea,PNG,2019,-6.314993,143.95555,non_state,30,Non-state
Papua New Guinea,PNG,2019,-6.314993,143.95555,one_sided_violence,0,One-sided violence
Papua New Guinea,PNG,2020,-6.314993,143.95555,interstate,0,Interstate
Papua New Guinea,PNG,2020,-6.314993,143.95555,intrastate,0,Intrastate
Papua New Guinea,PNG,2020,-6.314993,143.95555,non_state,0,Non-state
Papua New Guinea,PNG,2020,-6.314993,143.95555,one_sided_violence,0,One-sided violence
Papua New Guinea,PNG,2021,-6.314993,143.95555,interstate,0,Interstate
Papua New Guinea,PNG,2021,-6.314993,143.95555,intrastate,0,Intrastate
Papua New Guinea,PNG,2021,-6.314993,143.95555,non_state,38,Non-state
Papua New Guinea,PNG,2021,-6.314993,143.95555,one_sided_violence,0,One-sided violence
Papua New Guinea,PNG,2022,-6.314993,143.95555,interstate,0,Interstate
Papua New Guinea,PNG,2022,-6.314993,143.95555,intrastate,0,Intrastate
Papua New Guinea,PNG,2022,-6.314993,143.95555,non_state,104,Non-state
Papua New Guinea,PNG,2022,-6.314993,143.95555,one_sided_violence,0,One-sided violence
Papua New Guinea,PNG,2023,-6.314993,143.95555,interstate,0,Interstate
Papua New Guinea,PNG,2023,-6.314993,143.95555,intrastate,0,Intrastate
Papua New Guinea,PNG,2023,-6.314993,143.95555,non_state,0,Non-state
Papua New Guinea,PNG,2023,-6.314993,143.95555,one_sided_violence,0,One-sided violence
Papua New Guinea,PNG,2024,-6.314993,143.95555,interstate,0,Interstate
Papua New Guinea,PNG,2024,-6.314993,143.95555,intrastate,0,Intrastate
Papua New Guinea,PNG,2024,-6.314993,143.95555,non_state,104,Non-state
Papua New Guinea,PNG,2024,-6.314993,143.95555,one_sided_violence,26,One-sided violence
Paraguay,PRY,2015,-23.442503,-58.443832,interstate,0,Interstate
Paraguay,PRY,2015,-23.442503,-58.443832,intrastate,0,Intrastate
Paraguay,PRY,2015,-23.442503,-58.443832,non_state,0,Non-state
Paraguay,PRY,2015,-23.442503,-58.443832,one_sided_violence,0,One-sided violence
Paraguay,PRY,2016,-23.442503,-58.443832,interstate,0,Interstate
Paraguay,PRY,2016,-23.442503,-58.443832,intrastate,0,Intrastate
Paraguay,PRY,2016,-23.442503,-58.443832,non_state,1,Non-state
Paraguay,PRY,2016,-23.442503,-58.443832,one_sided_violence,0,One-sided violence
Paraguay,PRY,2017,-23.442503,-58.443832,interstate,0,Interstate
Paraguay,PRY,2017,-23.442503,-58.443832,intrastate,0,Intrastate
Paraguay,PRY,2017,-23.442503,-58.443832,non_state,0,Non-state
Paraguay,PRY,2017,-23.442503,-58.443832,one_sided_violence,0,One-sided violence
Paraguay,PRY,2018,-23.442503,-58.443832,interstate,0,Interstate
Paraguay,PRY,2018,-23.442503,-58.443832,intrastate,0,Intrastate
Paraguay,PRY,2018,-23.442503,-58.443832,non_state,0,Non-state
Paraguay,PRY,2018,-23.442503,-58.443832,one_sided_violence,0,One-sided violence
Paraguay,PRY,2019,-23.442503,-58.443832,interstate,0,Interstate
Paraguay,PRY,2019,-23.442503,-58.443832,intrastate,0,Intrastate
Paraguay,PRY,2019,-23.442503,-58.443832,non_state,0,Non-state
Paraguay,PRY,2019,-23.442503,-58.443832,one_sided_violence,0,One-sided violence
Paraguay,PRY,2020,-23.442503,-58.443832,interstate,0,Interstate
Paraguay,PRY,2020,-23.442503,-58.443832,intrastate,0,Intrastate
Paraguay,PRY,2020,-23.442503,-58.443832,non_state,0,Non-state
Paraguay,PRY,2020,-23.442503,-58.443832,one_sided_violence,0,One-sided violence
Paraguay,PRY,2021,-23.442503,-58.443832,interstate,0,Interstate
Paraguay,PRY,2021,-23.442503,-58.443832,intrastate,0,Intrastate
Paraguay,PRY,2021,-23.442503,-58.443832,non_state,0,Non-state
Paraguay,PRY,2021,-23.442503,-58.443832,one_sided_violence,0,One-sided violence
Paraguay,PRY,2022,-23.442503,-58.443832,interstate,0,Interstate
Paraguay,PRY,2022,-23.442503,-58.443832,intrastate,0,Intrastate
Paraguay,PRY,2022,-23.442503,-58.443832,non_state,0,Non-state
Paraguay,PRY,2022,-23.442503,-58.443832,one_sided_violence,0,One-sided violence
Paraguay,PRY,2023,-23.442503,-58.443832,interstate,0,Interstate
Paraguay,PRY,2023,-23.442503,-58.443832,intrastate,0,Intrastate
Paraguay,PRY,2023,-23.442503,-58.443832,non_state,0,Non-state
Paraguay,PRY,2023,-23.442503,-58.443832,one_sided_violence,0,One-sided violence
Paraguay,PRY,2024,-23.442503,-58.443832,interstate,0,Interstate
Paraguay,PRY,2024,-23.442503,-58.443832,intrastate,0,Intrastate
Paraguay,PRY,2024,-23.442503,-58.443832,non_state,0,Non-state
Paraguay,PRY,2024,-23.442503,-58.443832,one_sided_violence,0,One-sided violence
Peru,PER,2015,-9.189967,-75.015152,interstate,0,Interstate
Peru,PER,2015,-9.189967,-75.015152,intrastate,0,Intrastate
Peru,PER,2015,-9.189967,-75.015152,non_state,0,Non-state
Peru,PER,2015,-9.189967,-75.015152,one_sided_violence,0,One-sided violence
Peru,PER,2016,-9.189967,-75.015152,interstate,0,Interstate
Peru,PER,2016,-9.189967,-75.015152,intrastate,0,Intrastate
Peru,PER,2016,-9.189967,-75.015152,non_state,0,Non-state
Peru,PER,2016,-9.189967,-75.015152,one_sided_violence,0,One-sided violence
Peru,PER,2017,-9.189967,-75.015152,interstate,0,Interstate
Peru,PER,2017,-9.189967,-75.015152,intrastate,0,Intrastate
Peru,PER,2017,-9.189967,-75.015152,non_state,0,Non-state
Peru,PER,2017,-9.189967,-75.015152,one_sided_violence,0,One-sided violence
Peru,PER,2018,-9.189967,-75.015152,interstate,0,Interstate
Peru,PER,2018,-9.189967,-75.015152,intrastate,0,Intrastate
Peru,PER,2018,-9.189967,-75.015152,non_state,0,Non-state
Peru,PER,2018,-9.189967,-75.015152,one_sided_violence,0,One-sided violence
Peru,PER,2019,-9.189967,-75.015152,interstate,0,Interstate
Peru,PER,2019,-9.189967,-75.015152,intrastate,0,Intrastate
Peru,PER,2019,-9.189967,-75.015152,non_state,0,Non-state
Peru,PER,2019,-9.189967,-75.015152,one_sided_violence,0,One-sided violence
Peru,PER,2020,-9.189967,-75.015152,interstate,0,Interstate
Peru,PER,2020,-9.189967,-75.015152,intrastate,5,Intrastate
Peru,PER,2020,-9.189967,-75.015152,non_state,0,Non-state
Peru,PER,2020,-9.189967,-75.015152,one_sided_violence,0,One-sided violence
Peru,PER,2021,-9.189967,-75.015152,interstate,0,Interstate
Peru,PER,2021,-9.189967,-75.015152,intrastate,0,Intrastate
Peru,PER,2021,-9.189967,-75.015152,non_state,0,Non-state
Peru,PER,2021,-9.189967,-75.015152,one_sided_violence,0,One-sided violence
Peru,PER,2022,-9.189967,-75.015152,interstate,0,Interstate
Peru,PER,2022,-9.189967,-75.015152,intrastate,0,Intrastate
Peru,PER,2022,-9.189967,-75.015152,non_state,0,Non-state
Peru,PER,2022,-9.189967,-75.015152,one_sided_violence,0,One-sided violence
Peru,PER,2023,-9.189967,-75.015152,interstate,0,Interstate
Peru,PER,2023,-9.189967,-75.015152,intrastate,0,Intrastate
Peru,PER,2023,-9.189967,-75.015152,non_state,0,Non-state
Peru,PER,2023,-9.189967,-75.015152,one_sided_violence,0,One-sided violence
Peru,PER,2024,-9.189967,-75.015152,interstate,0,Interstate
Peru,PER,2024,-9.189967,-75.015152,intrastate,0,Intrastate
Peru,PER,2024,-9.189967,-75.015152,non_state,0,Non-state
Peru,PER,2024,-9.189967,-75.015152,one_sided_violence,0,One-sided violence
Philippines,PHL,2015,12.879721,121.774017,interstate,0,Interstate
Philippines,PHL,2015,12.879721,121.774017,intrastate,572,Intrastate
Philippines,PHL,2015,12.879721,121.774017,non_state,0,Non-state
Philippines,PHL,2015,12.879721,121.774017,one_sided_violence,34,One-sided violence
Philippines,PHL,2016,12.879721,121.774017,interstate,0,Interstate
Philippines,PHL,2016,12.879721,121.774017,intrastate,550,Intrastate
Philippines,PHL,2016,12.879721,121.774017,non_state,0,Non-state
Philippines,PHL,2016,12.879721,121.774017,one_sided_violence,47,One-sided violence
Philippines,PHL,2017,12.879721,121.774017,interstate,0,Interstate
Philippines,PHL,2017,12.879721,121.774017,intrastate,1622,Intrastate
Philippines,PHL,2017,12.879721,121.774017,non_state,0,Non-state
Philippines,PHL,2017,12.879721,121.774017,one_sided_violence,68,One-sided violence
Philippines,PHL,2018,12.879721,121.774017,interstate,0,Interstate
Philippines,PHL,2018,12.879721,121.774017,intrastate,420,Intrastate
Philippines,PHL,2018,12.879721,121.774017,non_state,0,Non-state
Philippines,PHL,2018,12.879721,121.774017,one_sided_violence,12,One-sided violence
Philippines,PHL,2019,12.879721,121.774017,interstate,0,Interstate
Philippines,PHL,2019,12.879721,121.774017,intrastate,309,Intrastate
Philippines,PHL,2019,12.879721,121.774017,non_state,0,Non-state
Philippines,PHL,2019,12.879721,121.774017,one_sided_violence,22,One-sided violence
Philippines,PHL,2020,12.879721,121.774017,interstate,0,Interstate
Philippines,PHL,2020,12.879721,121.774017,intrastate,348,Intrastate
Philippines,PHL,2020,12.879721,121.774017,non_state,0,Non-state
Philippines,PHL,2020,12.879721,121.774017,one_sided_violence,25,One-sided violence
Philippines,PHL,2021,12.879721,121.774017,interstate,0,Interstate
Philippines,PHL,2021,12.879721,121.774017,intrastate,266,Intrastate
Philippines,PHL,2021,12.879721,121.774017,non_state,0,Non-state
Philippines,PHL,2021,12.879721,121.774017,one_sided_violence,0,One-sided violence
Philippines,PHL,2022,12.879721,121.774017,interstate,0,Interstate
Philippines,PHL,2022,12.879721,121.774017,intrastate,219,Intrastate
Philippines,PHL,2022,12.879721,121.774017,non_state,0,Non-state
Philippines,PHL,2022,12.879721,121.774017,one_sided_violence,1,One-sided violence
Philippines,PHL,2023,12.879721,121.774017,interstate,0,Interstate
Philippines,PHL,2023,12.879721,121.774017,intrastate,243,Intrastate
Philippines,PHL,2023,12.879721,121.774017,non_state,0,Non-state
Philippines,PHL,2023,12.879721,121.774017,one_sided_violence,6,One-sided violence
Philippines,PHL,2024,12.879721,121.774017,interstate,0,Interstate
Philippines,PHL,2024,12.879721,121.774017,intrastate,176,Intrastate
Philippines,PHL,2024,12.879721,121.774017,non_state,0,Non-state
Philippines,PHL,2024,12.879721,121.774017,one_sided_violence,0,One-sided violence
Poland,POL,2015,51.919438,19.145136,interstate,0,Interstate
Poland,POL,2015,51.919438,19.145136,intrastate,0,Intrastate
Poland,POL,2015,51.919438,19.145136,non_state,0,Non-state
Poland,POL,2015,51.919438,19.145136,one_sided_violence,0,One-sided violence
Poland,POL,2016,51.919438,19.145136,interstate,0,Interstate
Poland,POL,2016,51.919438,19.145136,intrastate,0,Intrastate
Poland,POL,2016,51.919438,19.145136,non_state,0,Non-state
Poland,POL,2016,51.919438,19.145136,one_sided_violence,0,One-sided violence
Poland,POL,2017,51.919438,19.145136,interstate,0,Interstate
Poland,POL,2017,51.919438,19.145136,intrastate,0,Intrastate
Poland,POL,2017,51.919438,19.145136,non_state,0,Non-state
Poland,POL,2017,51.919438,19.145136,one_sided_violence,0,One-sided violence
Poland,POL,2018,51.919438,19.145136,interstate,0,Interstate
Poland,POL,2018,51.919438,19.145136,intrastate,0,Intrastate
Poland,POL,2018,51.919438,19.145136,non_state,0,Non-state
Poland,POL,2018,51.919438,19.145136,one_sided_violence,0,One-sided violence
Poland,POL,2019,51.919438,19.145136,interstate,0,Interstate
Poland,POL,2019,51.919438,19.145136,intrastate,0,Intrastate
Poland,POL,2019,51.919438,19.145136,non_state,0,Non-state
Poland,POL,2019,51.919438,19.145136,one_sided_violence,0,One-sided violence
Poland,POL,2020,51.919438,19.145136,interstate,0,Interstate
Poland,POL,2020,51.919438,19.145136,intrastate,0,Intrastate
Poland,POL,2020,51.919438,19.145136,non_state,0,Non-state
Poland,POL,2020,51.919438,19.145136,one_sided_violence,0,One-sided violence
Poland,POL,2021,51.919438,19.145136,interstate,0,Interstate
Poland,POL,2021,51.919438,19.145136,intrastate,0,Intrastate
Poland,POL,2021,51.919438,19.145136,non_state,0,Non-state
Poland,POL,2021,51.919438,19.145136,one_sided_violence,0,One-sided violence
Poland,POL,2022,51.919438,19.145136,interstate,2,Interstate
Poland,POL,2022,51.919438,19.145136,intrastate,0,Intrastate
Poland,POL,2022,51.919438,19.145136,non_state,0,Non-state
Poland,POL,2022,51.919438,19.145136,one_sided_violence,0,One-sided violence
Poland,POL,2023,51.919438,19.145136,interstate,0,Interstate
Poland,POL,2023,51.919438,19.145136,intrastate,0,Intrastate
Poland,POL,2023,51.919438,19.145136,non_state,0,Non-state
Poland,POL,2023,51.919438,19.145136,one_sided_violence,0,One-sided violence
Poland,POL,2024,51.919438,19.145136,interstate,0,Interstate
Poland,POL,2024,51.919438,19.145136,intrastate,0,Intrastate
Poland,POL,2024,51.919438,19.145136,non_state,0,Non-state
Poland,POL,2024,51.919438,19.145136,one_sided_violence,0,One-sided violence
Portugal,PRT,2015,39.399872,-8.224454,interstate,0,Interstate
Portugal,PRT,2015,39.399872,-8.224454,intrastate,0,Intrastate
Portugal,PRT,2015,39.399872,-8.224454,non_state,0,Non-state
Portugal,PRT,2015,39.399872,-8.224454,one_sided_violence,0,One-sided violence
Portugal,PRT,2016,39.399872,-8.224454,interstate,0,Interstate
Portugal,PRT,2016,39.399872,-8.224454,intrastate,0,Intrastate
Portugal,PRT,2016,39.399872,-8.224454,non_state,0,Non-state
Portugal,PRT,2016,39.399872,-8.224454,one_sided_violence,0,One-sided violence
Portugal,PRT,2017,39.399872,-8.224454,interstate,0,Interstate
Portugal,PRT,2017,39.399872,-8.224454,intrastate,0,Intrastate
Portugal,PRT,2017,39.399872,-8.224454,non_state,0,Non-state
Portugal,PRT,2017,39.399872,-8.224454,one_sided_violence,0,One-sided violence
Portugal,PRT,2018,39.399872,-8.224454,interstate,0,Interstate
Portugal,PRT,2018,39.399872,-8.224454,intrastate,0,Intrastate
Portugal,PRT,2018,39.399872,-8.224454,non_state,0,Non-state
Portugal,PRT,2018,39.399872,-8.224454,one_sided_violence,0,One-sided violence
Portugal,PRT,2019,39.399872,-8.224454,interstate,0,Interstate
Portugal,PRT,2019,39.399872,-8.224454,intrastate,0,Intrastate
Portugal,PRT,2019,39.399872,-8.224454,non_state,0,Non-state
Portugal,PRT,2019,39.399872,-8.224454,one_sided_violence,0,One-sided violence
Portugal,PRT,2020,39.399872,-8.224454,interstate,0,Interstate
Portugal,PRT,2020,39.399872,-8.224454,intrastate,0,Intrastate
Portugal,PRT,2020,39.399872,-8.224454,non_state,0,Non-state
Portugal,PRT,2020,39.399872,-8.224454,one_sided_violence,0,One-sided violence
Portugal,PRT,2021,39.399872,-8.224454,interstate,0,Interstate
Portugal,PRT,2021,39.399872,-8.224454,intrastate,0,Intrastate
Portugal,PRT,2021,39.399872,-8.224454,non_state,0,Non-state
Portugal,PRT,2021,39.399872,-8.224454,one_sided_violence,0,One-sided violence
Portugal,PRT,2022,39.399872,-8.224454,interstate,0,Interstate
Portugal,PRT,2022,39.399872,-8.224454,intrastate,0,Intrastate
Portugal,PRT,2022,39.399872,-8.224454,non_state,0,Non-state
Portugal,PRT,2022,39.399872,-8.224454,one_sided_violence,0,One-sided violence
Portugal,PRT,2023,39.399872,-8.224454,interstate,0,Interstate
Portugal,PRT,2023,39.399872,-8.224454,intrastate,0,Intrastate
Portugal,PRT,2023,39.399872,-8.224454,non_state,0,Non-state
Portugal,PRT,2023,39.399872,-8.224454,one_sided_violence,0,One-sided violence
Portugal,PRT,2024,39.399872,-8.224454,interstate,0,Interstate
Portugal,PRT,2024,39.399872,-8.224454,intrastate,0,Intrastate
Portugal,PRT,2024,39.399872,-8.224454,non_state,0,Non-state
Portugal,PRT,2024,39.399872,-8.224454,one_sided_violence,0,One-sided violence
Qatar,QAT,2015,25.354826,51.183884,interstate,0,Interstate
Qatar,QAT,2015,25.354826,51.183884,intrastate,0,Intrastate
Qatar,QAT,2015,25.354826,51.183884,non_state,0,Non-state
Qatar,QAT,2015,25.354826,51.183884,one_sided_violence,0,One-sided violence
Qatar,QAT,2016,25.354826,51.183884,interstate,0,Interstate
Qatar,QAT,2016,25.354826,51.183884,intrastate,0,Intrastate
Qatar,QAT,2016,25.354826,51.183884,non_state,0,Non-state
Qatar,QAT,2016,25.354826,51.183884,one_sided_violence,0,One-sided violence
Qatar,QAT,2017,25.354826,51.183884,interstate,0,Interstate
Qatar,QAT,2017,25.354826,51.183884,intrastate,0,Intrastate
Qatar,QAT,2017,25.354826,51.183884,non_state,0,Non-state
Qatar,QAT,2017,25.354826,51.183884,one_sided_violence,0,One-sided violence
Qatar,QAT,2018,25.354826,51.183884,interstate,0,Interstate
Qatar,QAT,2018,25.354826,51.183884,intrastate,0,Intrastate
Qatar,QAT,2018,25.354826,51.183884,non_state,0,Non-state
Qatar,QAT,2018,25.354826,51.183884,one_sided_violence,0,One-sided violence
Qatar,QAT,2019,25.354826,51.183884,interstate,0,Interstate
Qatar,QAT,2019,25.354826,51.183884,intrastate,0,Intrastate
Qatar,QAT,2019,25.354826,51.183884,non_state,0,Non-state
Qatar,QAT,2019,25.354826,51.183884,one_sided_violence,0,One-sided violence
Qatar,QAT,2020,25.354826,51.183884,interstate,0,Interstate
Qatar,QAT,2020,25.354826,51.183884,intrastate,0,Intrastate
Qatar,QAT,2020,25.354826,51.183884,non_state,0,Non-state
Qatar,QAT,2020,25.354826,51.183884,one_sided_violence,0,One-sided violence
Qatar,QAT,2021,25.354826,51.183884,interstate,0,Interstate
Qatar,QAT,2021,25.354826,51.183884,intrastate,0,Intrastate
Qatar,QAT,2021,25.354826,51.183884,non_state,0,Non-state
Qatar,QAT,2021,25.354826,51.183884,one_sided_violence,0,One-sided violence
Qatar,QAT,2022,25.354826,51.183884,interstate,0,Interstate
Qatar,QAT,2022,25.354826,51.183884,intrastate,0,Intrastate
Qatar,QAT,2022,25.354826,51.183884,non_state,0,Non-state
Qatar,QAT,2022,25.354826,51.183884,one_sided_violence,0,One-sided violence
Qatar,QAT,2023,25.354826,51.183884,interstate,0,Interstate
Qatar,QAT,2023,25.354826,51.183884,intrastate,0,Intrastate
Qatar,QAT,2023,25.354826,51.183884,non_state,0,Non-state
Qatar,QAT,2023,25.354826,51.183884,one_sided_violence,0,One-sided violence
Qatar,QAT,2024,25.354826,51.183884,interstate,0,Interstate
Qatar,QAT,2024,25.354826,51.183884,intrastate,0,Intrastate
Qatar,QAT,2024,25.354826,51.183884,non_state,0,Non-state
Qatar,QAT,2024,25.354826,51.183884,one_sided_violence,0,One-sided violence
Romania,ROU,2015,45.943161,24.96676,interstate,0,Interstate
Romania,ROU,2015,45.943161,24.96676,intrastate,0,Intrastate
Romania,ROU,2015,45.943161,24.96676,non_state,0,Non-state
Romania,ROU,2015,45.943161,24.96676,one_sided_violence,0,One-sided violence
Romania,ROU,2016,45.943161,24.96676,interstate,0,Interstate
Romania,ROU,2016,45.943161,24.96676,intrastate,0,Intrastate
Romania,ROU,2016,45.943161,24.96676,non_state,0,Non-state
Romania,ROU,2016,45.943161,24.96676,one_sided_violence,0,One-sided violence
Romania,ROU,2017,45.943161,24.96676,interstate,0,Interstate
Romania,ROU,2017,45.943161,24.96676,intrastate,0,Intrastate
Romania,ROU,2017,45.943161,24.96676,non_state,0,Non-state
Romania,ROU,2017,45.943161,24.96676,one_sided_violence,0,One-sided violence
Romania,ROU,2018,45.943161,24.96676,interstate,0,Interstate
Romania,ROU,2018,45.943161,24.96676,intrastate,0,Intrastate
Romania,ROU,2018,45.943161,24.96676,non_state,0,Non-state
Romania,ROU,2018,45.943161,24.96676,one_sided_violence,0,One-sided violence
Romania,ROU,2019,45.943161,24.96676,interstate,0,Interstate
Romania,ROU,2019,45.943161,24.96676,intrastate,0,Intrastate
Romania,ROU,2019,45.943161,24.96676,non_state,0,Non-state
Romania,ROU,2019,45.943161,24.96676,one_sided_violence,0,One-sided violence
Romania,ROU,2020,45.943161,24.96676,interstate,0,Interstate
Romania,ROU,2020,45.943161,24.96676,intrastate,0,Intrastate
Romania,ROU,2020,45.943161,24.96676,non_state,0,Non-state
Romania,ROU,2020,45.943161,24.96676,one_sided_violence,0,One-sided violence
Romania,ROU,2021,45.943161,24.96676,interstate,0,Interstate
Romania,ROU,2021,45.943161,24.96676,intrastate,0,Intrastate
Romania,ROU,2021,45.943161,24.96676,non_state,0,Non-state
Romania,ROU,2021,45.943161,24.96676,one_sided_violence,0,One-sided violence
Romania,ROU,2022,45.943161,24.96676,interstate,0,Interstate
Romania,ROU,2022,45.943161,24.96676,intrastate,0,Intrastate
Romania,ROU,2022,45.943161,24.96676,non_state,0,Non-state
Romania,ROU,2022,45.943161,24.96676,one_sided_violence,0,One-sided violence
Romania,ROU,2023,45.943161,24.96676,interstate,0,Interstate
Romania,ROU,2023,45.943161,24.96676,intrastate,0,Intrastate
Romania,ROU,2023,45.943161,24.96676,non_state,0,Non-state
Romania,ROU,2023,45.943161,24.96676,one_sided_violence,0,One-sided violence
Romania,ROU,2024,45.943161,24.96676,interstate,0,Interstate
Romania,ROU,2024,45.943161,24.96676,intrastate,0,Intrastate
Romania,ROU,2024,45.943161,24.96676,non_state,0,Non-state
Romania,ROU,2024,45.943161,24.96676,one_sided_violence,0,One-sided violence
Russia,RUS,2015,61.52401,105.318756,interstate,0,Interstate
Russia,RUS,2015,61.52401,105.318756,intrastate,84,Intrastate
Russia,RUS,2015,61.52401,105.318756,non_state,0,Non-state
Russia,RUS,2015,61.52401,105.318756,one_sided_violence,2,One-sided violence
Russia,RUS,2016,61.52401,105.318756,interstate,0,Interstate
Russia,RUS,2016,61.52401,105.318756,intrastate,69,Intrastate
Russia,RUS,2016,61.52401,105.318756,non_state,0,Non-state
Russia,RUS,2016,61.52401,105.318756,one_sided_violence,1,One-sided violence
Russia,RUS,2017,61.52401,105.318756,interstate,0,Interstate
Russia,RUS,2017,61.52401,105.318756,intrastate,53,Intrastate
Russia,RUS,2017,61.52401,105.318756,non_state,0,Non-state
Russia,RUS,2017,61.52401,105.318756,one_sided_violence,0,One-sided violence
Russia,RUS,2018,61.52401,105.318756,interstate,0,Interstate
Russia,RUS,2018,61.52401,105.318756,intrastate,30,Intrastate
Russia,RUS,2018,61.52401,105.318756,non_state,0,Non-state
Russia,RUS,2018,61.52401,105.318756,one_sided_violence,6,One-sided violence
Russia,RUS,2019,61.52401,105.318756,interstate,0,Interstate
Russia,RUS,2019,61.52401,105.318756,intrastate,26,Intrastate
Russia,RUS,2019,61.52401,105.318756,non_state,0,Non-state
Russia,RUS,2019,61.52401,105.318756,one_sided_violence,0,One-sided violence
Russia,RUS,2020,61.52401,105.318756,interstate,0,Interstate
Russia,RUS,2020,61.52401,105.318756,intrastate,32,Intrastate
Russia,RUS,2020,61.52401,105.318756,non_state,0,Non-state
Russia,RUS,2020,61.52401,105.318756,one_sided_violence,0,One-sided violence
Russia,RUS,2021,61.52401,105.318756,interstate,0,Interstate
Russia,RUS,2021,61.52401,105.318756,intrastate,0,Intrastate
Russia,RUS,2021,61.52401,105.318756,non_state,0,Non-state
Russia,RUS,2021,61.52401,105.318756,one_sided_violence,0,One-sided violence
Russia,RUS,2022,61.52401,105.318756,interstate,65,Interstate
Russia,RUS,2022,61.52401,105.318756,intrastate,0,Intrastate
Russia,RUS,2022,61.52401,105.318756,non_state,0,Non-state
Russia,RUS,2022,61.52401,105.318756,one_sided_violence,0,One-sided violence
Russia,RUS,2023,61.52401,105.318756,interstate,100,Interstate
Russia,RUS,2023,61.52401,105.318756,intrastate,97,Intrastate
Russia,RUS,2023,61.52401,105.318756,non_state,0,Non-state
Russia,RUS,2023,61.52401,105.318756,one_sided_violence,0,One-sided violence
Russia,RUS,2024,61.52401,105.318756,interstate,7587,Interstate
Russia,RUS,2024,61.52401,105.318756,intrastate,81,Intrastate
Russia,RUS,2024,61.52401,105.318756,non_state,0,Non-state
Russia,RUS,2024,61.52401,105.318756,one_sided_violence,146,One-sided violence
Rwanda,RWA,2015,-1.940278,29.873888,interstate,0,Interstate
Rwanda,RWA,2015,-1.940278,29.873888,intrastate,0,Intrastate
Rwanda,RWA,2015,-1.940278,29.873888,non_state,0,Non-state
Rwanda,RWA,2015,-1.940278,29.873888,one_sided_violence,0,One-sided violence
Rwanda,RWA,2016,-1.940278,29.873888,interstate,0,Interstate
Rwanda,RWA,2016,-1.940278,29.873888,intrastate,0,Intrastate
Rwanda,RWA,2016,-1.940278,29.873888,non_state,0,Non-state
Rwanda,RWA,2016,-1.940278,29.873888,one_sided_violence,27,One-sided violence
Rwanda,RWA,2017,-1.940278,29.873888,interstate,0,Interstate
Rwanda,RWA,2017,-1.940278,29.873888,intrastate,0,Intrastate
Rwanda,RWA,2017,-1.940278,29.873888,non_state,0,Non-state
Rwanda,RWA,2017,-1.940278,29.873888,one_sided_violence,0,One-sided violence
Rwanda,RWA,2018,-1.940278,29.873888,interstate,0,Interstate
Rwanda,RWA,2018,-1.940278,29.873888,intrastate,0,Intrastate
Rwanda,RWA,2018,-1.940278,29.873888,non_state,0,Non-state
Rwanda,RWA,2018,-1.940278,29.873888,one_sided_violence,9,One-sided violence
Rwanda,RWA,2019,-1.940278,29.873888,interstate,0,Interstate
Rwanda,RWA,2019,-1.940278,29.873888,intrastate,19,Intrastate
Rwanda,RWA,2019,-1.940278,29.873888,non_state,0,Non-state
Rwanda,RWA,2019,-1.940278,29.873888,one_sided_violence,0,One-sided violence
Rwanda,RWA,2020,-1.940278,29.873888,interstate,0,Interstate
Rwanda,RWA,2020,-1.940278,29.873888,intrastate,0,Intrastate
Rwanda,RWA,2020,-1.940278,29.873888,non_state,0,Non-state
Rwanda,RWA,2020,-1.940278,29.873888,one_sided_violence,0,One-sided violence
Rwanda,RWA,2021,-1.940278,29.873888,interstate,0,Interstate
Rwanda,RWA,2021,-1.940278,29.873888,intrastate,0,Intrastate
Rwanda,RWA,2021,-1.940278,29.873888,non_state,0,Non-state
Rwanda,RWA,2021,-1.940278,29.873888,one_sided_violence,0,One-sided violence
Rwanda,RWA,2022,-1.940278,29.873888,interstate,0,Interstate
Rwanda,RWA,2022,-1.940278,29.873888,intrastate,4,Intrastate
Rwanda,RWA,2022,-1.940278,29.873888,non_state,0,Non-state
Rwanda,RWA,2022,-1.940278,29.873888,one_sided_violence,0,One-sided violence
Rwanda,RWA,2023,-1.940278,29.873888,interstate,0,Interstate
Rwanda,RWA,2023,-1.940278,29.873888,intrastate,0,Intrastate
Rwanda,RWA,2023,-1.940278,29.873888,non_state,0,Non-state
Rwanda,RWA,2023,-1.940278,29.873888,one_sided_violence,0,One-sided violence
Rwanda,RWA,2024,-1.940278,29.873888,interstate,0,Interstate
Rwanda,RWA,2024,-1.940278,29.873888,intrastate,1,Intrastate
Rwanda,RWA,2024,-1.940278,29.873888,non_state,0,Non-state
Rwanda,RWA,2024,-1.940278,29.873888,one_sided_violence,0,One-sided violence
Saint Kitts and Nevis,KNA,2015,17.357822,-62.782998,interstate,0,Interstate
Saint Kitts and Nevis,KNA,2015,17.357822,-62.782998,intrastate,0,Intrastate
Saint Kitts and Nevis,KNA,2015,17.357822,-62.782998,non_state,0,Non-state
Saint Kitts and Nevis,KNA,2015,17.357822,-62.782998,one_sided_violence,0,One-sided violence
Saint Kitts and Nevis,KNA,2016,17.357822,-62.782998,interstate,0,Interstate
Saint Kitts and Nevis,KNA,2016,17.357822,-62.782998,intrastate,0,Intrastate
Saint Kitts and Nevis,KNA,2016,17.357822,-62.782998,non_state,0,Non-state
Saint Kitts and Nevis,KNA,2016,17.357822,-62.782998,one_sided_violence,0,One-sided violence
Saint Kitts and Nevis,KNA,2017,17.357822,-62.782998,interstate,0,Interstate
Saint Kitts and Nevis,KNA,2017,17.357822,-62.782998,intrastate,0,Intrastate
Saint Kitts and Nevis,KNA,2017,17.357822,-62.782998,non_state,0,Non-state
Saint Kitts and Nevis,KNA,2017,17.357822,-62.782998,one_sided_violence,0,One-sided violence
Saint Kitts and Nevis,KNA,2018,17.357822,-62.782998,interstate,0,Interstate
Saint Kitts and Nevis,KNA,2018,17.357822,-62.782998,intrastate,0,Intrastate
Saint Kitts and Nevis,KNA,2018,17.357822,-62.782998,non_state,0,Non-state
Saint Kitts and Nevis,KNA,2018,17.357822,-62.782998,one_sided_violence,0,One-sided violence
Saint Kitts and Nevis,KNA,2019,17.357822,-62.782998,interstate,0,Interstate
Saint Kitts and Nevis,KNA,2019,17.357822,-62.782998,intrastate,0,Intrastate
Saint Kitts and Nevis,KNA,2019,17.357822,-62.782998,non_state,0,Non-state
Saint Kitts and Nevis,KNA,2019,17.357822,-62.782998,one_sided_violence,0,One-sided violence
Saint Kitts and Nevis,KNA,2020,17.357822,-62.782998,interstate,0,Interstate
Saint Kitts and Nevis,KNA,2020,17.357822,-62.782998,intrastate,0,Intrastate
Saint Kitts and Nevis,KNA,2020,17.357822,-62.782998,non_state,0,Non-state
Saint Kitts and Nevis,KNA,2020,17.357822,-62.782998,one_sided_violence,0,One-sided violence
Saint Kitts and Nevis,KNA,2021,17.357822,-62.782998,interstate,0,Interstate
Saint Kitts and Nevis,KNA,2021,17.357822,-62.782998,intrastate,0,Intrastate
Saint Kitts and Nevis,KNA,2021,17.357822,-62.782998,non_state,0,Non-state
Saint Kitts and Nevis,KNA,2021,17.357822,-62.782998,one_sided_violence,0,One-sided violence
Saint Kitts and Nevis,KNA,2022,17.357822,-62.782998,interstate,0,Interstate
Saint Kitts and Nevis,KNA,2022,17.357822,-62.782998,intrastate,0,Intrastate
Saint Kitts and Nevis,KNA,2022,17.357822,-62.782998,non_state,0,Non-state
Saint Kitts and Nevis,KNA,2022,17.357822,-62.782998,one_sided_violence,0,One-sided violence
Saint Kitts and Nevis,KNA,2023,17.357822,-62.782998,interstate,0,Interstate
Saint Kitts and Nevis,KNA,2023,17.357822,-62.782998,intrastate,0,Intrastate
Saint Kitts and Nevis,KNA,2023,17.357822,-62.782998,non_state,0,Non-state
Saint Kitts and Nevis,KNA,2023,17.357822,-62.782998,one_sided_violence,0,One-sided violence
Saint Kitts and Nevis,KNA,2024,17.357822,-62.782998,interstate,0,Interstate
Saint Kitts and Nevis,KNA,2024,17.357822,-62.782998,intrastate,0,Intrastate
Saint Kitts and Nevis,KNA,2024,17.357822,-62.782998,non_state,0,Non-state
Saint Kitts and Nevis,KNA,2024,17.357822,-62.782998,one_sided_violence,0,One-sided violence
Saint Lucia,LCA,2015,13.909444,-60.978893,interstate,0,Interstate
Saint Lucia,LCA,2015,13.909444,-60.978893,intrastate,0,Intrastate
Saint Lucia,LCA,2015,13.909444,-60.978893,non_state,0,Non-state
Saint Lucia,LCA,2015,13.909444,-60.978893,one_sided_violence,0,One-sided violence
Saint Lucia,LCA,2016,13.909444,-60.978893,interstate,0,Interstate
Saint Lucia,LCA,2016,13.909444,-60.978893,intrastate,0,Intrastate
Saint Lucia,LCA,2016,13.909444,-60.978893,non_state,0,Non-state
Saint Lucia,LCA,2016,13.909444,-60.978893,one_sided_violence,0,One-sided violence
Saint Lucia,LCA,2017,13.909444,-60.978893,interstate,0,Interstate
Saint Lucia,LCA,2017,13.909444,-60.978893,intrastate,0,Intrastate
Saint Lucia,LCA,2017,13.909444,-60.978893,non_state,0,Non-state
Saint Lucia,LCA,2017,13.909444,-60.978893,one_sided_violence,0,One-sided violence
Saint Lucia,LCA,2018,13.909444,-60.978893,interstate,0,Interstate
Saint Lucia,LCA,2018,13.909444,-60.978893,intrastate,0,Intrastate
Saint Lucia,LCA,2018,13.909444,-60.978893,non_state,0,Non-state
Saint Lucia,LCA,2018,13.909444,-60.978893,one_sided_violence,0,One-sided violence
Saint Lucia,LCA,2019,13.909444,-60.978893,interstate,0,Interstate
Saint Lucia,LCA,2019,13.909444,-60.978893,intrastate,0,Intrastate
Saint Lucia,LCA,2019,13.909444,-60.978893,non_state,0,Non-state
Saint Lucia,LCA,2019,13.909444,-60.978893,one_sided_violence,0,One-sided violence
Saint Lucia,LCA,2020,13.909444,-60.978893,interstate,0,Interstate
Saint Lucia,LCA,2020,13.909444,-60.978893,intrastate,0,Intrastate
Saint Lucia,LCA,2020,13.909444,-60.978893,non_state,0,Non-state
Saint Lucia,LCA,2020,13.909444,-60.978893,one_sided_violence,0,One-sided violence
Saint Lucia,LCA,2021,13.909444,-60.978893,interstate,0,Interstate
Saint Lucia,LCA,2021,13.909444,-60.978893,intrastate,0,Intrastate
Saint Lucia,LCA,2021,13.909444,-60.978893,non_state,0,Non-state
Saint Lucia,LCA,2021,13.909444,-60.978893,one_sided_violence,0,One-sided violence
Saint Lucia,LCA,2022,13.909444,-60.978893,interstate,0,Interstate
Saint Lucia,LCA,2022,13.909444,-60.978893,intrastate,0,Intrastate
Saint Lucia,LCA,2022,13.909444,-60.978893,non_state,0,Non-state
Saint Lucia,LCA,2022,13.909444,-60.978893,one_sided_violence,0,One-sided violence
Saint Lucia,LCA,2023,13.909444,-60.978893,interstate,0,Interstate
Saint Lucia,LCA,2023,13.909444,-60.978893,intrastate,0,Intrastate
Saint Lucia,LCA,2023,13.909444,-60.978893,non_state,0,Non-state
Saint Lucia,LCA,2023,13.909444,-60.978893,one_sided_violence,0,One-sided violence
Saint Lucia,LCA,2024,13.909444,-60.978893,interstate,0,Interstate
Saint Lucia,LCA,2024,13.909444,-60.978893,intrastate,0,Intrastate
Saint Lucia,LCA,2024,13.909444,-60.978893,non_state,0,Non-state
Saint Lucia,LCA,2024,13.909444,-60.978893,one_sided_violence,0,One-sided violence
Saint Vincent and the Grenadines,VCT,2015,12.984305,-61.287228,interstate,0,Interstate
Saint Vincent and the Grenadines,VCT,2015,12.984305,-61.287228,intrastate,0,Intrastate
Saint Vincent and the Grenadines,VCT,2015,12.984305,-61.287228,non_state,0,Non-state
Saint Vincent and the Grenadines,VCT,2015,12.984305,-61.287228,one_sided_violence,0,One-sided violence
Saint Vincent and the Grenadines,VCT,2016,12.984305,-61.287228,interstate,0,Interstate
Saint Vincent and the Grenadines,VCT,2016,12.984305,-61.287228,intrastate,0,Intrastate
Saint Vincent and the Grenadines,VCT,2016,12.984305,-61.287228,non_state,0,Non-state
Saint Vincent and the Grenadines,VCT,2016,12.984305,-61.287228,one_sided_violence,0,One-sided violence
Saint Vincent and the Grenadines,VCT,2017,12.984305,-61.287228,interstate,0,Interstate
Saint Vincent and the Grenadines,VCT,2017,12.984305,-61.287228,intrastate,0,Intrastate
Saint Vincent and the Grenadines,VCT,2017,12.984305,-61.287228,non_state,0,Non-state
Saint Vincent and the Grenadines,VCT,2017,12.984305,-61.287228,one_sided_violence,0,One-sided violence
Saint Vincent and the Grenadines,VCT,2018,12.984305,-61.287228,interstate,0,Interstate
Saint Vincent and the Grenadines,VCT,2018,12.984305,-61.287228,intrastate,0,Intrastate
Saint Vincent and the Grenadines,VCT,2018,12.984305,-61.287228,non_state,0,Non-state
Saint Vincent and the Grenadines,VCT,2018,12.984305,-61.287228,one_sided_violence,0,One-sided violence
Saint Vincent and the Grenadines,VCT,2019,12.984305,-61.287228,interstate,0,Interstate
Saint Vincent and the Grenadines,VCT,2019,12.984305,-61.287228,intrastate,0,Intrastate
Saint Vincent and the Grenadines,VCT,2019,12.984305,-61.287228,non_state,0,Non-state
Saint Vincent and the Grenadines,VCT,2019,12.984305,-61.287228,one_sided_violence,0,One-sided violence
Saint Vincent and the Grenadines,VCT,2020,12.984305,-61.287228,interstate,0,Interstate
Saint Vincent and the Grenadines,VCT,2020,12.984305,-61.287228,intrastate,0,Intrastate
Saint Vincent and the Grenadines,VCT,2020,12.984305,-61.287228,non_state,0,Non-state
Saint Vincent and the Grenadines,VCT,2020,12.984305,-61.287228,one_sided_violence,0,One-sided violence
Saint Vincent and the Grenadines,VCT,2021,12.984305,-61.287228,interstate,0,Interstate
Saint Vincent and the Grenadines,VCT,2021,12.984305,-61.287228,intrastate,0,Intrastate
Saint Vincent and the Grenadines,VCT,2021,12.984305,-61.287228,non_state,0,Non-state
Saint Vincent and the Grenadines,VCT,2021,12.984305,-61.287228,one_sided_violence,0,One-sided violence
Saint Vincent and the Grenadines,VCT,2022,12.984305,-61.287228,interstate,0,Interstate
Saint Vincent and the Grenadines,VCT,2022,12.984305,-61.287228,intrastate,0,Intrastate
Saint Vincent and the Grenadines,VCT,2022,12.984305,-61.287228,non_state,0,Non-state
Saint Vincent and the Grenadines,VCT,2022,12.984305,-61.287228,one_sided_violence,0,One-sided violence
Saint Vincent and the Grenadines,VCT,2023,12.984305,-61.287228,interstate,0,Interstate
Saint Vincent and the Grenadines,VCT,2023,12.984305,-61.287228,intrastate,0,Intrastate
Saint Vincent and the Grenadines,VCT,2023,12.984305,-61.287228,non_state,0,Non-state
Saint Vincent and the Grenadines,VCT,2023,12.984305,-61.287228,one_sided_violence,0,One-sided violence
Saint Vincent and the Grenadines,VCT,2024,12.984305,-61.287228,interstate,0,Interstate
Saint Vincent and the Grenadines,VCT,2024,12.984305,-61.287228,intrastate,0,Intrastate
Saint Vincent and the Grenadines,VCT,2024,12.984305,-61.287228,non_state,0,Non-state
Saint Vincent and the Grenadines,VCT,2024,12.984305,-61.287228,one_sided_violence,0,One-sided violence
Samoa,WSM,2015,-13.759029,-172.104629,interstate,0,Interstate
Samoa,WSM,2015,-13.759029,-172.104629,intrastate,0,Intrastate
Samoa,WSM,2015,-13.759029,-172.104629,non_state,0,Non-state
Samoa,WSM,2015,-13.759029,-172.104629,one_sided_violence,0,One-sided violence
Samoa,WSM,2016,-13.759029,-172.104629,interstate,0,Interstate
Samoa,WSM,2016,-13.759029,-172.104629,intrastate,0,Intrastate
Samoa,WSM,2016,-13.759029,-172.104629,non_state,0,Non-state
Samoa,WSM,2016,-13.759029,-172.104629,one_sided_violence,0,One-sided violence
Samoa,WSM,2017,-13.759029,-172.104629,interstate,0,Interstate
Samoa,WSM,2017,-13.759029,-172.104629,intrastate,0,Intrastate
Samoa,WSM,2017,-13.759029,-172.104629,non_state,0,Non-state
Samoa,WSM,2017,-13.759029,-172.104629,one_sided_violence,0,One-sided violence
Samoa,WSM,2018,-13.759029,-172.104629,interstate,0,Interstate
Samoa,WSM,2018,-13.759029,-172.104629,intrastate,0,Intrastate
Samoa,WSM,2018,-13.759029,-172.104629,non_state,0,Non-state
Samoa,WSM,2018,-13.759029,-172.104629,one_sided_violence,0,One-sided violence
Samoa,WSM,2019,-13.759029,-172.104629,interstate,0,Interstate
Samoa,WSM,2019,-13.759029,-172.104629,intrastate,0,Intrastate
Samoa,WSM,2019,-13.759029,-172.104629,non_state,0,Non-state
Samoa,WSM,2019,-13.759029,-172.104629,one_sided_violence,0,One-sided violence
Samoa,WSM,2020,-13.759029,-172.104629,interstate,0,Interstate
Samoa,WSM,2020,-13.759029,-172.104629,intrastate,0,Intrastate
Samoa,WSM,2020,-13.759029,-172.104629,non_state,0,Non-state
Samoa,WSM,2020,-13.759029,-172.104629,one_sided_violence,0,One-sided violence
Samoa,WSM,2021,-13.759029,-172.104629,interstate,0,Interstate
Samoa,WSM,2021,-13.759029,-172.104629,intrastate,0,Intrastate
Samoa,WSM,2021,-13.759029,-172.104629,non_state,0,Non-state
Samoa,WSM,2021,-13.759029,-172.104629,one_sided_violence,0,One-sided violence
Samoa,WSM,2022,-13.759029,-172.104629,interstate,0,Interstate
Samoa,WSM,2022,-13.759029,-172.104629,intrastate,0,Intrastate
Samoa,WSM,2022,-13.759029,-172.104629,non_state,0,Non-state
Samoa,WSM,2022,-13.759029,-172.104629,one_sided_violence,0,One-sided violence
Samoa,WSM,2023,-13.759029,-172.104629,interstate,0,Interstate
Samoa,WSM,2023,-13.759029,-172.104629,intrastate,0,Intrastate
Samoa,WSM,2023,-13.759029,-172.104629,non_state,0,Non-state
Samoa,WSM,2023,-13.759029,-172.104629,one_sided_violence,0,One-sided violence
Samoa,WSM,2024,-13.759029,-172.104629,interstate,0,Interstate
Samoa,WSM,2024,-13.759029,-172.104629,intrastate,0,Intrastate
Samoa,WSM,2024,-13.759029,-172.104629,non_state,0,Non-state
Samoa,WSM,2024,-13.759029,-172.104629,one_sided_violence,0,One-sided violence
San Marino,SMR,2015,43.94236,12.457777,interstate,0,Interstate
San Marino,SMR,2015,43.94236,12.457777,intrastate,0,Intrastate
San Marino,SMR,2015,43.94236,12.457777,non_state,0,Non-state
San Marino,SMR,2015,43.94236,12.457777,one_sided_violence,0,One-sided violence
San Marino,SMR,2016,43.94236,12.457777,interstate,0,Interstate
San Marino,SMR,2016,43.94236,12.457777,intrastate,0,Intrastate
San Marino,SMR,2016,43.94236,12.457777,non_state,0,Non-state
San Marino,SMR,2016,43.94236,12.457777,one_sided_violence,0,One-sided violence
San Marino,SMR,2017,43.94236,12.457777,interstate,0,Interstate
San Marino,SMR,2017,43.94236,12.457777,intrastate,0,Intrastate
San Marino,SMR,2017,43.94236,12.457777,non_state,0,Non-state
San Marino,SMR,2017,43.94236,12.457777,one_sided_violence,0,One-sided violence
San Marino,SMR,2018,43.94236,12.457777,interstate,0,Interstate
San Marino,SMR,2018,43.94236,12.457777,intrastate,0,Intrastate
San Marino,SMR,2018,43.94236,12.457777,non_state,0,Non-state
San Marino,SMR,2018,43.94236,12.457777,one_sided_violence,0,One-sided violence
San Marino,SMR,2019,43.94236,12.457777,interstate,0,Interstate
San Marino,SMR,2019,43.94236,12.457777,intrastate,0,Intrastate
San Marino,SMR,2019,43.94236,12.457777,non_state,0,Non-state
San Marino,SMR,2019,43.94236,12.457777,one_sided_violence,0,One-sided violence
San Marino,SMR,2020,43.94236,12.457777,interstate,0,Interstate
San Marino,SMR,2020,43.94236,12.457777,intrastate,0,Intrastate
San Marino,SMR,2020,43.94236,12.457777,non_state,0,Non-state
San Marino,SMR,2020,43.94236,12.457777,one_sided_violence,0,One-sided violence
San Marino,SMR,2021,43.94236,12.457777,interstate,0,Interstate
San Marino,SMR,2021,43.94236,12.457777,intrastate,0,Intrastate
San Marino,SMR,2021,43.94236,12.457777,non_state,0,Non-state
San Marino,SMR,2021,43.94236,12.457777,one_sided_violence,0,One-sided violence
San Marino,SMR,2022,43.94236,12.457777,interstate,0,Interstate
San Marino,SMR,2022,43.94236,12.457777,intrastate,0,Intrastate
San Marino,SMR,2022,43.94236,12.457777,non_state,0,Non-state
San Marino,SMR,2022,43.94236,12.457777,one_sided_violence,0,One-sided violence
San Marino,SMR,2023,43.94236,12.457777,interstate,0,Interstate
San Marino,SMR,2023,43.94236,12.457777,intrastate,0,Intrastate
San Marino,SMR,2023,43.94236,12.457777,non_state,0,Non-state
San Marino,SMR,2023,43.94236,12.457777,one_sided_violence,0,One-sided violence
San Marino,SMR,2024,43.94236,12.457777,interstate,0,Interstate
San Marino,SMR,2024,43.94236,12.457777,intrastate,0,Intrastate
San Marino,SMR,2024,43.94236,12.457777,non_state,0,Non-state
San Marino,SMR,2024,43.94236,12.457777,one_sided_violence,0,One-sided violence
Sao Tome and Principe,STP,2015,0.18636,6.613081,interstate,0,Interstate
Sao Tome and Principe,STP,2015,0.18636,6.613081,intrastate,0,Intrastate
Sao Tome and Principe,STP,2015,0.18636,6.613081,non_state,0,Non-state
Sao Tome and Principe,STP,2015,0.18636,6.613081,one_sided_violence,0,One-sided violence
Sao Tome and Principe,STP,2016,0.18636,6.613081,interstate,0,Interstate
Sao Tome and Principe,STP,2016,0.18636,6.613081,intrastate,0,Intrastate
Sao Tome and Principe,STP,2016,0.18636,6.613081,non_state,0,Non-state
Sao Tome and Principe,STP,2016,0.18636,6.613081,one_sided_violence,0,One-sided violence
Sao Tome and Principe,STP,2017,0.18636,6.613081,interstate,0,Interstate
Sao Tome and Principe,STP,2017,0.18636,6.613081,intrastate,0,Intrastate
Sao Tome and Principe,STP,2017,0.18636,6.613081,non_state,0,Non-state
Sao Tome and Principe,STP,2017,0.18636,6.613081,one_sided_violence,0,One-sided violence
Sao Tome and Principe,STP,2018,0.18636,6.613081,interstate,0,Interstate
Sao Tome and Principe,STP,2018,0.18636,6.613081,intrastate,0,Intrastate
Sao Tome and Principe,STP,2018,0.18636,6.613081,non_state,0,Non-state
Sao Tome and Principe,STP,2018,0.18636,6.613081,one_sided_violence,0,One-sided violence
Sao Tome and Principe,STP,2019,0.18636,6.613081,interstate,0,Interstate
Sao Tome and Principe,STP,2019,0.18636,6.613081,intrastate,0,Intrastate
Sao Tome and Principe,STP,2019,0.18636,6.613081,non_state,0,Non-state
Sao Tome and Principe,STP,2019,0.18636,6.613081,one_sided_violence,0,One-sided violence
Sao Tome and Principe,STP,2020,0.18636,6.613081,interstate,0,Interstate
Sao Tome and Principe,STP,2020,0.18636,6.613081,intrastate,0,Intrastate
Sao Tome and Principe,STP,2020,0.18636,6.613081,non_state,0,Non-state
Sao Tome and Principe,STP,2020,0.18636,6.613081,one_sided_violence,0,One-sided violence
Sao Tome and Principe,STP,2021,0.18636,6.613081,interstate,0,Interstate
Sao Tome and Principe,STP,2021,0.18636,6.613081,intrastate,0,Intrastate
Sao Tome and Principe,STP,2021,0.18636,6.613081,non_state,0,Non-state
Sao Tome and Principe,STP,2021,0.18636,6.613081,one_sided_violence,0,One-sided violence
Sao Tome and Principe,STP,2022,0.18636,6.613081,interstate,0,Interstate
Sao Tome and Principe,STP,2022,0.18636,6.613081,intrastate,0,Intrastate
Sao Tome and Principe,STP,2022,0.18636,6.613081,non_state,0,Non-state
Sao Tome and Principe,STP,2022,0.18636,6.613081,one_sided_violence,0,One-sided violence
Sao Tome and Principe,STP,2023,0.18636,6.613081,interstate,0,Interstate
Sao Tome and Principe,STP,2023,0.18636,6.613081,intrastate,0,Intrastate
Sao Tome and Principe,STP,2023,0.18636,6.613081,non_state,0,Non-state
Sao Tome and Principe,STP,2023,0.18636,6.613081,one_sided_violence,0,One-sided violence
Sao Tome and Principe,STP,2024,0.18636,6.613081,interstate,0,Interstate
Sao Tome and Principe,STP,2024,0.18636,6.613081,intrastate,0,Intrastate
Sao Tome and Principe,STP,2024,0.18636,6.613081,non_state,0,Non-state
Sao Tome and Principe,STP,2024,0.18636,6.613081,one_sided_violence,0,One-sided violence
Saudi Arabia,SAU,2015,23.885942,45.079162,interstate,0,Interstate
Saudi Arabia,SAU,2015,23.885942,45.079162,intrastate,88,Intrastate
Saudi Arabia,SAU,2015,23.885942,45.079162,non_state,0,Non-state
Saudi Arabia,SAU,2015,23.885942,45.079162,one_sided_violence,32,One-sided violence
Saudi Arabia,SAU,2016,23.885942,45.079162,interstate,0,Interstate
Saudi Arabia,SAU,2016,23.885942,45.079162,intrastate,120,Intrastate
Saudi Arabia,SAU,2016,23.885942,45.079162,non_state,0,Non-state
Saudi Arabia,SAU,2016,23.885942,45.079162,one_sided_violence,5,One-sided violence
Saudi Arabia,SAU,2017,23.885942,45.079162,interstate,0,Interstate
Saudi Arabia,SAU,2017,23.885942,45.079162,intrastate,56,Intrastate
Saudi Arabia,SAU,2017,23.885942,45.079162,non_state,0,Non-state
Saudi Arabia,SAU,2017,23.885942,45.079162,one_sided_violence,0,One-sided violence
Saudi Arabia,SAU,2018,23.885942,45.079162,interstate,0,Interstate
Saudi Arabia,SAU,2018,23.885942,45.079162,intrastate,11,Intrastate
Saudi Arabia,SAU,2018,23.885942,45.079162,non_state,0,Non-state
Saudi Arabia,SAU,2018,23.885942,45.079162,one_sided_violence,0,One-sided violence
Saudi Arabia,SAU,2019,23.885942,45.079162,interstate,0,Interstate
Saudi Arabia,SAU,2019,23.885942,45.079162,intrastate,7,Intrastate
Saudi Arabia,SAU,2019,23.885942,45.079162,non_state,0,Non-state
Saudi Arabia,SAU,2019,23.885942,45.079162,one_sided_violence,0,One-sided violence
Saudi Arabia,SAU,2020,23.885942,45.079162,interstate,0,Interstate
Saudi Arabia,SAU,2020,23.885942,45.079162,intrastate,0,Intrastate
Saudi Arabia,SAU,2020,23.885942,45.079162,non_state,0,Non-state
Saudi Arabia,SAU,2020,23.885942,45.079162,one_sided_violence,0,One-sided violence
Saudi Arabia,SAU,2021,23.885942,45.079162,interstate,0,Interstate
Saudi Arabia,SAU,2021,23.885942,45.079162,intrastate,6,Intrastate
Saudi Arabia,SAU,2021,23.885942,45.079162,non_state,0,Non-state
Saudi Arabia,SAU,2021,23.885942,45.079162,one_sided_violence,0,One-sided violence
Saudi Arabia,SAU,2022,23.885942,45.079162,interstate,0,Interstate
Saudi Arabia,SAU,2022,23.885942,45.079162,intrastate,0,Intrastate
Saudi Arabia,SAU,2022,23.885942,45.079162,non_state,0,Non-state
Saudi Arabia,SAU,2022,23.885942,45.079162,one_sided_violence,0,One-sided violence
Saudi Arabia,SAU,2023,23.885942,45.079162,interstate,0,Interstate
Saudi Arabia,SAU,2023,23.885942,45.079162,intrastate,9,Intrastate
Saudi Arabia,SAU,2023,23.885942,45.079162,non_state,0,Non-state
Saudi Arabia,SAU,2023,23.885942,45.079162,one_sided_violence,0,One-sided violence
Saudi Arabia,SAU,2024,23.885942,45.079162,interstate,0,Interstate
Saudi Arabia,SAU,2024,23.885942,45.079162,intrastate,0,Intrastate
Saudi Arabia,SAU,2024,23.885942,45.079162,non_state,0,Non-state
Saudi Arabia,SAU,2024,23.885942,45.079162,one_sided_violence,0,One-sided violence
Senegal,SEN,2015,14.497401,-14.452362,interstate,0,Interstate
Senegal,SEN,2015,14.497401,-14.452362,intrastate,0,Intrastate
Senegal,SEN,2015,14.497401,-14.452362,non_state,0,Non-state
Senegal,SEN,2015,14.497401,-14.452362,one_sided_violence,0,One-sided violence
Senegal,SEN,2016,14.497401,-14.452362,interstate,0,Interstate
Senegal,SEN,2016,14.497401,-14.452362,intrastate,0,Intrastate
Senegal,SEN,2016,14.497401,-14.452362,non_state,0,Non-state
Senegal,SEN,2016,14.497401,-14.452362,one_sided_violence,0,One-sided violence
Senegal,SEN,2017,14.497401,-14.452362,interstate,0,Interstate
Senegal,SEN,2017,14.497401,-14.452362,intrastate,0,Intrastate
Senegal,SEN,2017,14.497401,-14.452362,non_state,0,Non-state
Senegal,SEN,2017,14.497401,-14.452362,one_sided_violence,0,One-sided violence
Senegal,SEN,2018,14.497401,-14.452362,interstate,0,Interstate
Senegal,SEN,2018,14.497401,-14.452362,intrastate,0,Intrastate
Senegal,SEN,2018,14.497401,-14.452362,non_state,0,Non-state
Senegal,SEN,2018,14.497401,-14.452362,one_sided_violence,0,One-sided violence
Senegal,SEN,2019,14.497401,-14.452362,interstate,0,Interstate
Senegal,SEN,2019,14.497401,-14.452362,intrastate,0,Intrastate
Senegal,SEN,2019,14.497401,-14.452362,non_state,0,Non-state
Senegal,SEN,2019,14.497401,-14.452362,one_sided_violence,0,One-sided violence
Senegal,SEN,2020,14.497401,-14.452362,interstate,0,Interstate
Senegal,SEN,2020,14.497401,-14.452362,intrastate,0,Intrastate
Senegal,SEN,2020,14.497401,-14.452362,non_state,0,Non-state
Senegal,SEN,2020,14.497401,-14.452362,one_sided_violence,0,One-sided violence
Senegal,SEN,2021,14.497401,-14.452362,interstate,0,Interstate
Senegal,SEN,2021,14.497401,-14.452362,intrastate,0,Intrastate
Senegal,SEN,2021,14.497401,-14.452362,non_state,0,Non-state
Senegal,SEN,2021,14.497401,-14.452362,one_sided_violence,0,One-sided violence
Senegal,SEN,2022,14.497401,-14.452362,interstate,0,Interstate
Senegal,SEN,2022,14.497401,-14.452362,intrastate,0,Intrastate
Senegal,SEN,2022,14.497401,-14.452362,non_state,0,Non-state
Senegal,SEN,2022,14.497401,-14.452362,one_sided_violence,0,One-sided violence
Senegal,SEN,2023,14.497401,-14.452362,interstate,0,Interstate
Senegal,SEN,2023,14.497401,-14.452362,intrastate,0,Intrastate
Senegal,SEN,2023,14.497401,-14.452362,non_state,0,Non-state
Senegal,SEN,2023,14.497401,-14.452362,one_sided_violence,0,One-sided violence
Senegal,SEN,2024,14.497401,-14.452362,interstate,0,Interstate
Senegal,SEN,2024,14.497401,-14.452362,intrastate,0,Intrastate
Senegal,SEN,2024,14.497401,-14.452362,non_state,0,Non-state
Senegal,SEN,2024,14.497401,-14.452362,one_sided_violence,0,One-sided violence
Serbia,SRB,2015,44.016521,21.005859,interstate,0,Interstate
Serbia,SRB,2015,44.016521,21.005859,intrastate,0,Intrastate
Serbia,SRB,2015,44.016521,21.005859,non_state,0,Non-state
Serbia,SRB,2015,44.016521,21.005859,one_sided_violence,0,One-sided violence
Serbia,SRB,2016,44.016521,21.005859,interstate,0,Interstate
Serbia,SRB,2016,44.016521,21.005859,intrastate,0,Intrastate
Serbia,SRB,2016,44.016521,21.005859,non_state,0,Non-state
Serbia,SRB,2016,44.016521,21.005859,one_sided_violence,0,One-sided violence
Serbia,SRB,2017,44.016521,21.005859,interstate,0,Interstate
Serbia,SRB,2017,44.016521,21.005859,intrastate,0,Intrastate
Serbia,SRB,2017,44.016521,21.005859,non_state,0,Non-state
Serbia,SRB,2017,44.016521,21.005859,one_sided_violence,0,One-sided violence
Serbia,SRB,2018,44.016521,21.005859,interstate,0,Interstate
Serbia,SRB,2018,44.016521,21.005859,intrastate,0,Intrastate
Serbia,SRB,2018,44.016521,21.005859,non_state,0,Non-state
Serbia,SRB,2018,44.016521,21.005859,one_sided_violence,0,One-sided violence
Serbia,SRB,2019,44.016521,21.005859,interstate,0,Interstate
Serbia,SRB,2019,44.016521,21.005859,intrastate,0,Intrastate
Serbia,SRB,2019,44.016521,21.005859,non_state,0,Non-state
Serbia,SRB,2019,44.016521,21.005859,one_sided_violence,0,One-sided violence
Serbia,SRB,2020,44.016521,21.005859,interstate,0,Interstate
Serbia,SRB,2020,44.016521,21.005859,intrastate,0,Intrastate
Serbia,SRB,2020,44.016521,21.005859,non_state,0,Non-state
Serbia,SRB,2020,44.016521,21.005859,one_sided_violence,0,One-sided violence
Serbia,SRB,2021,44.016521,21.005859,interstate,0,Interstate
Serbia,SRB,2021,44.016521,21.005859,intrastate,0,Intrastate
Serbia,SRB,2021,44.016521,21.005859,non_state,0,Non-state
Serbia,SRB,2021,44.016521,21.005859,one_sided_violence,0,One-sided violence
Serbia,SRB,2022,44.016521,21.005859,interstate,0,Interstate
Serbia,SRB,2022,44.016521,21.005859,intrastate,0,Intrastate
Serbia,SRB,2022,44.016521,21.005859,non_state,0,Non-state
Serbia,SRB,2022,44.016521,21.005859,one_sided_violence,0,One-sided violence
Serbia,SRB,2023,44.016521,21.005859,interstate,0,Interstate
Serbia,SRB,2023,44.016521,21.005859,intrastate,0,Intrastate
Serbia,SRB,2023,44.016521,21.005859,non_state,0,Non-state
Serbia,SRB,2023,44.016521,21.005859,one_sided_violence,0,One-sided violence
Serbia,SRB,2024,44.016521,21.005859,interstate,0,Interstate
Serbia,SRB,2024,44.016521,21.005859,intrastate,0,Intrastate
Serbia,SRB,2024,44.016521,21.005859,non_state,0,Non-state
Serbia,SRB,2024,44.016521,21.005859,one_sided_violence,0,One-sided violence
Seychelles,SYC,2015,-4.679574,55.491977,interstate,0,Interstate
Seychelles,SYC,2015,-4.679574,55.491977,intrastate,0,Intrastate
Seychelles,SYC,2015,-4.679574,55.491977,non_state,0,Non-state
Seychelles,SYC,2015,-4.679574,55.491977,one_sided_violence,0,One-sided violence
Seychelles,SYC,2016,-4.679574,55.491977,interstate,0,Interstate
Seychelles,SYC,2016,-4.679574,55.491977,intrastate,0,Intrastate
Seychelles,SYC,2016,-4.679574,55.491977,non_state,0,Non-state
Seychelles,SYC,2016,-4.679574,55.491977,one_sided_violence,0,One-sided violence
Seychelles,SYC,2017,-4.679574,55.491977,interstate,0,Interstate
Seychelles,SYC,2017,-4.679574,55.491977,intrastate,0,Intrastate
Seychelles,SYC,2017,-4.679574,55.491977,non_state,0,Non-state
Seychelles,SYC,2017,-4.679574,55.491977,one_sided_violence,0,One-sided violence
Seychelles,SYC,2018,-4.679574,55.491977,interstate,0,Interstate
Seychelles,SYC,2018,-4.679574,55.491977,intrastate,0,Intrastate
Seychelles,SYC,2018,-4.679574,55.491977,non_state,0,Non-state
Seychelles,SYC,2018,-4.679574,55.491977,one_sided_violence,0,One-sided violence
Seychelles,SYC,2019,-4.679574,55.491977,interstate,0,Interstate
Seychelles,SYC,2019,-4.679574,55.491977,intrastate,0,Intrastate
Seychelles,SYC,2019,-4.679574,55.491977,non_state,0,Non-state
Seychelles,SYC,2019,-4.679574,55.491977,one_sided_violence,0,One-sided violence
Seychelles,SYC,2020,-4.679574,55.491977,interstate,0,Interstate
Seychelles,SYC,2020,-4.679574,55.491977,intrastate,0,Intrastate
Seychelles,SYC,2020,-4.679574,55.491977,non_state,0,Non-state
Seychelles,SYC,2020,-4.679574,55.491977,one_sided_violence,0,One-sided violence
Seychelles,SYC,2021,-4.679574,55.491977,interstate,0,Interstate
Seychelles,SYC,2021,-4.679574,55.491977,intrastate,0,Intrastate
Seychelles,SYC,2021,-4.679574,55.491977,non_state,0,Non-state
Seychelles,SYC,2021,-4.679574,55.491977,one_sided_violence,0,One-sided violence
Seychelles,SYC,2022,-4.679574,55.491977,interstate,0,Interstate
Seychelles,SYC,2022,-4.679574,55.491977,intrastate,0,Intrastate
Seychelles,SYC,2022,-4.679574,55.491977,non_state,0,Non-state
Seychelles,SYC,2022,-4.679574,55.491977,one_sided_violence,0,One-sided violence
Seychelles,SYC,2023,-4.679574,55.491977,interstate,0,Interstate
Seychelles,SYC,2023,-4.679574,55.491977,intrastate,0,Intrastate
Seychelles,SYC,2023,-4.679574,55.491977,non_state,0,Non-state
Seychelles,SYC,2023,-4.679574,55.491977,one_sided_violence,0,One-sided violence
Seychelles,SYC,2024,-4.679574,55.491977,interstate,0,Interstate
Seychelles,SYC,2024,-4.679574,55.491977,intrastate,0,Intrastate
Seychelles,SYC,2024,-4.679574,55.491977,non_state,0,Non-state
Seychelles,SYC,2024,-4.679574,55.491977,one_sided_violence,0,One-sided violence
Sierra Leone,SLE,2015,8.460555,-11.779889,interstate,0,Interstate
Sierra Leone,SLE,2015,8.460555,-11.779889,intrastate,0,Intrastate
Sierra Leone,SLE,2015,8.460555,-11.779889,non_state,0,Non-state
Sierra Leone,SLE,2015,8.460555,-11.779889,one_sided_violence,0,One-sided violence
Sierra Leone,SLE,2016,8.460555,-11.779889,interstate,0,Interstate
Sierra Leone,SLE,2016,8.460555,-11.779889,intrastate,0,Intrastate
Sierra Leone,SLE,2016,8.460555,-11.779889,non_state,0,Non-state
Sierra Leone,SLE,2016,8.460555,-11.779889,one_sided_violence,0,One-sided violence
Sierra Leone,SLE,2017,8.460555,-11.779889,interstate,0,Interstate
Sierra Leone,SLE,2017,8.460555,-11.779889,intrastate,0,Intrastate
Sierra Leone,SLE,2017,8.460555,-11.779889,non_state,0,Non-state
Sierra Leone,SLE,2017,8.460555,-11.779889,one_sided_violence,0,One-sided violence
Sierra Leone,SLE,2018,8.460555,-11.779889,interstate,0,Interstate
Sierra Leone,SLE,2018,8.460555,-11.779889,intrastate,0,Intrastate
Sierra Leone,SLE,2018,8.460555,-11.779889,non_state,0,Non-state
Sierra Leone,SLE,2018,8.460555,-11.779889,one_sided_violence,0,One-sided violence
Sierra Leone,SLE,2019,8.460555,-11.779889,interstate,0,Interstate
Sierra Leone,SLE,2019,8.460555,-11.779889,intrastate,0,Intrastate
Sierra Leone,SLE,2019,8.460555,-11.779889,non_state,0,Non-state
Sierra Leone,SLE,2019,8.460555,-11.779889,one_sided_violence,0,One-sided violence
Sierra Leone,SLE,2020,8.460555,-11.779889,interstate,0,Interstate
Sierra Leone,SLE,2020,8.460555,-11.779889,intrastate,0,Intrastate
Sierra Leone,SLE,2020,8.460555,-11.779889,non_state,0,Non-state
Sierra Leone,SLE,2020,8.460555,-11.779889,one_sided_violence,0,One-sided violence
Sierra Leone,SLE,2021,8.460555,-11.779889,interstate,0,Interstate
Sierra Leone,SLE,2021,8.460555,-11.779889,intrastate,0,Intrastate
Sierra Leone,SLE,2021,8.460555,-11.779889,non_state,0,Non-state
Sierra Leone,SLE,2021,8.460555,-11.779889,one_sided_violence,0,One-sided violence
Sierra Leone,SLE,2022,8.460555,-11.779889,interstate,0,Interstate
Sierra Leone,SLE,2022,8.460555,-11.779889,intrastate,0,Intrastate
Sierra Leone,SLE,2022,8.460555,-11.779889,non_state,0,Non-state
Sierra Leone,SLE,2022,8.460555,-11.779889,one_sided_violence,0,One-sided violence
Sierra Leone,SLE,2023,8.460555,-11.779889,interstate,0,Interstate
Sierra Leone,SLE,2023,8.460555,-11.779889,intrastate,0,Intrastate
Sierra Leone,SLE,2023,8.460555,-11.779889,non_state,0,Non-state
Sierra Leone,SLE,2023,8.460555,-11.779889,one_sided_violence,0,One-sided violence
Sierra Leone,SLE,2024,8.460555,-11.779889,interstate,0,Interstate
Sierra Leone,SLE,2024,8.460555,-11.779889,intrastate,0,Intrastate
Sierra Leone,SLE,2024,8.460555,-11.779889,non_state,0,Non-state
Sierra Leone,SLE,2024,8.460555,-11.779889,one_sided_violence,0,One-sided violence
Singapore,SGP,2015,1.352083,103.819836,interstate,0,Interstate
Singapore,SGP,2015,1.352083,103.819836,intrastate,0,Intrastate
Singapore,SGP,2015,1.352083,103.819836,non_state,0,Non-state
Singapore,SGP,2015,1.352083,103.819836,one_sided_violence,0,One-sided violence
Singapore,SGP,2016,1.352083,103.819836,interstate,0,Interstate
Singapore,SGP,2016,1.352083,103.819836,intrastate,0,Intrastate
Singapore,SGP,2016,1.352083,103.819836,non_state,0,Non-state
Singapore,SGP,2016,1.352083,103.819836,one_sided_violence,0,One-sided violence
Singapore,SGP,2017,1.352083,103.819836,interstate,0,Interstate
Singapore,SGP,2017,1.352083,103.819836,intrastate,0,Intrastate
Singapore,SGP,2017,1.352083,103.819836,non_state,0,Non-state
Singapore,SGP,2017,1.352083,103.819836,one_sided_violence,0,One-sided violence
Singapore,SGP,2018,1.352083,103.819836,interstate,0,Interstate
Singapore,SGP,2018,1.352083,103.819836,intrastate,0,Intrastate
Singapore,SGP,2018,1.352083,103.819836,non_state,0,Non-state
Singapore,SGP,2018,1.352083,103.819836,one_sided_violence,0,One-sided violence
Singapore,SGP,2019,1.352083,103.819836,interstate,0,Interstate
Singapore,SGP,2019,1.352083,103.819836,intrastate,0,Intrastate
Singapore,SGP,2019,1.352083,103.819836,non_state,0,Non-state
Singapore,SGP,2019,1.352083,103.819836,one_sided_violence,0,One-sided violence
Singapore,SGP,2020,1.352083,103.819836,interstate,0,Interstate
Singapore,SGP,2020,1.352083,103.819836,intrastate,0,Intrastate
Singapore,SGP,2020,1.352083,103.819836,non_state,0,Non-state
Singapore,SGP,2020,1.352083,103.819836,one_sided_violence,0,One-sided violence
Singapore,SGP,2021,1.352083,103.819836,interstate,0,Interstate
Singapore,SGP,2021,1.352083,103.819836,intrastate,0,Intrastate
Singapore,SGP,2021,1.352083,103.819836,non_state,0,Non-state
Singapore,SGP,2021,1.352083,103.819836,one_sided_violence,0,One-sided violence
Singapore,SGP,2022,1.352083,103.819836,interstate,0,Interstate
Singapore,SGP,2022,1.352083,103.819836,intrastate,0,Intrastate
Singapore,SGP,2022,1.352083,103.819836,non_state,0,Non-state
Singapore,SGP,2022,1.352083,103.819836,one_sided_violence,0,One-sided violence
Singapore,SGP,2023,1.352083,103.819836,interstate,0,Interstate
Singapore,SGP,2023,1.352083,103.819836,intrastate,0,Intrastate
Singapore,SGP,2023,1.352083,103.819836,non_state,0,Non-state
Singapore,SGP,2023,1.352083,103.819836,one_sided_violence,0,One-sided violence
Singapore,SGP,2024,1.352083,103.819836,interstate,0,Interstate
Singapore,SGP,2024,1.352083,103.819836,intrastate,0,Intrastate
Singapore,SGP,2024,1.352083,103.819836,non_state,0,Non-state
Singapore,SGP,2024,1.352083,103.819836,one_sided_violence,0,One-sided violence
Slovakia,SVK,2015,48.669026,19.699024,interstate,0,Interstate
Slovakia,SVK,2015,48.669026,19.699024,intrastate,0,Intrastate
Slovakia,SVK,2015,48.669026,19.699024,non_state,0,Non-state
Slovakia,SVK,2015,48.669026,19.699024,one_sided_violence,0,One-sided violence
Slovakia,SVK,2016,48.669026,19.699024,interstate,0,Interstate
Slovakia,SVK,2016,48.669026,19.699024,intrastate,0,Intrastate
Slovakia,SVK,2016,48.669026,19.699024,non_state,0,Non-state
Slovakia,SVK,2016,48.669026,19.699024,one_sided_violence,0,One-sided violence
Slovakia,SVK,2017,48.669026,19.699024,interstate,0,Interstate
Slovakia,SVK,2017,48.669026,19.699024,intrastate,0,Intrastate
Slovakia,SVK,2017,48.669026,19.699024,non_state,0,Non-state
Slovakia,SVK,2017,48.669026,19.699024,one_sided_violence,0,One-sided violence
Slovakia,SVK,2018,48.669026,19.699024,interstate,0,Interstate
Slovakia,SVK,2018,48.669026,19.699024,intrastate,0,Intrastate
Slovakia,SVK,2018,48.669026,19.699024,non_state,0,Non-state
Slovakia,SVK,2018,48.669026,19.699024,one_sided_violence,0,One-sided violence
Slovakia,SVK,2019,48.669026,19.699024,interstate,0,Interstate
Slovakia,SVK,2019,48.669026,19.699024,intrastate,0,Intrastate
Slovakia,SVK,2019,48.669026,19.699024,non_state,0,Non-state
Slovakia,SVK,2019,48.669026,19.699024,one_sided_violence,0,One-sided violence
Slovakia,SVK,2020,48.669026,19.699024,interstate,0,Interstate
Slovakia,SVK,2020,48.669026,19.699024,intrastate,0,Intrastate
Slovakia,SVK,2020,48.669026,19.699024,non_state,0,Non-state
Slovakia,SVK,2020,48.669026,19.699024,one_sided_violence,0,One-sided violence
Slovakia,SVK,2021,48.669026,19.699024,interstate,0,Interstate
Slovakia,SVK,2021,48.669026,19.699024,intrastate,0,Intrastate
Slovakia,SVK,2021,48.669026,19.699024,non_state,0,Non-state
Slovakia,SVK,2021,48.669026,19.699024,one_sided_violence,0,One-sided violence
Slovakia,SVK,2022,48.669026,19.699024,interstate,0,Interstate
Slovakia,SVK,2022,48.669026,19.699024,intrastate,0,Intrastate
Slovakia,SVK,2022,48.669026,19.699024,non_state,0,Non-state
Slovakia,SVK,2022,48.669026,19.699024,one_sided_violence,0,One-sided violence
Slovakia,SVK,2023,48.669026,19.699024,interstate,0,Interstate
Slovakia,SVK,2023,48.669026,19.699024,intrastate,0,Intrastate
Slovakia,SVK,2023,48.669026,19.699024,non_state,0,Non-state
Slovakia,SVK,2023,48.669026,19.699024,one_sided_violence,0,One-sided violence
Slovakia,SVK,2024,48.669026,19.699024,interstate,0,Interstate
Slovakia,SVK,2024,48.669026,19.699024,intrastate,0,Intrastate
Slovakia,SVK,2024,48.669026,19.699024,non_state,0,Non-state
Slovakia,SVK,2024,48.669026,19.699024,one_sided_violence,0,One-sided violence
Slovenia,SVN,2015,46.151241,14.995463,interstate,0,Interstate
Slovenia,SVN,2015,46.151241,14.995463,intrastate,0,Intrastate
Slovenia,SVN,2015,46.151241,14.995463,non_state,0,Non-state
Slovenia,SVN,2015,46.151241,14.995463,one_sided_violence,0,One-sided violence
Slovenia,SVN,2016,46.151241,14.995463,interstate,0,Interstate
Slovenia,SVN,2016,46.151241,14.995463,intrastate,0,Intrastate
Slovenia,SVN,2016,46.151241,14.995463,non_state,0,Non-state
Slovenia,SVN,2016,46.151241,14.995463,one_sided_violence,0,One-sided violence
Slovenia,SVN,2017,46.151241,14.995463,interstate,0,Interstate
Slovenia,SVN,2017,46.151241,14.995463,intrastate,0,Intrastate
Slovenia,SVN,2017,46.151241,14.995463,non_state,0,Non-state
Slovenia,SVN,2017,46.151241,14.995463,one_sided_violence,0,One-sided violence
Slovenia,SVN,2018,46.151241,14.995463,interstate,0,Interstate
Slovenia,SVN,2018,46.151241,14.995463,intrastate,0,Intrastate
Slovenia,SVN,2018,46.151241,14.995463,non_state,0,Non-state
Slovenia,SVN,2018,46.151241,14.995463,one_sided_violence,0,One-sided violence
Slovenia,SVN,2019,46.151241,14.995463,interstate,0,Interstate
Slovenia,SVN,2019,46.151241,14.995463,intrastate,0,Intrastate
Slovenia,SVN,2019,46.151241,14.995463,non_state,0,Non-state
Slovenia,SVN,2019,46.151241,14.995463,one_sided_violence,0,One-sided violence
Slovenia,SVN,2020,46.151241,14.995463,interstate,0,Interstate
Slovenia,SVN,2020,46.151241,14.995463,intrastate,0,Intrastate
Slovenia,SVN,2020,46.151241,14.995463,non_state,0,Non-state
Slovenia,SVN,2020,46.151241,14.995463,one_sided_violence,0,One-sided violence
Slovenia,SVN,2021,46.151241,14.995463,interstate,0,Interstate
Slovenia,SVN,2021,46.151241,14.995463,intrastate,0,Intrastate
Slovenia,SVN,2021,46.151241,14.995463,non_state,0,Non-state
Slovenia,SVN,2021,46.151241,14.995463,one_sided_violence,0,One-sided violence
Slovenia,SVN,2022,46.151241,14.995463,interstate,0,Interstate
Slovenia,SVN,2022,46.151241,14.995463,intrastate,0,Intrastate
Slovenia,SVN,2022,46.151241,14.995463,non_state,0,Non-state
Slovenia,SVN,2022,46.151241,14.995463,one_sided_violence,0,One-sided violence
Slovenia,SVN,2023,46.151241,14.995463,interstate,0,Interstate
Slovenia,SVN,2023,46.151241,14.995463,intrastate,0,Intrastate
Slovenia,SVN,2023,46.151241,14.995463,non_state,0,Non-state
Slovenia,SVN,2023,46.151241,14.995463,one_sided_violence,0,One-sided violence
Slovenia,SVN,2024,46.151241,14.995463,interstate,0,Interstate
Slovenia,SVN,2024,46.151241,14.995463,intrastate,0,Intrastate
Slovenia,SVN,2024,46.151241,14.995463,non_state,0,Non-state
Slovenia,SVN,2024,46.151241,14.995463,one_sided_violence,0,One-sided violence
Solomon Islands,SLB,2015,-9.64571,160.156194,interstate,0,Interstate
Solomon Islands,SLB,2015,-9.64571,160.156194,intrastate,0,Intrastate
Solomon Islands,SLB,2015,-9.64571,160.156194,non_state,0,Non-state
Solomon Islands,SLB,2015,-9.64571,160.156194,one_sided_violence,0,One-sided violence
Solomon Islands,SLB,2016,-9.64571,160.156194,interstate,0,Interstate
Solomon Islands,SLB,2016,-9.64571,160.156194,intrastate,0,Intrastate
Solomon Islands,SLB,2016,-9.64571,160.156194,non_state,0,Non-state
Solomon Islands,SLB,2016,-9.64571,160.156194,one_sided_violence,0,One-sided violence
Solomon Islands,SLB,2017,-9.64571,160.156194,interstate,0,Interstate
Solomon Islands,SLB,2017,-9.64571,160.156194,intrastate,0,Intrastate
Solomon Islands,SLB,2017,-9.64571,160.156194,non_state,0,Non-state
Solomon Islands,SLB,2017,-9.64571,160.156194,one_sided_violence,0,One-sided violence
Solomon Islands,SLB,2018,-9.64571,160.156194,interstate,0,Interstate
Solomon Islands,SLB,2018,-9.64571,160.156194,intrastate,0,Intrastate
Solomon Islands,SLB,2018,-9.64571,160.156194,non_state,0,Non-state
Solomon Islands,SLB,2018,-9.64571,160.156194,one_sided_violence,0,One-sided violence
Solomon Islands,SLB,2019,-9.64571,160.156194,interstate,0,Interstate
Solomon Islands,SLB,2019,-9.64571,160.156194,intrastate,0,Intrastate
Solomon Islands,SLB,2019,-9.64571,160.156194,non_state,0,Non-state
Solomon Islands,SLB,2019,-9.64571,160.156194,one_sided_violence,0,One-sided violence
Solomon Islands,SLB,2020,-9.64571,160.156194,interstate,0,Interstate
Solomon Islands,SLB,2020,-9.64571,160.156194,intrastate,0,Intrastate
Solomon Islands,SLB,2020,-9.64571,160.156194,non_state,0,Non-state
Solomon Islands,SLB,2020,-9.64571,160.156194,one_sided_violence,0,One-sided violence
Solomon Islands,SLB,2021,-9.64571,160.156194,interstate,0,Interstate
Solomon Islands,SLB,2021,-9.64571,160.156194,intrastate,0,Intrastate
Solomon Islands,SLB,2021,-9.64571,160.156194,non_state,0,Non-state
Solomon Islands,SLB,2021,-9.64571,160.156194,one_sided_violence,0,One-sided violence
Solomon Islands,SLB,2022,-9.64571,160.156194,interstate,0,Interstate
Solomon Islands,SLB,2022,-9.64571,160.156194,intrastate,0,Intrastate
Solomon Islands,SLB,2022,-9.64571,160.156194,non_state,0,Non-state
Solomon Islands,SLB,2022,-9.64571,160.156194,one_sided_violence,0,One-sided violence
Solomon Islands,SLB,2023,-9.64571,160.156194,interstate,0,Interstate
Solomon Islands,SLB,2023,-9.64571,160.156194,intrastate,0,Intrastate
Solomon Islands,SLB,2023,-9.64571,160.156194,non_state,0,Non-state
Solomon Islands,SLB,2023,-9.64571,160.156194,one_sided_violence,0,One-sided violence
Solomon Islands,SLB,2024,-9.64571,160.156194,interstate,0,Interstate
Solomon Islands,SLB,2024,-9.64571,160.156194,intrastate,0,Intrastate
Solomon Islands,SLB,2024,-9.64571,160.156194,non_state,0,Non-state
Solomon Islands,SLB,2024,-9.64571,160.156194,one_sided_violence,0,One-sided violence
Somalia,SOM,2015,5.152149,46.199616,interstate,0,Interstate
Somalia,SOM,2015,5.152149,46.199616,intrastate,1201,Intrastate
Somalia,SOM,2015,5.152149,46.199616,non_state,0,Non-state
Somalia,SOM,2015,5.152149,46.199616,one_sided_violence,38,One-sided violence
Somalia,SOM,2016,5.152149,46.199616,interstate,0,Interstate
Somalia,SOM,2016,5.152149,46.199616,intrastate,1933,Intrastate
Somalia,SOM,2016,5.152149,46.199616,non_state,41,Non-state
Somalia,SOM,2016,5.152149,46.199616,one_sided_violence,81,One-sided violence
Somalia,SOM,2017,5.152149,46.199616,interstate,0,Interstate
Somalia,SOM,2017,5.152149,46.199616,intrastate,1923,Intrastate
Somalia,SOM,2017,5.152149,46.199616,non_state,39,Non-state
Somalia,SOM,2017,5.152149,46.199616,one_sided_violence,98,One-sided violence
Somalia,SOM,2018,5.152149,46.199616,interstate,0,Interstate
Somalia,SOM,2018,5.152149,46.199616,intrastate,2204,Intrastate
Somalia,SOM,2018,5.152149,46.199616,non_state,104,Non-state
Somalia,SOM,2018,5.152149,46.199616,one_sided_violence,124,One-sided violence
Somalia,SOM,2019,5.152149,46.199616,interstate,0,Interstate
Somalia,SOM,2019,5.152149,46.199616,intrastate,1943,Intrastate
Somalia,SOM,2019,5.152149,46.199616,non_state,143,Non-state
Somalia,SOM,2019,5.152149,46.199616,one_sided_violence,93,One-sided violence
Somalia,SOM,2020,5.152149,46.199616,interstate,0,Interstate
Somalia,SOM,2020,5.152149,46.199616,intrastate,1948,Intrastate
Somalia,SOM,2020,5.152149,46.199616,non_state,59,Non-state
Somalia,SOM,2020,5.152149,46.199616,one_sided_violence,84,One-sided violence
Somalia,SOM,2021,5.152149,46.199616,interstate,0,Interstate
Somalia,SOM,2021,5.152149,46.199616,intrastate,2174,Intrastate
Somalia,SOM,2021,5.152149,46.199616,non_state,0,Non-state
Somalia,SOM,2021,5.152149,46.199616,one_sided_violence,79,One-sided violence
Somalia,SOM,2022,5.152149,46.199616,interstate,0,Interstate
Somalia,SOM,2022,5.152149,46.199616,intrastate,3032,Intrastate
Somalia,SOM,2022,5.152149,46.199616,non_state,0,Non-state
Somalia,SOM,2022,5.152149,46.199616,one_sided_violence,68,One-sided violence
Somalia,SOM,2023,5.152149,46.199616,interstate,0,Interstate
Somalia,SOM,2023,5.152149,46.199616,intrastate,3847,Intrastate
Somalia,SOM,2023,5.152149,46.199616,non_state,290,Non-state
Somalia,SOM,2023,5.152149,46.199616,one_sided_violence,38,One-sided violence
Somalia,SOM,2024,5.152149,46.199616,interstate,0,Interstate
Somalia,SOM,2024,5.152149,46.199616,intrastate,2284,Intrastate
Somalia,SOM,2024,5.152149,46.199616,non_state,112,Non-state
Somalia,SOM,2024,5.152149,46.199616,one_sided_violence,84,One-sided violence
South Africa,ZAF,2015,-30.559482,22.937506,interstate,0,Interstate
South Africa,ZAF,2015,-30.559482,22.937506,intrastate,0,Intrastate
South Africa,ZAF,2015,-30.559482,22.937506,non_state,0,Non-state
South Africa,ZAF,2015,-30.559482,22.937506,one_sided_violence,0,One-sided violence
South Africa,ZAF,2016,-30.559482,22.937506,interstate,0,Interstate
South Africa,ZAF,2016,-30.559482,22.937506,intrastate,0,Intrastate
South Africa,ZAF,2016,-30.559482,22.937506,non_state,0,Non-state
South Africa,ZAF,2016,-30.559482,22.937506,one_sided_violence,0,One-sided violence
South Africa,ZAF,2017,-30.559482,22.937506,interstate,0,Interstate
South Africa,ZAF,2017,-30.559482,22.937506,intrastate,0,Intrastate
South Africa,ZAF,2017,-30.559482,22.937506,non_state,0,Non-state
South Africa,ZAF,2017,-30.559482,22.937506,one_sided_violence,0,One-sided violence
South Africa,ZAF,2018,-30.559482,22.937506,interstate,0,Interstate
South Africa,ZAF,2018,-30.559482,22.937506,intrastate,0,Intrastate
South Africa,ZAF,2018,-30.559482,22.937506,non_state,0,Non-state
South Africa,ZAF,2018,-30.559482,22.937506,one_sided_violence,1,One-sided violence
South Africa,ZAF,2019,-30.559482,22.937506,interstate,0,Interstate
South Africa,ZAF,2019,-30.559482,22.937506,intrastate,0,Intrastate
South Africa,ZAF,2019,-30.559482,22.937506,non_state,0,Non-state
South Africa,ZAF,2019,-30.559482,22.937506,one_sided_violence,0,One-sided violence
South Africa,ZAF,2020,-30.559482,22.937506,interstate,0,Interstate
South Africa,ZAF,2020,-30.559482,22.937506,intrastate,0,Intrastate
South Africa,ZAF,2020,-30.559482,22.937506,non_state,0,Non-state
South Africa,ZAF,2020,-30.559482,22.937506,one_sided_violence,0,One-sided violence
South Africa,ZAF,2021,-30.559482,22.937506,interstate,0,Interstate
South Africa,ZAF,2021,-30.559482,22.937506,intrastate,0,Intrastate
South Africa,ZAF,2021,-30.559482,22.937506,non_state,123,Non-state
South Africa,ZAF,2021,-30.559482,22.937506,one_sided_violence,0,One-sided violence
South Africa,ZAF,2022,-30.559482,22.937506,interstate,0,Interstate
South Africa,ZAF,2022,-30.559482,22.937506,intrastate,0,Intrastate
South Africa,ZAF,2022,-30.559482,22.937506,non_state,0,Non-state
South Africa,ZAF,2022,-30.559482,22.937506,one_sided_violence,0,One-sided violence
South Africa,ZAF,2023,-30.559482,22.937506,interstate,0,Interstate
South Africa,ZAF,2023,-30.559482,22.937506,intrastate,0,Intrastate
South Africa,ZAF,2023,-30.559482,22.937506,non_state,0,Non-state
South Africa,ZAF,2023,-30.559482,22.937506,one_sided_violence,0,One-sided violence
South Africa,ZAF,2024,-30.559482,22.937506,interstate,0,Interstate
South Africa,ZAF,2024,-30.559482,22.937506,intrastate,0,Intrastate
South Africa,ZAF,2024,-30.559482,22.937506,non_state,0,Non-state
South Africa,ZAF,2024,-30.559482,22.937506,one_sided_violence,0,One-sided violence
South Korea,KOR,2015,35.907757,127.766922,interstate,0,Interstate
South Korea,KOR,2015,35.907757,127.766922,intrastate,0,Intrastate
South Korea,KOR,2015,35.907757,127.766922,non_state,0,Non-state
South Korea,KOR,2015,35.907757,127.766922,one_sided_violence,0,One-sided violence
South Korea,KOR,2016,35.907757,127.766922,interstate,0,Interstate
South Korea,KOR,2016,35.907757,127.766922,intrastate,0,Intrastate
South Korea,KOR,2016,35.907757,127.766922,non_state,0,Non-state
South Korea,KOR,2016,35.907757,127.766922,one_sided_violence,0,One-sided violence
South Korea,KOR,2017,35.907757,127.766922,interstate,0,Interstate
South Korea,KOR,2017,35.907757,127.766922,intrastate,0,Intrastate
South Korea,KOR,2017,35.907757,127.766922,non_state,0,Non-state
South Korea,KOR,2017,35.907757,127.766922,one_sided_violence,0,One-sided violence
South Korea,KOR,2018,35.907757,127.766922,interstate,0,Interstate
South Korea,KOR,2018,35.907757,127.766922,intrastate,0,Intrastate
South Korea,KOR,2018,35.907757,127.766922,non_state,0,Non-state
South Korea,KOR,2018,35.907757,127.766922,one_sided_violence,0,One-sided violence
South Korea,KOR,2019,35.907757,127.766922,interstate,0,Interstate
South Korea,KOR,2019,35.907757,127.766922,intrastate,0,Intrastate
South Korea,KOR,2019,35.907757,127.766922,non_state,0,Non-state
South Korea,KOR,2019,35.907757,127.766922,one_sided_violence,0,One-sided violence
South Korea,KOR,2020,35.907757,127.766922,interstate,0,Interstate
South Korea,KOR,2020,35.907757,127.766922,intrastate,0,Intrastate
South Korea,KOR,2020,35.907757,127.766922,non_state,0,Non-state
South Korea,KOR,2020,35.907757,127.766922,one_sided_violence,0,One-sided violence
South Korea,KOR,2021,35.907757,127.766922,interstate,0,Interstate
South Korea,KOR,2021,35.907757,127.766922,intrastate,0,Intrastate
South Korea,KOR,2021,35.907757,127.766922,non_state,0,Non-state
South Korea,KOR,2021,35.907757,127.766922,one_sided_violence,0,One-sided violence
South Korea,KOR,2022,35.907757,127.766922,interstate,0,Interstate
South Korea,KOR,2022,35.907757,127.766922,intrastate,0,Intrastate
South Korea,KOR,2022,35.907757,127.766922,non_state,0,Non-state
South Korea,KOR,2022,35.907757,127.766922,one_sided_violence,0,One-sided violence
South Korea,KOR,2023,35.907757,127.766922,interstate,0,Interstate
South Korea,KOR,2023,35.907757,127.766922,intrastate,0,Intrastate
South Korea,KOR,2023,35.907757,127.766922,non_state,0,Non-state
South Korea,KOR,2023,35.907757,127.766922,one_sided_violence,0,One-sided violence
South Korea,KOR,2024,35.907757,127.766922,interstate,0,Interstate
South Korea,KOR,2024,35.907757,127.766922,intrastate,0,Intrastate
South Korea,KOR,2024,35.907757,127.766922,non_state,0,Non-state
South Korea,KOR,2024,35.907757,127.766922,one_sided_violence,0,One-sided violence
South Sudan,SSD,2015,6.877,31.307,interstate,0,Interstate
South Sudan,SSD,2015,6.877,31.307,intrastate,493,Intrastate
South Sudan,SSD,2015,6.877,31.307,non_state,270,Non-state
South Sudan,SSD,2015,6.877,31.307,one_sided_violence,353,One-sided violence
South Sudan,SSD,2016,6.877,31.307,interstate,0,Interstate
South Sudan,SSD,2016,6.877,31.307,intrastate,735,Intrastate
South Sudan,SSD,2016,6.877,31.307,non_state,319,Non-state
South Sudan,SSD,2016,6.877,31.307,one_sided_violence,235,One-sided violence
South Sudan,SSD,2017,6.877,31.307,interstate,0,Interstate
South Sudan,SSD,2017,6.877,31.307,intrastate,484,Intrastate
South Sudan,SSD,2017,6.877,31.307,non_state,530,Non-state
South Sudan,SSD,2017,6.877,31.307,one_sided_violence,230,One-sided violence
South Sudan,SSD,2018,6.877,31.307,interstate,0,Interstate
South Sudan,SSD,2018,6.877,31.307,intrastate,526,Intrastate
South Sudan,SSD,2018,6.877,31.307,non_state,456,Non-state
South Sudan,SSD,2018,6.877,31.307,one_sided_violence,193,One-sided violence
South Sudan,SSD,2019,6.877,31.307,interstate,0,Interstate
South Sudan,SSD,2019,6.877,31.307,intrastate,110,Intrastate
South Sudan,SSD,2019,6.877,31.307,non_state,398,Non-state
South Sudan,SSD,2019,6.877,31.307,one_sided_violence,118,One-sided violence
South Sudan,SSD,2020,6.877,31.307,interstate,0,Interstate
South Sudan,SSD,2020,6.877,31.307,intrastate,58,Intrastate
South Sudan,SSD,2020,6.877,31.307,non_state,554,Non-state
South Sudan,SSD,2020,6.877,31.307,one_sided_violence,28,One-sided violence
South Sudan,SSD,2021,6.877,31.307,interstate,0,Interstate
South Sudan,SSD,2021,6.877,31.307,intrastate,188,Intrastate
South Sudan,SSD,2021,6.877,31.307,non_state,654,Non-state
South Sudan,SSD,2021,6.877,31.307,one_sided_violence,46,One-sided violence
South Sudan,SSD,2022,6.877,31.307,interstate,0,Interstate
South Sudan,SSD,2022,6.877,31.307,intrastate,0,Intrastate
South Sudan,SSD,2022,6.877,31.307,non_state,586,Non-state
South Sudan,SSD,2022,6.877,31.307,one_sided_violence,93,One-sided violence
South Sudan,SSD,2023,6.877,31.307,interstate,0,Interstate
South Sudan,SSD,2023,6.877,31.307,intrastate,0,Intrastate
South Sudan,SSD,2023,6.877,31.307,non_state,168,Non-state
South Sudan,SSD,2023,6.877,31.307,one_sided_violence,38,One-sided violence
South Sudan,SSD,2024,6.877,31.307,interstate,0,Interstate
South Sudan,SSD,2024,6.877,31.307,intrastate,2,Intrastate
South Sudan,SSD,2024,6.877,31.307,non_state,588,Non-state
South Sudan,SSD,2024,6.877,31.307,one_sided_violence,39,One-sided violence
Spain,ESP,2015,40.463667,-3.74922,interstate,0,Interstate
Spain,ESP,2015,40.463667,-3.74922,intrastate,0,Intrastate
Spain,ESP,2015,40.463667,-3.74922,non_state,0,Non-state
Spain,ESP,2015,40.463667,-3.74922,one_sided_violence,0,One-sided violence
Spain,ESP,2016,40.463667,-3.74922,interstate,0,Interstate
Spain,ESP,2016,40.463667,-3.74922,intrastate,0,Intrastate
Spain,ESP,2016,40.463667,-3.74922,non_state,0,Non-state
Spain,ESP,2016,40.463667,-3.74922,one_sided_violence,0,One-sided violence
Spain,ESP,2017,40.463667,-3.74922,interstate,0,Interstate
Spain,ESP,2017,40.463667,-3.74922,intrastate,0,Intrastate
Spain,ESP,2017,40.463667,-3.74922,non_state,0,Non-state
Spain,ESP,2017,40.463667,-3.74922,one_sided_violence,16,One-sided violence
Spain,ESP,2018,40.463667,-3.74922,interstate,0,Interstate
Spain,ESP,2018,40.463667,-3.74922,intrastate,0,Intrastate
Spain,ESP,2018,40.463667,-3.74922,non_state,0,Non-state
Spain,ESP,2018,40.463667,-3.74922,one_sided_violence,0,One-sided violence
Spain,ESP,2019,40.463667,-3.74922,interstate,0,Interstate
Spain,ESP,2019,40.463667,-3.74922,intrastate,0,Intrastate
Spain,ESP,2019,40.463667,-3.74922,non_state,0,Non-state
Spain,ESP,2019,40.463667,-3.74922,one_sided_violence,0,One-sided violence
Spain,ESP,2020,40.463667,-3.74922,interstate,0,Interstate
Spain,ESP,2020,40.463667,-3.74922,intrastate,0,Intrastate
Spain,ESP,2020,40.463667,-3.74922,non_state,0,Non-state
Spain,ESP,2020,40.463667,-3.74922,one_sided_violence,0,One-sided violence
Spain,ESP,2021,40.463667,-3.74922,interstate,0,Interstate
Spain,ESP,2021,40.463667,-3.74922,intrastate,0,Intrastate
Spain,ESP,2021,40.463667,-3.74922,non_state,0,Non-state
Spain,ESP,2021,40.463667,-3.74922,one_sided_violence,0,One-sided violence
Spain,ESP,2022,40.463667,-3.74922,interstate,0,Interstate
Spain,ESP,2022,40.463667,-3.74922,intrastate,0,Intrastate
Spain,ESP,2022,40.463667,-3.74922,non_state,0,Non-state
Spain,ESP,2022,40.463667,-3.74922,one_sided_violence,0,One-sided violence
Spain,ESP,2023,40.463667,-3.74922,interstate,0,Interstate
Spain,ESP,2023,40.463667,-3.74922,intrastate,0,Intrastate
Spain,ESP,2023,40.463667,-3.74922,non_state,2,Non-state
Spain,ESP,2023,40.463667,-3.74922,one_sided_violence,0,One-sided violence
Spain,ESP,2024,40.463667,-3.74922,interstate,0,Interstate
Spain,ESP,2024,40.463667,-3.74922,intrastate,0,Intrastate
Spain,ESP,2024,40.463667,-3.74922,non_state,0,Non-state
Spain,ESP,2024,40.463667,-3.74922,one_sided_violence,0,One-sided violence
Sri Lanka,LKA,2015,7.873054,80.771797,interstate,0,Interstate
Sri Lanka,LKA,2015,7.873054,80.771797,intrastate,0,Intrastate
Sri Lanka,LKA,2015,7.873054,80.771797,non_state,0,Non-state
Sri Lanka,LKA,2015,7.873054,80.771797,one_sided_violence,0,One-sided violence
Sri Lanka,LKA,2016,7.873054,80.771797,interstate,0,Interstate
Sri Lanka,LKA,2016,7.873054,80.771797,intrastate,0,Intrastate
Sri Lanka,LKA,2016,7.873054,80.771797,non_state,0,Non-state
Sri Lanka,LKA,2016,7.873054,80.771797,one_sided_violence,0,One-sided violence
Sri Lanka,LKA,2017,7.873054,80.771797,interstate,0,Interstate
Sri Lanka,LKA,2017,7.873054,80.771797,intrastate,0,Intrastate
Sri Lanka,LKA,2017,7.873054,80.771797,non_state,0,Non-state
Sri Lanka,LKA,2017,7.873054,80.771797,one_sided_violence,0,One-sided violence
Sri Lanka,LKA,2018,7.873054,80.771797,interstate,0,Interstate
Sri Lanka,LKA,2018,7.873054,80.771797,intrastate,0,Intrastate
Sri Lanka,LKA,2018,7.873054,80.771797,non_state,0,Non-state
Sri Lanka,LKA,2018,7.873054,80.771797,one_sided_violence,0,One-sided violence
Sri Lanka,LKA,2019,7.873054,80.771797,interstate,0,Interstate
Sri Lanka,LKA,2019,7.873054,80.771797,intrastate,0,Intrastate
Sri Lanka,LKA,2019,7.873054,80.771797,non_state,0,Non-state
Sri Lanka,LKA,2019,7.873054,80.771797,one_sided_violence,255,One-sided violence
Sri Lanka,LKA,2020,7.873054,80.771797,interstate,0,Interstate
Sri Lanka,LKA,2020,7.873054,80.771797,intrastate,0,Intrastate
Sri Lanka,LKA,2020,7.873054,80.771797,non_state,0,Non-state
Sri Lanka,LKA,2020,7.873054,80.771797,one_sided_violence,0,One-sided violence
Sri Lanka,LKA,2021,7.873054,80.771797,interstate,0,Interstate
Sri Lanka,LKA,2021,7.873054,80.771797,intrastate,0,Intrastate
Sri Lanka,LKA,2021,7.873054,80.771797,non_state,0,Non-state
Sri Lanka,LKA,2021,7.873054,80.771797,one_sided_violence,0,One-sided violence
Sri Lanka,LKA,2022,7.873054,80.771797,interstate,0,Interstate
Sri Lanka,LKA,2022,7.873054,80.771797,intrastate,0,Intrastate
Sri Lanka,LKA,2022,7.873054,80.771797,non_state,0,Non-state
Sri Lanka,LKA,2022,7.873054,80.771797,one_sided_violence,0,One-sided violence
Sri Lanka,LKA,2023,7.873054,80.771797,interstate,0,Interstate
Sri Lanka,LKA,2023,7.873054,80.771797,intrastate,0,Intrastate
Sri Lanka,LKA,2023,7.873054,80.771797,non_state,0,Non-state
Sri Lanka,LKA,2023,7.873054,80.771797,one_sided_violence,0,One-sided violence
Sri Lanka,LKA,2024,7.873054,80.771797,interstate,0,Interstate
Sri Lanka,LKA,2024,7.873054,80.771797,intrastate,0,Intrastate
Sri Lanka,LKA,2024,7.873054,80.771797,non_state,0,Non-state
Sri Lanka,LKA,2024,7.873054,80.771797,one_sided_violence,0,One-sided violence
Sudan,SDN,2015,12.862807,30.217636,interstate,0,Interstate
Sudan,SDN,2015,12.862807,30.217636,intrastate,1264,Intrastate
Sudan,SDN,2015,12.862807,30.217636,non_state,851,Non-state
Sudan,SDN,2015,12.862807,30.217636,one_sided_violence,370,One-sided violence
Sudan,SDN,2016,12.862807,30.217636,interstate,0,Interstate
Sudan,SDN,2016,12.862807,30.217636,intrastate,1309,Intrastate
Sudan,SDN,2016,12.862807,30.217636,non_state,137,Non-state
Sudan,SDN,2016,12.862807,30.217636,one_sided_violence,448,One-sided violence
Sudan,SDN,2017,12.862807,30.217636,interstate,0,Interstate
Sudan,SDN,2017,12.862807,30.217636,intrastate,160,Intrastate
Sudan,SDN,2017,12.862807,30.217636,non_state,279,Non-state
Sudan,SDN,2017,12.862807,30.217636,one_sided_violence,65,One-sided violence
Sudan,SDN,2018,12.862807,30.217636,interstate,0,Interstate
Sudan,SDN,2018,12.862807,30.217636,intrastate,243,Intrastate
Sudan,SDN,2018,12.862807,30.217636,non_state,46,Non-state
Sudan,SDN,2018,12.862807,30.217636,one_sided_violence,75,One-sided violence
Sudan,SDN,2019,12.862807,30.217636,interstate,0,Interstate
Sudan,SDN,2019,12.862807,30.217636,intrastate,0,Intrastate
Sudan,SDN,2019,12.862807,30.217636,non_state,179,Non-state
Sudan,SDN,2019,12.862807,30.217636,one_sided_violence,218,One-sided violence
Sudan,SDN,2020,12.862807,30.217636,interstate,0,Interstate
Sudan,SDN,2020,12.862807,30.217636,intrastate,45,Intrastate
Sudan,SDN,2020,12.862807,30.217636,non_state,455,Non-state
Sudan,SDN,2020,12.862807,30.217636,one_sided_violence,59,One-sided violence
Sudan,SDN,2021,12.862807,30.217636,interstate,0,Interstate
Sudan,SDN,2021,12.862807,30.217636,intrastate,31,Intrastate
Sudan,SDN,2021,12.862807,30.217636,non_state,680,Non-state
Sudan,SDN,2021,12.862807,30.217636,one_sided_violence,99,One-sided violence
Sudan,SDN,2022,12.862807,30.217636,interstate,0,Interstate
Sudan,SDN,2022,12.862807,30.217636,intrastate,56,Intrastate
Sudan,SDN,2022,12.862807,30.217636,non_state,1054,Non-state
Sudan,SDN,2022,12.862807,30.217636,one_sided_violence,74,One-sided violence
Sudan,SDN,2023,12.862807,30.217636,interstate,0,Interstate
Sudan,SDN,2023,12.862807,30.217636,intrastate,5353,Intrastate
Sudan,SDN,2023,12.862807,30.217636,non_state,617,Non-state
Sudan,SDN,2023,12.862807,30.217636,one_sided_violence,1784,One-sided violence
Sudan,SDN,2024,12.862807,30.217636,interstate,0,Interstate
Sudan,SDN,2024,12.862807,30.217636,intrastate,4680,Intrastate
Sudan,SDN,2024,12.862807,30.217636,non_state,0,Non-state
Sudan,SDN,2024,12.862807,30.217636,one_sided_violence,2316,One-sided violence
Suriname,SUR,2015,3.919305,-56.027783,interstate,0,Interstate
Suriname,SUR,2015,3.919305,-56.027783,intrastate,0,Intrastate
Suriname,SUR,2015,3.919305,-56.027783,non_state,0,Non-state
Suriname,SUR,2015,3.919305,-56.027783,one_sided_violence,0,One-sided violence
Suriname,SUR,2016,3.919305,-56.027783,interstate,0,Interstate
Suriname,SUR,2016,3.919305,-56.027783,intrastate,0,Intrastate
Suriname,SUR,2016,3.919305,-56.027783,non_state,0,Non-state
Suriname,SUR,2016,3.919305,-56.027783,one_sided_violence,0,One-sided violence
Suriname,SUR,2017,3.919305,-56.027783,interstate,0,Interstate
Suriname,SUR,2017,3.919305,-56.027783,intrastate,0,Intrastate
Suriname,SUR,2017,3.919305,-56.027783,non_state,0,Non-state
Suriname,SUR,2017,3.919305,-56.027783,one_sided_violence,0,One-sided violence
Suriname,SUR,2018,3.919305,-56.027783,interstate,0,Interstate
Suriname,SUR,2018,3.919305,-56.027783,intrastate,0,Intrastate
Suriname,SUR,2018,3.919305,-56.027783,non_state,0,Non-state
Suriname,SUR,2018,3.919305,-56.027783,one_sided_violence,0,One-sided violence
Suriname,SUR,2019,3.919305,-56.027783,interstate,0,Interstate
Suriname,SUR,2019,3.919305,-56.027783,intrastate,0,Intrastate
Suriname,SUR,2019,3.919305,-56.027783,non_state,0,Non-state
Suriname,SUR,2019,3.919305,-56.027783,one_sided_violence,0,One-sided violence
Suriname,SUR,2020,3.919305,-56.027783,interstate,0,Interstate
Suriname,SUR,2020,3.919305,-56.027783,intrastate,0,Intrastate
Suriname,SUR,2020,3.919305,-56.027783,non_state,0,Non-state
Suriname,SUR,2020,3.919305,-56.027783,one_sided_violence,0,One-sided violence
Suriname,SUR,2021,3.919305,-56.027783,interstate,0,Interstate
Suriname,SUR,2021,3.919305,-56.027783,intrastate,0,Intrastate
Suriname,SUR,2021,3.919305,-56.027783,non_state,0,Non-state
Suriname,SUR,2021,3.919305,-56.027783,one_sided_violence,0,One-sided violence
Suriname,SUR,2022,3.919305,-56.027783,interstate,0,Interstate
Suriname,SUR,2022,3.919305,-56.027783,intrastate,0,Intrastate
Suriname,SUR,2022,3.919305,-56.027783,non_state,0,Non-state
Suriname,SUR,2022,3.919305,-56.027783,one_sided_violence,0,One-sided violence
Suriname,SUR,2023,3.919305,-56.027783,interstate,0,Interstate
Suriname,SUR,2023,3.919305,-56.027783,intrastate,0,Intrastate
Suriname,SUR,2023,3.919305,-56.027783,non_state,0,Non-state
Suriname,SUR,2023,3.919305,-56.027783,one_sided_violence,0,One-sided violence
Suriname,SUR,2024,3.919305,-56.027783,interstate,0,Interstate
Suriname,SUR,2024,3.919305,-56.027783,intrastate,0,Intrastate
Suriname,SUR,2024,3.919305,-56.027783,non_state,0,Non-state
Suriname,SUR,2024,3.919305,-56.027783,one_sided_violence,0,One-sided violence
Sweden,SWE,2015,60.128161,18.643501,interstate,0,Interstate
Sweden,SWE,2015,60.128161,18.643501,intrastate,0,Intrastate
Sweden,SWE,2015,60.128161,18.643501,non_state,0,Non-state
Sweden,SWE,2015,60.128161,18.643501,one_sided_violence,0,One-sided violence
Sweden,SWE,2016,60.128161,18.643501,interstate,0,Interstate
Sweden,SWE,2016,60.128161,18.643501,intrastate,0,Intrastate
Sweden,SWE,2016,60.128161,18.643501,non_state,0,Non-state
Sweden,SWE,2016,60.128161,18.643501,one_sided_violence,0,One-sided violence
Sweden,SWE,2017,60.128161,18.643501,interstate,0,Interstate
Sweden,SWE,2017,60.128161,18.643501,intrastate,0,Intrastate
Sweden,SWE,2017,60.128161,18.643501,non_state,0,Non-state
Sweden,SWE,2017,60.128161,18.643501,one_sided_violence,5,One-sided violence
Sweden,SWE,2018,60.128161,18.643501,interstate,0,Interstate
Sweden,SWE,2018,60.128161,18.643501,intrastate,0,Intrastate
Sweden,SWE,2018,60.128161,18.643501,non_state,0,Non-state
Sweden,SWE,2018,60.128161,18.643501,one_sided_violence,0,One-sided violence
Sweden,SWE,2019,60.128161,18.643501,interstate,0,Interstate
Sweden,SWE,2019,60.128161,18.643501,intrastate,0,Intrastate
Sweden,SWE,2019,60.128161,18.643501,non_state,0,Non-state
Sweden,SWE,2019,60.128161,18.643501,one_sided_violence,0,One-sided violence
Sweden,SWE,2020,60.128161,18.643501,interstate,0,Interstate
Sweden,SWE,2020,60.128161,18.643501,intrastate,0,Intrastate
Sweden,SWE,2020,60.128161,18.643501,non_state,0,Non-state
Sweden,SWE,2020,60.128161,18.643501,one_sided_violence,0,One-sided violence
Sweden,SWE,2021,60.128161,18.643501,interstate,0,Interstate
Sweden,SWE,2021,60.128161,18.643501,intrastate,0,Intrastate
Sweden,SWE,2021,60.128161,18.643501,non_state,0,Non-state
Sweden,SWE,2021,60.128161,18.643501,one_sided_violence,0,One-sided violence
Sweden,SWE,2022,60.128161,18.643501,interstate,0,Interstate
Sweden,SWE,2022,60.128161,18.643501,intrastate,0,Intrastate
Sweden,SWE,2022,60.128161,18.643501,non_state,0,Non-state
Sweden,SWE,2022,60.128161,18.643501,one_sided_violence,0,One-sided violence
Sweden,SWE,2023,60.128161,18.643501,interstate,0,Interstate
Sweden,SWE,2023,60.128161,18.643501,intrastate,0,Intrastate
Sweden,SWE,2023,60.128161,18.643501,non_state,0,Non-state
Sweden,SWE,2023,60.128161,18.643501,one_sided_violence,0,One-sided violence
Sweden,SWE,2024,60.128161,18.643501,interstate,0,Interstate
Sweden,SWE,2024,60.128161,18.643501,intrastate,0,Intrastate
Sweden,SWE,2024,60.128161,18.643501,non_state,0,Non-state
Sweden,SWE,2024,60.128161,18.643501,one_sided_violence,0,One-sided violence
Switzerland,CHE,2015,46.818188,8.227512,interstate,0,Interstate
Switzerland,CHE,2015,46.818188,8.227512,intrastate,0,Intrastate
Switzerland,CHE,2015,46.818188,8.227512,non_state,0,Non-state
Switzerland,CHE,2015,46.818188,8.227512,one_sided_violence,0,One-sided violence
Switzerland,CHE,2016,46.818188,8.227512,interstate,0,Interstate
Switzerland,CHE,2016,46.818188,8.227512,intrastate,0,Intrastate
Switzerland,CHE,2016,46.818188,8.227512,non_state,0,Non-state
Switzerland,CHE,2016,46.818188,8.227512,one_sided_violence,0,One-sided violence
Switzerland,CHE,2017,46.818188,8.227512,interstate,0,Interstate
Switzerland,CHE,2017,46.818188,8.227512,intrastate,0,Intrastate
Switzerland,CHE,2017,46.818188,8.227512,non_state,0,Non-state
Switzerland,CHE,2017,46.818188,8.227512,one_sided_violence,0,One-sided violence
Switzerland,CHE,2018,46.818188,8.227512,interstate,0,Interstate
Switzerland,CHE,2018,46.818188,8.227512,intrastate,0,Intrastate
Switzerland,CHE,2018,46.818188,8.227512,non_state,0,Non-state
Switzerland,CHE,2018,46.818188,8.227512,one_sided_violence,0,One-sided violence
Switzerland,CHE,2019,46.818188,8.227512,interstate,0,Interstate
Switzerland,CHE,2019,46.818188,8.227512,intrastate,0,Intrastate
Switzerland,CHE,2019,46.818188,8.227512,non_state,0,Non-state
Switzerland,CHE,2019,46.818188,8.227512,one_sided_violence,0,One-sided violence
Switzerland,CHE,2020,46.818188,8.227512,interstate,0,Interstate
Switzerland,CHE,2020,46.818188,8.227512,intrastate,0,Intrastate
Switzerland,CHE,2020,46.818188,8.227512,non_state,0,Non-state
Switzerland,CHE,2020,46.818188,8.227512,one_sided_violence,0,One-sided violence
Switzerland,CHE,2021,46.818188,8.227512,interstate,0,Interstate
Switzerland,CHE,2021,46.818188,8.227512,intrastate,0,Intrastate
Switzerland,CHE,2021,46.818188,8.227512,non_state,0,Non-state
Switzerland,CHE,2021,46.818188,8.227512,one_sided_violence,0,One-sided violence
Switzerland,CHE,2022,46.818188,8.227512,interstate,0,Interstate
Switzerland,CHE,2022,46.818188,8.227512,intrastate,0,Intrastate
Switzerland,CHE,2022,46.818188,8.227512,non_state,0,Non-state
Switzerland,CHE,2022,46.818188,8.227512,one_sided_violence,0,One-sided violence
Switzerland,CHE,2023,46.818188,8.227512,interstate,0,Interstate
Switzerland,CHE,2023,46.818188,8.227512,intrastate,0,Intrastate
Switzerland,CHE,2023,46.818188,8.227512,non_state,0,Non-state
Switzerland,CHE,2023,46.818188,8.227512,one_sided_violence,0,One-sided violence
Switzerland,CHE,2024,46.818188,8.227512,interstate,0,Interstate
Switzerland,CHE,2024,46.818188,8.227512,intrastate,0,Intrastate
Switzerland,CHE,2024,46.818188,8.227512,non_state,0,Non-state
Switzerland,CHE,2024,46.818188,8.227512,one_sided_violence,0,One-sided violence
Syria,SYR,2015,34.802075,38.996815,interstate,0,Interstate
Syria,SYR,2015,34.802075,38.996815,intrastate,51080,Intrastate
Syria,SYR,2015,34.802075,38.996815,non_state,6462,Non-state
Syria,SYR,2015,34.802075,38.996815,one_sided_violence,2002,One-sided violence
Syria,SYR,2016,34.802075,38.996815,interstate,0,Interstate
Syria,SYR,2016,34.802075,38.996815,intrastate,44940,Intrastate
Syria,SYR,2016,34.802075,38.996815,non_state,7907,Non-state
Syria,SYR,2016,34.802075,38.996815,one_sided_violence,1004,One-sided violence
Syria,SYR,2017,34.802075,38.996815,interstate,0,Interstate
Syria,SYR,2017,34.802075,38.996815,intrastate,25037,Intrastate
Syria,SYR,2017,34.802075,38.996815,non_state,12464,Non-state
Syria,SYR,2017,34.802075,38.996815,one_sided_violence,971,One-sided violence
Syria,SYR,2018,34.802075,38.996815,interstate,111,Interstate
Syria,SYR,2018,34.802075,38.996815,intrastate,13135,Intrastate
Syria,SYR,2018,34.802075,38.996815,non_state,7659,Non-state
Syria,SYR,2018,34.802075,38.996815,one_sided_violence,774,One-sided violence
Syria,SYR,2019,34.802075,38.996815,interstate,138,Interstate
Syria,SYR,2019,34.802075,38.996815,intrastate,7401,Intrastate
Syria,SYR,2019,34.802075,38.996815,non_state,3485,Non-state
Syria,SYR,2019,34.802075,38.996815,one_sided_violence,144,One-sided violence
Syria,SYR,2020,34.802075,38.996815,interstate,272,Interstate
Syria,SYR,2020,34.802075,38.996815,intrastate,4590,Intrastate
Syria,SYR,2020,34.802075,38.996815,non_state,716,Non-state
Syria,SYR,2020,34.802075,38.996815,one_sided_violence,72,One-sided violence
Syria,SYR,2021,34.802075,38.996815,interstate,166,Interstate
Syria,SYR,2021,34.802075,38.996815,intrastate,1357,Intrastate
Syria,SYR,2021,34.802075,38.996815,non_state,307,Non-state
Syria,SYR,2021,34.802075,38.996815,one_sided_violence,73,One-sided violence
Syria,SYR,2022,34.802075,38.996815,interstate,55,Interstate
Syria,SYR,2022,34.802075,38.996815,intrastate,911,Intrastate
Syria,SYR,2022,34.802075,38.996815,non_state,612,Non-state
Syria,SYR,2022,34.802075,38.996815,one_sided_violence,73,One-sided violence
Syria,SYR,2023,34.802075,38.996815,interstate,160,Interstate
Syria,SYR,2023,34.802075,38.996815,intrastate,1500,Intrastate
Syria,SYR,2023,34.802075,38.996815,non_state,470,Non-state
Syria,SYR,2023,34.802075,38.996815,one_sided_violence,40,One-sided violence
Syria,SYR,2024,34.802075,38.996815,interstate,537,Interstate
Syria,SYR,2024,34.802075,38.996815,intrastate,2212,Intrastate
Syria,SYR,2024,34.802075,38.996815,non_state,712,Non-state
Syria,SYR,2024,34.802075,38.996815,one_sided_violence,125,One-sided violence
Taiwan,TWN,2015,23.69781,120.960515,interstate,0,Interstate
Taiwan,TWN,2015,23.69781,120.960515,intrastate,0,Intrastate
Taiwan,TWN,2015,23.69781,120.960515,non_state,0,Non-state
Taiwan,TWN,2015,23.69781,120.960515,one_sided_violence,0,One-sided violence
Taiwan,TWN,2016,23.69781,120.960515,interstate,0,Interstate
Taiwan,TWN,2016,23.69781,120.960515,intrastate,0,Intrastate
Taiwan,TWN,2016,23.69781,120.960515,non_state,0,Non-state
Taiwan,TWN,2016,23.69781,120.960515,one_sided_violence,0,One-sided violence
Taiwan,TWN,2017,23.69781,120.960515,interstate,0,Interstate
Taiwan,TWN,2017,23.69781,120.960515,intrastate,0,Intrastate
Taiwan,TWN,2017,23.69781,120.960515,non_state,0,Non-state
Taiwan,TWN,2017,23.69781,120.960515,one_sided_violence,0,One-sided violence
Taiwan,TWN,2018,23.69781,120.960515,interstate,0,Interstate
Taiwan,TWN,2018,23.69781,120.960515,intrastate,0,Intrastate
Taiwan,TWN,2018,23.69781,120.960515,non_state,0,Non-state
Taiwan,TWN,2018,23.69781,120.960515,one_sided_violence,0,One-sided violence
Taiwan,TWN,2019,23.69781,120.960515,interstate,0,Interstate
Taiwan,TWN,2019,23.69781,120.960515,intrastate,0,Intrastate
Taiwan,TWN,2019,23.69781,120.960515,non_state,0,Non-state
Taiwan,TWN,2019,23.69781,120.960515,one_sided_violence,0,One-sided violence
Taiwan,TWN,2020,23.69781,120.960515,interstate,0,Interstate
Taiwan,TWN,2020,23.69781,120.960515,intrastate,0,Intrastate
Taiwan,TWN,2020,23.69781,120.960515,non_state,0,Non-state
Taiwan,TWN,2020,23.69781,120.960515,one_sided_violence,0,One-sided violence
Taiwan,TWN,2021,23.69781,120.960515,interstate,0,Interstate
Taiwan,TWN,2021,23.69781,120.960515,intrastate,0,Intrastate
Taiwan,TWN,2021,23.69781,120.960515,non_state,0,Non-state
Taiwan,TWN,2021,23.69781,120.960515,one_sided_violence,0,One-sided violence
Taiwan,TWN,2022,23.69781,120.960515,interstate,0,Interstate
Taiwan,TWN,2022,23.69781,120.960515,intrastate,0,Intrastate
Taiwan,TWN,2022,23.69781,120.960515,non_state,0,Non-state
Taiwan,TWN,2022,23.69781,120.960515,one_sided_violence,0,One-sided violence
Taiwan,TWN,2023,23.69781,120.960515,interstate,0,Interstate
Taiwan,TWN,2023,23.69781,120.960515,intrastate,0,Intrastate
Taiwan,TWN,2023,23.69781,120.960515,non_state,0,Non-state
Taiwan,TWN,2023,23.69781,120.960515,one_sided_violence,0,One-sided violence
Taiwan,TWN,2024,23.69781,120.960515,interstate,0,Interstate
Taiwan,TWN,2024,23.69781,120.960515,intrastate,0,Intrastate
Taiwan,TWN,2024,23.69781,120.960515,non_state,0,Non-state
Taiwan,TWN,2024,23.69781,120.960515,one_sided_violence,0,One-sided violence
Tajikistan,TJK,2015,38.861034,71.276093,interstate,0,Interstate
Tajikistan,TJK,2015,38.861034,71.276093,intrastate,0,Intrastate
Tajikistan,TJK,2015,38.861034,71.276093,non_state,0,Non-state
Tajikistan,TJK,2015,38.861034,71.276093,one_sided_violence,0,One-sided violence
Tajikistan,TJK,2016,38.861034,71.276093,interstate,0,Interstate
Tajikistan,TJK,2016,38.861034,71.276093,intrastate,0,Intrastate
Tajikistan,TJK,2016,38.861034,71.276093,non_state,0,Non-state
Tajikistan,TJK,2016,38.861034,71.276093,one_sided_violence,0,One-sided violence
Tajikistan,TJK,2017,38.861034,71.276093,interstate,0,Interstate
Tajikistan,TJK,2017,38.861034,71.276093,intrastate,0,Intrastate
Tajikistan,TJK,2017,38.861034,71.276093,non_state,0,Non-state
Tajikistan,TJK,2017,38.861034,71.276093,one_sided_violence,0,One-sided violence
Tajikistan,TJK,2018,38.861034,71.276093,interstate,0,Interstate
Tajikistan,TJK,2018,38.861034,71.276093,intrastate,52,Intrastate
Tajikistan,TJK,2018,38.861034,71.276093,non_state,0,Non-state
Tajikistan,TJK,2018,38.861034,71.276093,one_sided_violence,4,One-sided violence
Tajikistan,TJK,2019,38.861034,71.276093,interstate,0,Interstate
Tajikistan,TJK,2019,38.861034,71.276093,intrastate,49,Intrastate
Tajikistan,TJK,2019,38.861034,71.276093,non_state,0,Non-state
Tajikistan,TJK,2019,38.861034,71.276093,one_sided_violence,0,One-sided violence
Tajikistan,TJK,2020,38.861034,71.276093,interstate,0,Interstate
Tajikistan,TJK,2020,38.861034,71.276093,intrastate,0,Intrastate
Tajikistan,TJK,2020,38.861034,71.276093,non_state,0,Non-state
Tajikistan,TJK,2020,38.861034,71.276093,one_sided_violence,0,One-sided violence
Tajikistan,TJK,2021,38.861034,71.276093,interstate,17,Interstate
Tajikistan,TJK,2021,38.861034,71.276093,intrastate,0,Intrastate
Tajikistan,TJK,2021,38.861034,71.276093,non_state,0,Non-state
Tajikistan,TJK,2021,38.861034,71.276093,one_sided_violence,0,One-sided violence
Tajikistan,TJK,2022,38.861034,71.276093,interstate,95,Interstate
Tajikistan,TJK,2022,38.861034,71.276093,intrastate,0,Intrastate
Tajikistan,TJK,2022,38.861034,71.276093,non_state,0,Non-state
Tajikistan,TJK,2022,38.861034,71.276093,one_sided_violence,0,One-sided violence
Tajikistan,TJK,2023,38.861034,71.276093,interstate,0,Interstate
Tajikistan,TJK,2023,38.861034,71.276093,intrastate,0,Intrastate
Tajikistan,TJK,2023,38.861034,71.276093,non_state,0,Non-state
Tajikistan,TJK,2023,38.861034,71.276093,one_sided_violence,0,One-sided violence
Tajikistan,TJK,2024,38.861034,71.276093,interstate,0,Interstate
Tajikistan,TJK,2024,38.861034,71.276093,intrastate,0,Intrastate
Tajikistan,TJK,2024,38.861034,71.276093,non_state,0,Non-state
Tajikistan,TJK,2024,38.861034,71.276093,one_sided_violence,0,One-sided violence
Tanzania,TZA,2015,-6.369028,34.888822,interstate,0,Interstate
Tanzania,TZA,2015,-6.369028,34.888822,intrastate,0,Intrastate
Tanzania,TZA,2015,-6.369028,34.888822,non_state,0,Non-state
Tanzania,TZA,2015,-6.369028,34.888822,one_sided_violence,0,One-sided violence
Tanzania,TZA,2016,-6.369028,34.888822,interstate,0,Interstate
Tanzania,TZA,2016,-6.369028,34.888822,intrastate,0,Intrastate
Tanzania,TZA,2016,-6.369028,34.888822,non_state,0,Non-state
Tanzania,TZA,2016,-6.369028,34.888822,one_sided_violence,0,One-sided violence
Tanzania,TZA,2017,-6.369028,34.888822,interstate,0,Interstate
Tanzania,TZA,2017,-6.369028,34.888822,intrastate,0,Intrastate
Tanzania,TZA,2017,-6.369028,34.888822,non_state,0,Non-state
Tanzania,TZA,2017,-6.369028,34.888822,one_sided_violence,1,One-sided violence
Tanzania,TZA,2018,-6.369028,34.888822,interstate,0,Interstate
Tanzania,TZA,2018,-6.369028,34.888822,intrastate,0,Intrastate
Tanzania,TZA,2018,-6.369028,34.888822,non_state,0,Non-state
Tanzania,TZA,2018,-6.369028,34.888822,one_sided_violence,0,One-sided violence
Tanzania,TZA,2019,-6.369028,34.888822,interstate,0,Interstate
Tanzania,TZA,2019,-6.369028,34.888822,intrastate,0,Intrastate
Tanzania,TZA,2019,-6.369028,34.888822,non_state,0,Non-state
Tanzania,TZA,2019,-6.369028,34.888822,one_sided_violence,6,One-sided violence
Tanzania,TZA,2020,-6.369028,34.888822,interstate,0,Interstate
Tanzania,TZA,2020,-6.369028,34.888822,intrastate,25,Intrastate
Tanzania,TZA,2020,-6.369028,34.888822,non_state,0,Non-state
Tanzania,TZA,2020,-6.369028,34.888822,one_sided_violence,0,One-sided violence
Tanzania,TZA,2021,-6.369028,34.888822,interstate,0,Interstate
Tanzania,TZA,2021,-6.369028,34.888822,intrastate,0,Intrastate
Tanzania,TZA,2021,-6.369028,34.888822,non_state,0,Non-state
Tanzania,TZA,2021,-6.369028,34.888822,one_sided_violence,12,One-sided violence
Tanzania,TZA,2022,-6.369028,34.888822,interstate,0,Interstate
Tanzania,TZA,2022,-6.369028,34.888822,intrastate,0,Intrastate
Tanzania,TZA,2022,-6.369028,34.888822,non_state,0,Non-state
Tanzania,TZA,2022,-6.369028,34.888822,one_sided_violence,0,One-sided violence
Tanzania,TZA,2023,-6.369028,34.888822,interstate,0,Interstate
Tanzania,TZA,2023,-6.369028,34.888822,intrastate,0,Intrastate
Tanzania,TZA,2023,-6.369028,34.888822,non_state,0,Non-state
Tanzania,TZA,2023,-6.369028,34.888822,one_sided_violence,0,One-sided violence
Tanzania,TZA,2024,-6.369028,34.888822,interstate,0,Interstate
Tanzania,TZA,2024,-6.369028,34.888822,intrastate,0,Intrastate
Tanzania,TZA,2024,-6.369028,34.888822,non_state,0,Non-state
Tanzania,TZA,2024,-6.369028,34.888822,one_sided_violence,0,One-sided violence
Thailand,THA,2015,15.870032,100.992541,interstate,0,Interstate
Thailand,THA,2015,15.870032,100.992541,intrastate,57,Intrastate
Thailand,THA,2015,15.870032,100.992541,non_state,0,Non-state
Thailand,THA,2015,15.870032,100.992541,one_sided_violence,27,One-sided violence
Thailand,THA,2016,15.870032,100.992541,interstate,0,Interstate
Thailand,THA,2016,15.870032,100.992541,intrastate,50,Intrastate
Thailand,THA,2016,15.870032,100.992541,non_state,0,Non-state
Thailand,THA,2016,15.870032,100.992541,one_sided_violence,0,One-sided violence
Thailand,THA,2017,15.870032,100.992541,interstate,0,Interstate
Thailand,THA,2017,15.870032,100.992541,intrastate,43,Intrastate
Thailand,THA,2017,15.870032,100.992541,non_state,0,Non-state
Thailand,THA,2017,15.870032,100.992541,one_sided_violence,0,One-sided violence
Thailand,THA,2018,15.870032,100.992541,interstate,0,Interstate
Thailand,THA,2018,15.870032,100.992541,intrastate,36,Intrastate
Thailand,THA,2018,15.870032,100.992541,non_state,0,Non-state
Thailand,THA,2018,15.870032,100.992541,one_sided_violence,25,One-sided violence
Thailand,THA,2019,15.870032,100.992541,interstate,0,Interstate
Thailand,THA,2019,15.870032,100.992541,intrastate,55,Intrastate
Thailand,THA,2019,15.870032,100.992541,non_state,0,Non-state
Thailand,THA,2019,15.870032,100.992541,one_sided_violence,0,One-sided violence
Thailand,THA,2020,15.870032,100.992541,interstate,0,Interstate
Thailand,THA,2020,15.870032,100.992541,intrastate,46,Intrastate
Thailand,THA,2020,15.870032,100.992541,non_state,0,Non-state
Thailand,THA,2020,15.870032,100.992541,one_sided_violence,0,One-sided violence
Thailand,THA,2021,15.870032,100.992541,interstate,0,Interstate
Thailand,THA,2021,15.870032,100.992541,intrastate,38,Intrastate
Thailand,THA,2021,15.870032,100.992541,non_state,0,Non-state
Thailand,THA,2021,15.870032,100.992541,one_sided_violence,0,One-sided violence
Thailand,THA,2022,15.870032,100.992541,interstate,0,Interstate
Thailand,THA,2022,15.870032,100.992541,intrastate,29,Intrastate
Thailand,THA,2022,15.870032,100.992541,non_state,0,Non-state
Thailand,THA,2022,15.870032,100.992541,one_sided_violence,0,One-sided violence
Thailand,THA,2023,15.870032,100.992541,interstate,0,Interstate
Thailand,THA,2023,15.870032,100.992541,intrastate,30,Intrastate
Thailand,THA,2023,15.870032,100.992541,non_state,0,Non-state
Thailand,THA,2023,15.870032,100.992541,one_sided_violence,0,One-sided violence
Thailand,THA,2024,15.870032,100.992541,interstate,0,Interstate
Thailand,THA,2024,15.870032,100.992541,intrastate,35,Intrastate
Thailand,THA,2024,15.870032,100.992541,non_state,0,Non-state
Thailand,THA,2024,15.870032,100.992541,one_sided_violence,0,One-sided violence
Togo,TGO,2015,8.619543,0.824782,interstate,0,Interstate
Togo,TGO,2015,8.619543,0.824782,intrastate,0,Intrastate
Togo,TGO,2015,8.619543,0.824782,non_state,0,Non-state
Togo,TGO,2015,8.619543,0.824782,one_sided_violence,0,One-sided violence
Togo,TGO,2016,8.619543,0.824782,interstate,0,Interstate
Togo,TGO,2016,8.619543,0.824782,intrastate,0,Intrastate
Togo,TGO,2016,8.619543,0.824782,non_state,0,Non-state
Togo,TGO,2016,8.619543,0.824782,one_sided_violence,0,One-sided violence
Togo,TGO,2017,8.619543,0.824782,interstate,0,Interstate
Togo,TGO,2017,8.619543,0.824782,intrastate,0,Intrastate
Togo,TGO,2017,8.619543,0.824782,non_state,0,Non-state
Togo,TGO,2017,8.619543,0.824782,one_sided_violence,0,One-sided violence
Togo,TGO,2018,8.619543,0.824782,interstate,0,Interstate
Togo,TGO,2018,8.619543,0.824782,intrastate,0,Intrastate
Togo,TGO,2018,8.619543,0.824782,non_state,0,Non-state
Togo,TGO,2018,8.619543,0.824782,one_sided_violence,0,One-sided violence
Togo,TGO,2019,8.619543,0.824782,interstate,0,Interstate
Togo,TGO,2019,8.619543,0.824782,intrastate,0,Intrastate
Togo,TGO,2019,8.619543,0.824782,non_state,0,Non-state
Togo,TGO,2019,8.619543,0.824782,one_sided_violence,0,One-sided violence
Togo,TGO,2020,8.619543,0.824782,interstate,0,Interstate
Togo,TGO,2020,8.619543,0.824782,intrastate,0,Intrastate
Togo,TGO,2020,8.619543,0.824782,non_state,0,Non-state
Togo,TGO,2020,8.619543,0.824782,one_sided_violence,0,One-sided violence
Togo,TGO,2021,8.619543,0.824782,interstate,0,Interstate
Togo,TGO,2021,8.619543,0.824782,intrastate,0,Intrastate
Togo,TGO,2021,8.619543,0.824782,non_state,0,Non-state
Togo,TGO,2021,8.619543,0.824782,one_sided_violence,0,One-sided violence
Togo,TGO,2022,8.619543,0.824782,interstate,0,Interstate
Togo,TGO,2022,8.619543,0.824782,intrastate,34,Intrastate
Togo,TGO,2022,8.619543,0.824782,non_state,0,Non-state
Togo,TGO,2022,8.619543,0.824782,one_sided_violence,28,One-sided violence
Togo,TGO,2023,8.619543,0.824782,interstate,0,Interstate
Togo,TGO,2023,8.619543,0.824782,intrastate,29,Intrastate
Togo,TGO,2023,8.619543,0.824782,non_state,0,Non-state
Togo,TGO,2023,8.619543,0.824782,one_sided_violence,47,One-sided violence
Togo,TGO,2024,8.619543,0.824782,interstate,0,Interstate
Togo,TGO,2024,8.619543,0.824782,intrastate,46,Intrastate
Togo,TGO,2024,8.619543,0.824782,non_state,0,Non-state
Togo,TGO,2024,8.619543,0.824782,one_sided_violence,22,One-sided violence
Tonga,TON,2015,-21.178986,-175.198242,interstate,0,Interstate
Tonga,TON,2015,-21.178986,-175.198242,intrastate,0,Intrastate
Tonga,TON,2015,-21.178986,-175.198242,non_state,0,Non-state
Tonga,TON,2015,-21.178986,-175.198242,one_sided_violence,0,One-sided violence
Tonga,TON,2016,-21.178986,-175.198242,interstate,0,Interstate
Tonga,TON,2016,-21.178986,-175.198242,intrastate,0,Intrastate
Tonga,TON,2016,-21.178986,-175.198242,non_state,0,Non-state
Tonga,TON,2016,-21.178986,-175.198242,one_sided_violence,0,One-sided violence
Tonga,TON,2017,-21.178986,-175.198242,interstate,0,Interstate
Tonga,TON,2017,-21.178986,-175.198242,intrastate,0,Intrastate
Tonga,TON,2017,-21.178986,-175.198242,non_state,0,Non-state
Tonga,TON,2017,-21.178986,-175.198242,one_sided_violence,0,One-sided violence
Tonga,TON,2018,-21.178986,-175.198242,interstate,0,Interstate
Tonga,TON,2018,-21.178986,-175.198242,intrastate,0,Intrastate
Tonga,TON,2018,-21.178986,-175.198242,non_state,0,Non-state
Tonga,TON,2018,-21.178986,-175.198242,one_sided_violence,0,One-sided violence
Tonga,TON,2019,-21.178986,-175.198242,interstate,0,Interstate
Tonga,TON,2019,-21.178986,-175.198242,intrastate,0,Intrastate
Tonga,TON,2019,-21.178986,-175.198242,non_state,0,Non-state
Tonga,TON,2019,-21.178986,-175.198242,one_sided_violence,0,One-sided violence
Tonga,TON,2020,-21.178986,-175.198242,interstate,0,Interstate
Tonga,TON,2020,-21.178986,-175.198242,intrastate,0,Intrastate
Tonga,TON,2020,-21.178986,-175.198242,non_state,0,Non-state
Tonga,TON,2020,-21.178986,-175.198242,one_sided_violence,0,One-sided violence
Tonga,TON,2021,-21.178986,-175.198242,interstate,0,Interstate
Tonga,TON,2021,-21.178986,-175.198242,intrastate,0,Intrastate
Tonga,TON,2021,-21.178986,-175.198242,non_state,0,Non-state
Tonga,TON,2021,-21.178986,-175.198242,one_sided_violence,0,One-sided violence
Tonga,TON,2022,-21.178986,-175.198242,interstate,0,Interstate
Tonga,TON,2022,-21.178986,-175.198242,intrastate,0,Intrastate
Tonga,TON,2022,-21.178986,-175.198242,non_state,0,Non-state
Tonga,TON,2022,-21.178986,-175.198242,one_sided_violence,0,One-sided violence
Tonga,TON,2023,-21.178986,-175.198242,interstate,0,Interstate
Tonga,TON,2023,-21.178986,-175.198242,intrastate,0,Intrastate
Tonga,TON,2023,-21.178986,-175.198242,non_state,0,Non-state
Tonga,TON,2023,-21.178986,-175.198242,one_sided_violence,0,One-sided violence
Tonga,TON,2024,-21.178986,-175.198242,interstate,0,Interstate
Tonga,TON,2024,-21.178986,-175.198242,intrastate,0,Intrastate
Tonga,TON,2024,-21.178986,-175.198242,non_state,0,Non-state
Tonga,TON,2024,-21.178986,-175.198242,one_sided_violence,0,One-sided violence
Trinidad and Tobago,TTO,2015,10.691803,-61.222503,interstate,0,Interstate
Trinidad and Tobago,TTO,2015,10.691803,-61.222503,intrastate,0,Intrastate
Trinidad and Tobago,TTO,2015,10.691803,-61.222503,non_state,0,Non-state
Trinidad and Tobago,TTO,2015,10.691803,-61.222503,one_sided_violence,0,One-sided violence
Trinidad and Tobago,TTO,2016,10.691803,-61.222503,interstate,0,Interstate
Trinidad and Tobago,TTO,2016,10.691803,-61.222503,intrastate,0,Intrastate
Trinidad and Tobago,TTO,2016,10.691803,-61.222503,non_state,0,Non-state
Trinidad and Tobago,TTO,2016,10.691803,-61.222503,one_sided_violence,0,One-sided violence
Trinidad and Tobago,TTO,2017,10.691803,-61.222503,interstate,0,Interstate
Trinidad and Tobago,TTO,2017,10.691803,-61.222503,intrastate,0,Intrastate
Trinidad and Tobago,TTO,2017,10.691803,-61.222503,non_state,0,Non-state
Trinidad and Tobago,TTO,2017,10.691803,-61.222503,one_sided_violence,0,One-sided violence
Trinidad and Tobago,TTO,2018,10.691803,-61.222503,interstate,0,Interstate
Trinidad and Tobago,TTO,2018,10.691803,-61.222503,intrastate,0,Intrastate
Trinidad and Tobago,TTO,2018,10.691803,-61.222503,non_state,0,Non-state
Trinidad and Tobago,TTO,2018,10.691803,-61.222503,one_sided_violence,0,One-sided violence
Trinidad and Tobago,TTO,2019,10.691803,-61.222503,interstate,0,Interstate
Trinidad and Tobago,TTO,2019,10.691803,-61.222503,intrastate,0,Intrastate
Trinidad and Tobago,TTO,2019,10.691803,-61.222503,non_state,0,Non-state
Trinidad and Tobago,TTO,2019,10.691803,-61.222503,one_sided_violence,0,One-sided violence
Trinidad and Tobago,TTO,2020,10.691803,-61.222503,interstate,0,Interstate
Trinidad and Tobago,TTO,2020,10.691803,-61.222503,intrastate,0,Intrastate
Trinidad and Tobago,TTO,2020,10.691803,-61.222503,non_state,0,Non-state
Trinidad and Tobago,TTO,2020,10.691803,-61.222503,one_sided_violence,0,One-sided violence
Trinidad and Tobago,TTO,2021,10.691803,-61.222503,interstate,0,Interstate
Trinidad and Tobago,TTO,2021,10.691803,-61.222503,intrastate,0,Intrastate
Trinidad and Tobago,TTO,2021,10.691803,-61.222503,non_state,0,Non-state
Trinidad and Tobago,TTO,2021,10.691803,-61.222503,one_sided_violence,0,One-sided violence
Trinidad and Tobago,TTO,2022,10.691803,-61.222503,interstate,0,Interstate
Trinidad and Tobago,TTO,2022,10.691803,-61.222503,intrastate,0,Intrastate
Trinidad and Tobago,TTO,2022,10.691803,-61.222503,non_state,0,Non-state
Trinidad and Tobago,TTO,2022,10.691803,-61.222503,one_sided_violence,0,One-sided violence
Trinidad and Tobago,TTO,2023,10.691803,-61.222503,interstate,0,Interstate
Trinidad and Tobago,TTO,2023,10.691803,-61.222503,intrastate,0,Intrastate
Trinidad and Tobago,TTO,2023,10.691803,-61.222503,non_state,0,Non-state
Trinidad and Tobago,TTO,2023,10.691803,-61.222503,one_sided_violence,0,One-sided violence
Trinidad and Tobago,TTO,2024,10.691803,-61.222503,interstate,0,Interstate
Trinidad and Tobago,TTO,2024,10.691803,-61.222503,intrastate,0,Intrastate
Trinidad and Tobago,TTO,2024,10.691803,-61.222503,non_state,0,Non-state
Trinidad and Tobago,TTO,2024,10.691803,-61.222503,one_sided_violence,0,One-sided violence
Tunisia,TUN,2015,33.886917,9.537499,interstate,0,Interstate
Tunisia,TUN,2015,33.886917,9.537499,intrastate,59,Intrastate
Tunisia,TUN,2015,33.886917,9.537499,non_state,0,Non-state
Tunisia,TUN,2015,33.886917,9.537499,one_sided_violence,59,One-sided violence
Tunisia,TUN,2016,33.886917,9.537499,interstate,0,Interstate
Tunisia,TUN,2016,33.886917,9.537499,intrastate,71,Intrastate
Tunisia,TUN,2016,33.886917,9.537499,non_state,0,Non-state
Tunisia,TUN,2016,33.886917,9.537499,one_sided_violence,0,One-sided violence
Tunisia,TUN,2017,33.886917,9.537499,interstate,0,Interstate
Tunisia,TUN,2017,33.886917,9.537499,intrastate,0,Intrastate
Tunisia,TUN,2017,33.886917,9.537499,non_state,0,Non-state
Tunisia,TUN,2017,33.886917,9.537499,one_sided_violence,0,One-sided violence
Tunisia,TUN,2018,33.886917,9.537499,interstate,0,Interstate
Tunisia,TUN,2018,33.886917,9.537499,intrastate,0,Intrastate
Tunisia,TUN,2018,33.886917,9.537499,non_state,0,Non-state
Tunisia,TUN,2018,33.886917,9.537499,one_sided_violence,0,One-sided violence
Tunisia,TUN,2019,33.886917,9.537499,interstate,0,Interstate
Tunisia,TUN,2019,33.886917,9.537499,intrastate,0,Intrastate
Tunisia,TUN,2019,33.886917,9.537499,non_state,0,Non-state
Tunisia,TUN,2019,33.886917,9.537499,one_sided_violence,0,One-sided violence
Tunisia,TUN,2020,33.886917,9.537499,interstate,0,Interstate
Tunisia,TUN,2020,33.886917,9.537499,intrastate,0,Intrastate
Tunisia,TUN,2020,33.886917,9.537499,non_state,0,Non-state
Tunisia,TUN,2020,33.886917,9.537499,one_sided_violence,0,One-sided violence
Tunisia,TUN,2021,33.886917,9.537499,interstate,0,Interstate
Tunisia,TUN,2021,33.886917,9.537499,intrastate,0,Intrastate
Tunisia,TUN,2021,33.886917,9.537499,non_state,0,Non-state
Tunisia,TUN,2021,33.886917,9.537499,one_sided_violence,0,One-sided violence
Tunisia,TUN,2022,33.886917,9.537499,interstate,0,Interstate
Tunisia,TUN,2022,33.886917,9.537499,intrastate,0,Intrastate
Tunisia,TUN,2022,33.886917,9.537499,non_state,0,Non-state
Tunisia,TUN,2022,33.886917,9.537499,one_sided_violence,0,One-sided violence
Tunisia,TUN,2023,33.886917,9.537499,interstate,0,Interstate
Tunisia,TUN,2023,33.886917,9.537499,intrastate,0,Intrastate
Tunisia,TUN,2023,33.886917,9.537499,non_state,0,Non-state
Tunisia,TUN,2023,33.886917,9.537499,one_sided_violence,0,One-sided violence
Tunisia,TUN,2024,33.886917,9.537499,interstate,0,Interstate
Tunisia,TUN,2024,33.886917,9.537499,intrastate,0,Intrastate
Tunisia,TUN,2024,33.886917,9.537499,non_state,0,Non-state
Tunisia,TUN,2024,33.886917,9.537499,one_sided_violence,0,One-sided violence
Turkey,TUR,2015,38.963745,35.243322,interstate,0,Interstate
Turkey,TUR,2015,38.963745,35.243322,intrastate,908,Intrastate
Turkey,TUR,2015,38.963745,35.243322,non_state,0,Non-state
Turkey,TUR,2015,38.963745,35.243322,one_sided_violence,141,One-sided violence
Turkey,TUR,2016,38.963745,35.243322,interstate,0,Interstate
Turkey,TUR,2016,38.963745,35.243322,intrastate,1414,Intrastate
Turkey,TUR,2016,38.963745,35.243322,non_state,0,Non-state
Turkey,TUR,2016,38.963745,35.243322,one_sided_violence,107,One-sided violence
Turkey,TUR,2017,38.963745,35.243322,interstate,0,Interstate
Turkey,TUR,2017,38.963745,35.243322,intrastate,396,Intrastate
Turkey,TUR,2017,38.963745,35.243322,non_state,0,Non-state
Turkey,TUR,2017,38.963745,35.243322,one_sided_violence,39,One-sided violence
Turkey,TUR,2018,38.963745,35.243322,interstate,0,Interstate
Turkey,TUR,2018,38.963745,35.243322,intrastate,454,Intrastate
Turkey,TUR,2018,38.963745,35.243322,non_state,6,Non-state
Turkey,TUR,2018,38.963745,35.243322,one_sided_violence,0,One-sided violence
Turkey,TUR,2019,38.963745,35.243322,interstate,0,Interstate
Turkey,TUR,2019,38.963745,35.243322,intrastate,278,Intrastate
Turkey,TUR,2019,38.963745,35.243322,non_state,21,Non-state
Turkey,TUR,2019,38.963745,35.243322,one_sided_violence,0,One-sided violence
Turkey,TUR,2020,38.963745,35.243322,interstate,0,Interstate
Turkey,TUR,2020,38.963745,35.243322,intrastate,208,Intrastate
Turkey,TUR,2020,38.963745,35.243322,non_state,0,Non-state
Turkey,TUR,2020,38.963745,35.243322,one_sided_violence,0,One-sided violence
Turkey,TUR,2021,38.963745,35.243322,interstate,0,Interstate
Turkey,TUR,2021,38.963745,35.243322,intrastate,130,Intrastate
Turkey,TUR,2021,38.963745,35.243322,non_state,2,Non-state
Turkey,TUR,2021,38.963745,35.243322,one_sided_violence,0,One-sided violence
Turkey,TUR,2022,38.963745,35.243322,interstate,0,Interstate
Turkey,TUR,2022,38.963745,35.243322,intrastate,96,Intrastate
Turkey,TUR,2022,38.963745,35.243322,non_state,4,Non-state
Turkey,TUR,2022,38.963745,35.243322,one_sided_violence,0,One-sided violence
Turkey,TUR,2023,38.963745,35.243322,interstate,0,Interstate
Turkey,TUR,2023,38.963745,35.243322,intrastate,106,Intrastate
Turkey,TUR,2023,38.963745,35.243322,non_state,0,Non-state
Turkey,TUR,2023,38.963745,35.243322,one_sided_violence,0,One-sided violence
Turkey,TUR,2024,38.963745,35.243322,interstate,0,Interstate
Turkey,TUR,2024,38.963745,35.243322,intrastate,34,Intrastate
Turkey,TUR,2024,38.963745,35.243322,non_state,0,Non-state
Turkey,TUR,2024,38.963745,35.243322,one_sided_violence,1,One-sided violence
Turkmenistan,TKM,2015,38.969719,59.556278,interstate,0,Interstate
Turkmenistan,TKM,2015,38.969719,59.556278,intrastate,0,Intrastate
Turkmenistan,TKM,2015,38.969719,59.556278,non_state,0,Non-state
Turkmenistan,TKM,2015,38.969719,59.556278,one_sided_violence,0,One-sided violence
Turkmenistan,TKM,2016,38.969719,59.556278,interstate,0,Interstate
Turkmenistan,TKM,2016,38.969719,59.556278,intrastate,0,Intrastate
Turkmenistan,TKM,2016,38.969719,59.556278,non_state,0,Non-state
Turkmenistan,TKM,2016,38.969719,59.556278,one_sided_violence,0,One-sided violence
Turkmenistan,TKM,2017,38.969719,59.556278,interstate,0,Interstate
Turkmenistan,TKM,2017,38.969719,59.556278,intrastate,0,Intrastate
Turkmenistan,TKM,2017,38.969719,59.556278,non_state,0,Non-state
Turkmenistan,TKM,2017,38.969719,59.556278,one_sided_violence,0,One-sided violence
Turkmenistan,TKM,2018,38.969719,59.556278,interstate,0,Interstate
Turkmenistan,TKM,2018,38.969719,59.556278,intrastate,0,Intrastate
Turkmenistan,TKM,2018,38.969719,59.556278,non_state,0,Non-state
Turkmenistan,TKM,2018,38.969719,59.556278,one_sided_violence,0,One-sided violence
Turkmenistan,TKM,2019,38.969719,59.556278,interstate,0,Interstate
Turkmenistan,TKM,2019,38.969719,59.556278,intrastate,0,Intrastate
Turkmenistan,TKM,2019,38.969719,59.556278,non_state,0,Non-state
Turkmenistan,TKM,2019,38.969719,59.556278,one_sided_violence,0,One-sided violence
Turkmenistan,TKM,2020,38.969719,59.556278,interstate,0,Interstate
Turkmenistan,TKM,2020,38.969719,59.556278,intrastate,0,Intrastate
Turkmenistan,TKM,2020,38.969719,59.556278,non_state,0,Non-state
Turkmenistan,TKM,2020,38.969719,59.556278,one_sided_violence,0,One-sided violence
Turkmenistan,TKM,2021,38.969719,59.556278,interstate,0,Interstate
Turkmenistan,TKM,2021,38.969719,59.556278,intrastate,0,Intrastate
Turkmenistan,TKM,2021,38.969719,59.556278,non_state,0,Non-state
Turkmenistan,TKM,2021,38.969719,59.556278,one_sided_violence,0,One-sided violence
Turkmenistan,TKM,2022,38.969719,59.556278,interstate,0,Interstate
Turkmenistan,TKM,2022,38.969719,59.556278,intrastate,0,Intrastate
Turkmenistan,TKM,2022,38.969719,59.556278,non_state,0,Non-state
Turkmenistan,TKM,2022,38.969719,59.556278,one_sided_violence,0,One-sided violence
Turkmenistan,TKM,2023,38.969719,59.556278,interstate,0,Interstate
Turkmenistan,TKM,2023,38.969719,59.556278,intrastate,0,Intrastate
Turkmenistan,TKM,2023,38.969719,59.556278,non_state,0,Non-state
Turkmenistan,TKM,2023,38.969719,59.556278,one_sided_violence,0,One-sided violence
Turkmenistan,TKM,2024,38.969719,59.556278,interstate,0,Interstate
Turkmenistan,TKM,2024,38.969719,59.556278,intrastate,0,Intrastate
Turkmenistan,TKM,2024,38.969719,59.556278,non_state,0,Non-state
Turkmenistan,TKM,2024,38.969719,59.556278,one_sided_violence,0,One-sided violence
Tuvalu,TUV,2015,-7.109535,177.64933,interstate,0,Interstate
Tuvalu,TUV,2015,-7.109535,177.64933,intrastate,0,Intrastate
Tuvalu,TUV,2015,-7.109535,177.64933,non_state,0,Non-state
Tuvalu,TUV,2015,-7.109535,177.64933,one_sided_violence,0,One-sided violence
Tuvalu,TUV,2016,-7.109535,177.64933,interstate,0,Interstate
Tuvalu,TUV,2016,-7.109535,177.64933,intrastate,0,Intrastate
Tuvalu,TUV,2016,-7.109535,177.64933,non_state,0,Non-state
Tuvalu,TUV,2016,-7.109535,177.64933,one_sided_violence,0,One-sided violence
Tuvalu,TUV,2017,-7.109535,177.64933,interstate,0,Interstate
Tuvalu,TUV,2017,-7.109535,177.64933,intrastate,0,Intrastate
Tuvalu,TUV,2017,-7.109535,177.64933,non_state,0,Non-state
Tuvalu,TUV,2017,-7.109535,177.64933,one_sided_violence,0,One-sided violence
Tuvalu,TUV,2018,-7.109535,177.64933,interstate,0,Interstate
Tuvalu,TUV,2018,-7.109535,177.64933,intrastate,0,Intrastate
Tuvalu,TUV,2018,-7.109535,177.64933,non_state,0,Non-state
Tuvalu,TUV,2018,-7.109535,177.64933,one_sided_violence,0,One-sided violence
Tuvalu,TUV,2019,-7.109535,177.64933,interstate,0,Interstate
Tuvalu,TUV,2019,-7.109535,177.64933,intrastate,0,Intrastate
Tuvalu,TUV,2019,-7.109535,177.64933,non_state,0,Non-state
Tuvalu,TUV,2019,-7.109535,177.64933,one_sided_violence,0,One-sided violence
Tuvalu,TUV,2020,-7.109535,177.64933,interstate,0,Interstate
Tuvalu,TUV,2020,-7.109535,177.64933,intrastate,0,Intrastate
Tuvalu,TUV,2020,-7.109535,177.64933,non_state,0,Non-state
Tuvalu,TUV,2020,-7.109535,177.64933,one_sided_violence,0,One-sided violence
Tuvalu,TUV,2021,-7.109535,177.64933,interstate,0,Interstate
Tuvalu,TUV,2021,-7.109535,177.64933,intrastate,0,Intrastate
Tuvalu,TUV,2021,-7.109535,177.64933,non_state,0,Non-state
Tuvalu,TUV,2021,-7.109535,177.64933,one_sided_violence,0,One-sided violence
Tuvalu,TUV,2022,-7.109535,177.64933,interstate,0,Interstate
Tuvalu,TUV,2022,-7.109535,177.64933,intrastate,0,Intrastate
Tuvalu,TUV,2022,-7.109535,177.64933,non_state,0,Non-state
Tuvalu,TUV,2022,-7.109535,177.64933,one_sided_violence,0,One-sided violence
Tuvalu,TUV,2023,-7.109535,177.64933,interstate,0,Interstate
Tuvalu,TUV,2023,-7.109535,177.64933,intrastate,0,Intrastate
Tuvalu,TUV,2023,-7.109535,177.64933,non_state,0,Non-state
Tuvalu,TUV,2023,-7.109535,177.64933,one_sided_violence,0,One-sided violence
Tuvalu,TUV,2024,-7.109535,177.64933,interstate,0,Interstate
Tuvalu,TUV,2024,-7.109535,177.64933,intrastate,0,Intrastate
Tuvalu,TUV,2024,-7.109535,177.64933,non_state,0,Non-state
Tuvalu,TUV,2024,-7.109535,177.64933,one_sided_violence,0,One-sided violence
Uganda,UGA,2015,1.373333,32.290275,interstate,0,Interstate
Uganda,UGA,2015,1.373333,32.290275,intrastate,0,Intrastate
Uganda,UGA,2015,1.373333,32.290275,non_state,0,Non-state
Uganda,UGA,2015,1.373333,32.290275,one_sided_violence,0,One-sided violence
Uganda,UGA,2016,1.373333,32.290275,interstate,0,Interstate
Uganda,UGA,2016,1.373333,32.290275,intrastate,0,Intrastate
Uganda,UGA,2016,1.373333,32.290275,non_state,30,Non-state
Uganda,UGA,2016,1.373333,32.290275,one_sided_violence,0,One-sided violence
Uganda,UGA,2017,1.373333,32.290275,interstate,0,Interstate
Uganda,UGA,2017,1.373333,32.290275,intrastate,0,Intrastate
Uganda,UGA,2017,1.373333,32.290275,non_state,0,Non-state
Uganda,UGA,2017,1.373333,32.290275,one_sided_violence,0,One-sided violence
Uganda,UGA,2018,1.373333,32.290275,interstate,0,Interstate
Uganda,UGA,2018,1.373333,32.290275,intrastate,0,Intrastate
Uganda,UGA,2018,1.373333,32.290275,non_state,0,Non-state
Uganda,UGA,2018,1.373333,32.290275,one_sided_violence,0,One-sided violence
Uganda,UGA,2019,1.373333,32.290275,interstate,0,Interstate
Uganda,UGA,2019,1.373333,32.290275,intrastate,0,Intrastate
Uganda,UGA,2019,1.373333,32.290275,non_state,0,Non-state
Uganda,UGA,2019,1.373333,32.290275,one_sided_violence,0,One-sided violence
Uganda,UGA,2020,1.373333,32.290275,interstate,0,Interstate
Uganda,UGA,2020,1.373333,32.290275,intrastate,0,Intrastate
Uganda,UGA,2020,1.373333,32.290275,non_state,0,Non-state
Uganda,UGA,2020,1.373333,32.290275,one_sided_violence,0,One-sided violence
Uganda,UGA,2021,1.373333,32.290275,interstate,0,Interstate
Uganda,UGA,2021,1.373333,32.290275,intrastate,0,Intrastate
Uganda,UGA,2021,1.373333,32.290275,non_state,0,Non-state
Uganda,UGA,2021,1.373333,32.290275,one_sided_violence,0,One-sided violence
Uganda,UGA,2022,1.373333,32.290275,interstate,0,Interstate
Uganda,UGA,2022,1.373333,32.290275,intrastate,25,Intrastate
Uganda,UGA,2022,1.373333,32.290275,non_state,0,Non-state
Uganda,UGA,2022,1.373333,32.290275,one_sided_violence,0,One-sided violence
Uganda,UGA,2023,1.373333,32.290275,interstate,0,Interstate
Uganda,UGA,2023,1.373333,32.290275,intrastate,0,Intrastate
Uganda,UGA,2023,1.373333,32.290275,non_state,0,Non-state
Uganda,UGA,2023,1.373333,32.290275,one_sided_violence,57,One-sided violence
Uganda,UGA,2024,1.373333,32.290275,interstate,0,Interstate
Uganda,UGA,2024,1.373333,32.290275,intrastate,0,Intrastate
Uganda,UGA,2024,1.373333,32.290275,non_state,0,Non-state
Uganda,UGA,2024,1.373333,32.290275,one_sided_violence,0,One-sided violence
Ukraine,UKR,2015,48.379433,31.16558,interstate,0,Interstate
Ukraine,UKR,2015,48.379433,31.16558,intrastate,1890,Intrastate
Ukraine,UKR,2015,48.379433,31.16558,non_state,0,Non-state
Ukraine,UKR,2015,48.379433,31.16558,one_sided_violence,0,One-sided violence
Ukraine,UKR,2016,48.379433,31.16558,interstate,0,Interstate
Ukraine,UKR,2016,48.379433,31.16558,intrastate,697,Intrastate
Ukraine,UKR,2016,48.379433,31.16558,non_state,0,Non-state
Ukraine,UKR,2016,48.379433,31.16558,one_sided_violence,0,One-sided violence
Ukraine,UKR,2017,48.379433,31.16558,interstate,0,Interstate
Ukraine,UKR,2017,48.379433,31.16558,intrastate,447,Intrastate
Ukraine,UKR,2017,48.379433,31.16558,non_state,0,Non-state
Ukraine,UKR,2017,48.379433,31.16558,one_sided_violence,0,One-sided violence
Ukraine,UKR,2018,48.379433,31.16558,interstate,0,Interstate
Ukraine,UKR,2018,48.379433,31.16558,intrastate,243,Intrastate
Ukraine,UKR,2018,48.379433,31.16558,non_state,0,Non-state
Ukraine,UKR,2018,48.379433,31.16558,one_sided_violence,0,One-sided violence
Ukraine,UKR,2019,48.379433,31.16558,interstate,0,Interstate
Ukraine,UKR,2019,48.379433,31.16558,intrastate,311,Intrastate
Ukraine,UKR,2019,48.379433,31.16558,non_state,0,Non-state
Ukraine,UKR,2019,48.379433,31.16558,one_sided_violence,0,One-sided violence
Ukraine,UKR,2020,48.379433,31.16558,interstate,0,Interstate
Ukraine,UKR,2020,48.379433,31.16558,intrastate,196,Intrastate
Ukraine,UKR,2020,48.379433,31.16558,non_state,0,Non-state
Ukraine,UKR,2020,48.379433,31.16558,one_sided_violence,0,One-sided violence
Ukraine,UKR,2021,48.379433,31.16558,interstate,0,Interstate
Ukraine,UKR,2021,48.379433,31.16558,intrastate,208,Intrastate
Ukraine,UKR,2021,48.379433,31.16558,non_state,0,Non-state
Ukraine,UKR,2021,48.379433,31.16558,one_sided_violence,0,One-sided violence
Ukraine,UKR,2022,48.379433,31.16558,interstate,91435,Interstate
Ukraine,UKR,2022,48.379433,31.16558,intrastate,43,Intrastate
Ukraine,UKR,2022,48.379433,31.16558,non_state,0,Non-state
Ukraine,UKR,2022,48.379433,31.16558,one_sided_violence,1130,One-sided violence
Ukraine,UKR,2023,48.379433,31.16558,interstate,75080,Interstate
Ukraine,UKR,2023,48.379433,31.16558,intrastate,0,Intrastate
Ukraine,UKR,2023,48.379433,31.16558,non_state,0,Non-state
Ukraine,UKR,2023,48.379433,31.16558,one_sided_violence,313,One-sided violence
Ukraine,UKR,2024,48.379433,31.16558,interstate,68099,Interstate
Ukraine,UKR,2024,48.379433,31.16558,intrastate,0,Intrastate
Ukraine,UKR,2024,48.379433,31.16558,non_state,0,Non-state
Ukraine,UKR,2024,48.379433,31.16558,one_sided_violence,17,One-sided violence
United Arab Emirates,ARE,2015,23.424076,53.847818,interstate,0,Interstate
United Arab Emirates,ARE,2015,23.424076,53.847818,intrastate,0,Intrastate
United Arab Emirates,ARE,2015,23.424076,53.847818,non_state,0,Non-state
United Arab Emirates,ARE,2015,23.424076,53.847818,one_sided_violence,0,One-sided violence
United Arab Emirates,ARE,2016,23.424076,53.847818,interstate,0,Interstate
United Arab Emirates,ARE,2016,23.424076,53.847818,intrastate,0,Intrastate
United Arab Emirates,ARE,2016,23.424076,53.847818,non_state,0,Non-state
United Arab Emirates,ARE,2016,23.424076,53.847818,one_sided_violence,0,One-sided violence
United Arab Emirates,ARE,2017,23.424076,53.847818,interstate,0,Interstate
United Arab Emirates,ARE,2017,23.424076,53.847818,intrastate,0,Intrastate
United Arab Emirates,ARE,2017,23.424076,53.847818,non_state,0,Non-state
United Arab Emirates,ARE,2017,23.424076,53.847818,one_sided_violence,0,One-sided violence
United Arab Emirates,ARE,2018,23.424076,53.847818,interstate,0,Interstate
United Arab Emirates,ARE,2018,23.424076,53.847818,intrastate,0,Intrastate
United Arab Emirates,ARE,2018,23.424076,53.847818,non_state,0,Non-state
United Arab Emirates,ARE,2018,23.424076,53.847818,one_sided_violence,0,One-sided violence
United Arab Emirates,ARE,2019,23.424076,53.847818,interstate,0,Interstate
United Arab Emirates,ARE,2019,23.424076,53.847818,intrastate,0,Intrastate
United Arab Emirates,ARE,2019,23.424076,53.847818,non_state,0,Non-state
United Arab Emirates,ARE,2019,23.424076,53.847818,one_sided_violence,0,One-sided violence
United Arab Emirates,ARE,2020,23.424076,53.847818,interstate,0,Interstate
United Arab Emirates,ARE,2020,23.424076,53.847818,intrastate,0,Intrastate
United Arab Emirates,ARE,2020,23.424076,53.847818,non_state,0,Non-state
United Arab Emirates,ARE,2020,23.424076,53.847818,one_sided_violence,0,One-sided violence
United Arab Emirates,ARE,2021,23.424076,53.847818,interstate,0,Interstate
United Arab Emirates,ARE,2021,23.424076,53.847818,intrastate,0,Intrastate
United Arab Emirates,ARE,2021,23.424076,53.847818,non_state,0,Non-state
United Arab Emirates,ARE,2021,23.424076,53.847818,one_sided_violence,0,One-sided violence
United Arab Emirates,ARE,2022,23.424076,53.847818,interstate,0,Interstate
United Arab Emirates,ARE,2022,23.424076,53.847818,intrastate,3,Intrastate
United Arab Emirates,ARE,2022,23.424076,53.847818,non_state,0,Non-state
United Arab Emirates,ARE,2022,23.424076,53.847818,one_sided_violence,0,One-sided violence
United Arab Emirates,ARE,2023,23.424076,53.847818,interstate,0,Interstate
United Arab Emirates,ARE,2023,23.424076,53.847818,intrastate,0,Intrastate
United Arab Emirates,ARE,2023,23.424076,53.847818,non_state,0,Non-state
United Arab Emirates,ARE,2023,23.424076,53.847818,one_sided_violence,0,One-sided violence
United Arab Emirates,ARE,2024,23.424076,53.847818,interstate,0,Interstate
United Arab Emirates,ARE,2024,23.424076,53.847818,intrastate,0,Intrastate
United Arab Emirates,ARE,2024,23.424076,53.847818,non_state,0,Non-state
United Arab Emirates,ARE,2024,23.424076,53.847818,one_sided_violence,0,One-sided violence
United Kingdom,GBR,2015,55.378051,-3.435973,interstate,0,Interstate
United Kingdom,GBR,2015,55.378051,-3.435973,intrastate,0,Intrastate
United Kingdom,GBR,2015,55.378051,-3.435973,non_state,0,Non-state
United Kingdom,GBR,2015,55.378051,-3.435973,one_sided_violence,0,One-sided violence
United Kingdom,GBR,2016,55.378051,-3.435973,interstate,0,Interstate
United Kingdom,GBR,2016,55.378051,-3.435973,intrastate,0,Intrastate
United Kingdom,GBR,2016,55.378051,-3.435973,non_state,0,Non-state
United Kingdom,GBR,2016,55.378051,-3.435973,one_sided_violence,0,One-sided violence
United Kingdom,GBR,2017,55.378051,-3.435973,interstate,0,Interstate
United Kingdom,GBR,2017,55.378051,-3.435973,intrastate,0,Intrastate
United Kingdom,GBR,2017,55.378051,-3.435973,non_state,0,Non-state
United Kingdom,GBR,2017,55.378051,-3.435973,one_sided_violence,0,One-sided violence
United Kingdom,GBR,2018,55.378051,-3.435973,interstate,0,Interstate
United Kingdom,GBR,2018,55.378051,-3.435973,intrastate,0,Intrastate
United Kingdom,GBR,2018,55.378051,-3.435973,non_state,0,Non-state
United Kingdom,GBR,2018,55.378051,-3.435973,one_sided_violence,0,One-sided violence
United Kingdom,GBR,2019,55.378051,-3.435973,interstate,0,Interstate
United Kingdom,GBR,2019,55.378051,-3.435973,intrastate,1,Intrastate
United Kingdom,GBR,2019,55.378051,-3.435973,non_state,0,Non-state
United Kingdom,GBR,2019,55.378051,-3.435973,one_sided_violence,2,One-sided violence
United Kingdom,GBR,2020,55.378051,-3.435973,interstate,0,Interstate
United Kingdom,GBR,2020,55.378051,-3.435973,intrastate,0,Intrastate
United Kingdom,GBR,2020,55.378051,-3.435973,non_state,0,Non-state
United Kingdom,GBR,2020,55.378051,-3.435973,one_sided_violence,0,One-sided violence
United Kingdom,GBR,2021,55.378051,-3.435973,interstate,0,Interstate
United Kingdom,GBR,2021,55.378051,-3.435973,intrastate,0,Intrastate
United Kingdom,GBR,2021,55.378051,-3.435973,non_state,0,Non-state
United Kingdom,GBR,2021,55.378051,-3.435973,one_sided_violence,0,One-sided violence
United Kingdom,GBR,2022,55.378051,-3.435973,interstate,0,Interstate
United Kingdom,GBR,2022,55.378051,-3.435973,intrastate,0,Intrastate
United Kingdom,GBR,2022,55.378051,-3.435973,non_state,0,Non-state
United Kingdom,GBR,2022,55.378051,-3.435973,one_sided_violence,0,One-sided violence
United Kingdom,GBR,2023,55.378051,-3.435973,interstate,0,Interstate
United Kingdom,GBR,2023,55.378051,-3.435973,intrastate,0,Intrastate
United Kingdom,GBR,2023,55.378051,-3.435973,non_state,0,Non-state
United Kingdom,GBR,2023,55.378051,-3.435973,one_sided_violence,0,One-sided violence
United Kingdom,GBR,2024,55.378051,-3.435973,interstate,0,Interstate
United Kingdom,GBR,2024,55.378051,-3.435973,intrastate,0,Intrastate
United Kingdom,GBR,2024,55.378051,-3.435973,non_state,0,Non-state
United Kingdom,GBR,2024,55.378051,-3.435973,one_sided_violence,0,One-sided violence
United States,USA,2015,37.09024,-95.712891,interstate,0,Interstate
United States,USA,2015,37.09024,-95.712891,intrastate,0,Intrastate
United States,USA,2015,37.09024,-95.712891,non_state,0,Non-state
United States,USA,2015,37.09024,-95.712891,one_sided_violence,14,One-sided violence
United States,USA,2016,37.09024,-95.712891,interstate,0,Interstate
United States,USA,2016,37.09024,-95.712891,intrastate,0,Intrastate
United States,USA,2016,37.09024,-95.712891,non_state,0,Non-state
United States,USA,2016,37.09024,-95.712891,one_sided_violence,0,One-sided violence
United States,USA,2017,37.09024,-95.712891,interstate,0,Interstate
United States,USA,2017,37.09024,-95.712891,intrastate,0,Intrastate
United States,USA,2017,37.09024,-95.712891,non_state,0,Non-state
United States,USA,2017,37.09024,-95.712891,one_sided_violence,8,One-sided violence
United States,USA,2018,37.09024,-95.712891,interstate,0,Interstate
United States,USA,2018,37.09024,-95.712891,intrastate,0,Intrastate
United States,USA,2018,37.09024,-95.712891,non_state,0,Non-state
United States,USA,2018,37.09024,-95.712891,one_sided_violence,0,One-sided violence
United States,USA,2019,37.09024,-95.712891,interstate,0,Interstate
United States,USA,2019,37.09024,-95.712891,intrastate,0,Intrastate
United States,USA,2019,37.09024,-95.712891,non_state,4,Non-state
United States,USA,2019,37.09024,-95.712891,one_sided_violence,0,One-sided violence
United States,USA,2020,37.09024,-95.712891,interstate,0,Interstate
United States,USA,2020,37.09024,-95.712891,intrastate,0,Intrastate
United States,USA,2020,37.09024,-95.712891,non_state,0,Non-state
United States,USA,2020,37.09024,-95.712891,one_sided_violence,0,One-sided violence
United States,USA,2021,37.09024,-95.712891,interstate,0,Interstate
United States,USA,2021,37.09024,-95.712891,intrastate,0,Intrastate
United States,USA,2021,37.09024,-95.712891,non_state,0,Non-state
United States,USA,2021,37.09024,-95.712891,one_sided_violence,0,One-sided violence
United States,USA,2022,37.09024,-95.712891,interstate,0,Interstate
United States,USA,2022,37.09024,-95.712891,intrastate,0,Intrastate
United States,USA,2022,37.09024,-95.712891,non_state,1,Non-state
United States,USA,2022,37.09024,-95.712891,one_sided_violence,0,One-sided violence
United States,USA,2023,37.09024,-95.712891,interstate,0,Interstate
United States,USA,2023,37.09024,-95.712891,intrastate,0,Intrastate
United States,USA,2023,37.09024,-95.712891,non_state,0,Non-state
United States,USA,2023,37.09024,-95.712891,one_sided_violence,0,One-sided violence
United States,USA,2024,37.09024,-95.712891,interstate,0,Interstate
United States,USA,2024,37.09024,-95.712891,intrastate,0,Intrastate
United States,USA,2024,37.09024,-95.712891,non_state,0,Non-state
United States,USA,2024,37.09024,-95.712891,one_sided_violence,0,One-sided violence
Uruguay,URY,2015,-32.522779,-55.765835,interstate,0,Interstate
Uruguay,URY,2015,-32.522779,-55.765835,intrastate,0,Intrastate
Uruguay,URY,2015,-32.522779,-55.765835,non_state,0,Non-state
Uruguay,URY,2015,-32.522779,-55.765835,one_sided_violence,0,One-sided violence
Uruguay,URY,2016,-32.522779,-55.765835,interstate,0,Interstate
Uruguay,URY,2016,-32.522779,-55.765835,intrastate,0,Intrastate
Uruguay,URY,2016,-32.522779,-55.765835,non_state,0,Non-state
Uruguay,URY,2016,-32.522779,-55.765835,one_sided_violence,0,One-sided violence
Uruguay,URY,2017,-32.522779,-55.765835,interstate,0,Interstate
Uruguay,URY,2017,-32.522779,-55.765835,intrastate,0,Intrastate
Uruguay,URY,2017,-32.522779,-55.765835,non_state,0,Non-state
Uruguay,URY,2017,-32.522779,-55.765835,one_sided_violence,0,One-sided violence
Uruguay,URY,2018,-32.522779,-55.765835,interstate,0,Interstate
Uruguay,URY,2018,-32.522779,-55.765835,intrastate,0,Intrastate
Uruguay,URY,2018,-32.522779,-55.765835,non_state,0,Non-state
Uruguay,URY,2018,-32.522779,-55.765835,one_sided_violence,0,One-sided violence
Uruguay,URY,2019,-32.522779,-55.765835,interstate,0,Interstate
Uruguay,URY,2019,-32.522779,-55.765835,intrastate,0,Intrastate
Uruguay,URY,2019,-32.522779,-55.765835,non_state,0,Non-state
Uruguay,URY,2019,-32.522779,-55.765835,one_sided_violence,0,One-sided violence
Uruguay,URY,2020,-32.522779,-55.765835,interstate,0,Interstate
Uruguay,URY,2020,-32.522779,-55.765835,intrastate,0,Intrastate
Uruguay,URY,2020,-32.522779,-55.765835,non_state,0,Non-state
Uruguay,URY,2020,-32.522779,-55.765835,one_sided_violence,0,One-sided violence
Uruguay,URY,2021,-32.522779,-55.765835,interstate,0,Interstate
Uruguay,URY,2021,-32.522779,-55.765835,intrastate,0,Intrastate
Uruguay,URY,2021,-32.522779,-55.765835,non_state,0,Non-state
Uruguay,URY,2021,-32.522779,-55.765835,one_sided_violence,0,One-sided violence
Uruguay,URY,2022,-32.522779,-55.765835,interstate,0,Interstate
Uruguay,URY,2022,-32.522779,-55.765835,intrastate,0,Intrastate
Uruguay,URY,2022,-32.522779,-55.765835,non_state,0,Non-state
Uruguay,URY,2022,-32.522779,-55.765835,one_sided_violence,0,One-sided violence
Uruguay,URY,2023,-32.522779,-55.765835,interstate,0,Interstate
Uruguay,URY,2023,-32.522779,-55.765835,intrastate,0,Intrastate
Uruguay,URY,2023,-32.522779,-55.765835,non_state,0,Non-state
Uruguay,URY,2023,-32.522779,-55.765835,one_sided_violence,0,One-sided violence
Uruguay,URY,2024,-32.522779,-55.765835,interstate,0,Interstate
Uruguay,URY,2024,-32.522779,-55.765835,intrastate,0,Intrastate
Uruguay,URY,2024,-32.522779,-55.765835,non_state,0,Non-state
Uruguay,URY,2024,-32.522779,-55.765835,one_sided_violence,0,One-sided violence
Uzbekistan,UZB,2015,41.377491,64.585262,interstate,0,Interstate
Uzbekistan,UZB,2015,41.377491,64.585262,intrastate,0,Intrastate
Uzbekistan,UZB,2015,41.377491,64.585262,non_state,0,Non-state
Uzbekistan,UZB,2015,41.377491,64.585262,one_sided_violence,0,One-sided violence
Uzbekistan,UZB,2016,41.377491,64.585262,interstate,0,Interstate
Uzbekistan,UZB,2016,41.377491,64.585262,intrastate,0,Intrastate
Uzbekistan,UZB,2016,41.377491,64.585262,non_state,0,Non-state
Uzbekistan,UZB,2016,41.377491,64.585262,one_sided_violence,0,One-sided violence
Uzbekistan,UZB,2017,41.377491,64.585262,interstate,0,Interstate
Uzbekistan,UZB,2017,41.377491,64.585262,intrastate,0,Intrastate
Uzbekistan,UZB,2017,41.377491,64.585262,non_state,0,Non-state
Uzbekistan,UZB,2017,41.377491,64.585262,one_sided_violence,0,One-sided violence
Uzbekistan,UZB,2018,41.377491,64.585262,interstate,0,Interstate
Uzbekistan,UZB,2018,41.377491,64.585262,intrastate,0,Intrastate
Uzbekistan,UZB,2018,41.377491,64.585262,non_state,0,Non-state
Uzbekistan,UZB,2018,41.377491,64.585262,one_sided_violence,0,One-sided violence
Uzbekistan,UZB,2019,41.377491,64.585262,interstate,0,Interstate
Uzbekistan,UZB,2019,41.377491,64.585262,intrastate,0,Intrastate
Uzbekistan,UZB,2019,41.377491,64.585262,non_state,0,Non-state
Uzbekistan,UZB,2019,41.377491,64.585262,one_sided_violence,0,One-sided violence
Uzbekistan,UZB,2020,41.377491,64.585262,interstate,0,Interstate
Uzbekistan,UZB,2020,41.377491,64.585262,intrastate,0,Intrastate
Uzbekistan,UZB,2020,41.377491,64.585262,non_state,0,Non-state
Uzbekistan,UZB,2020,41.377491,64.585262,one_sided_violence,0,One-sided violence
Uzbekistan,UZB,2021,41.377491,64.585262,interstate,0,Interstate
Uzbekistan,UZB,2021,41.377491,64.585262,intrastate,0,Intrastate
Uzbekistan,UZB,2021,41.377491,64.585262,non_state,0,Non-state
Uzbekistan,UZB,2021,41.377491,64.585262,one_sided_violence,0,One-sided violence
Uzbekistan,UZB,2022,41.377491,64.585262,interstate,0,Interstate
Uzbekistan,UZB,2022,41.377491,64.585262,intrastate,0,Intrastate
Uzbekistan,UZB,2022,41.377491,64.585262,non_state,0,Non-state
Uzbekistan,UZB,2022,41.377491,64.585262,one_sided_violence,0,One-sided violence
Uzbekistan,UZB,2023,41.377491,64.585262,interstate,0,Interstate
Uzbekistan,UZB,2023,41.377491,64.585262,intrastate,0,Intrastate
Uzbekistan,UZB,2023,41.377491,64.585262,non_state,0,Non-state
Uzbekistan,UZB,2023,41.377491,64.585262,one_sided_violence,0,One-sided violence
Uzbekistan,UZB,2024,41.377491,64.585262,interstate,0,Interstate
Uzbekistan,UZB,2024,41.377491,64.585262,intrastate,0,Intrastate
Uzbekistan,UZB,2024,41.377491,64.585262,non_state,0,Non-state
Uzbekistan,UZB,2024,41.377491,64.585262,one_sided_violence,0,One-sided violence
Vanuatu,VUT,2015,-15.376706,166.959158,interstate,0,Interstate
Vanuatu,VUT,2015,-15.376706,166.959158,intrastate,0,Intrastate
Vanuatu,VUT,2015,-15.376706,166.959158,non_state,0,Non-state
Vanuatu,VUT,2015,-15.376706,166.959158,one_sided_violence,0,One-sided violence
Vanuatu,VUT,2016,-15.376706,166.959158,interstate,0,Interstate
Vanuatu,VUT,2016,-15.376706,166.959158,intrastate,0,Intrastate
Vanuatu,VUT,2016,-15.376706,166.959158,non_state,0,Non-state
Vanuatu,VUT,2016,-15.376706,166.959158,one_sided_violence,0,One-sided violence
Vanuatu,VUT,2017,-15.376706,166.959158,interstate,0,Interstate
Vanuatu,VUT,2017,-15.376706,166.959158,intrastate,0,Intrastate
Vanuatu,VUT,2017,-15.376706,166.959158,non_state,0,Non-state
Vanuatu,VUT,2017,-15.376706,166.959158,one_sided_violence,0,One-sided violence
Vanuatu,VUT,2018,-15.376706,166.959158,interstate,0,Interstate
Vanuatu,VUT,2018,-15.376706,166.959158,intrastate,0,Intrastate
Vanuatu,VUT,2018,-15.376706,166.959158,non_state,0,Non-state
Vanuatu,VUT,2018,-15.376706,166.959158,one_sided_violence,0,One-sided violence
Vanuatu,VUT,2019,-15.376706,166.959158,interstate,0,Interstate
Vanuatu,VUT,2019,-15.376706,166.959158,intrastate,0,Intrastate
Vanuatu,VUT,2019,-15.376706,166.959158,non_state,0,Non-state
Vanuatu,VUT,2019,-15.376706,166.959158,one_sided_violence,0,One-sided violence
Vanuatu,VUT,2020,-15.376706,166.959158,interstate,0,Interstate
Vanuatu,VUT,2020,-15.376706,166.959158,intrastate,0,Intrastate
Vanuatu,VUT,2020,-15.376706,166.959158,non_state,0,Non-state
Vanuatu,VUT,2020,-15.376706,166.959158,one_sided_violence,0,One-sided violence
Vanuatu,VUT,2021,-15.376706,166.959158,interstate,0,Interstate
Vanuatu,VUT,2021,-15.376706,166.959158,intrastate,0,Intrastate
Vanuatu,VUT,2021,-15.376706,166.959158,non_state,0,Non-state
Vanuatu,VUT,2021,-15.376706,166.959158,one_sided_violence,0,One-sided violence
Vanuatu,VUT,2022,-15.376706,166.959158,interstate,0,Interstate
Vanuatu,VUT,2022,-15.376706,166.959158,intrastate,0,Intrastate
Vanuatu,VUT,2022,-15.376706,166.959158,non_state,0,Non-state
Vanuatu,VUT,2022,-15.376706,166.959158,one_sided_violence,0,One-sided violence
Vanuatu,VUT,2023,-15.376706,166.959158,interstate,0,Interstate
Vanuatu,VUT,2023,-15.376706,166.959158,intrastate,0,Intrastate
Vanuatu,VUT,2023,-15.376706,166.959158,non_state,0,Non-state
Vanuatu,VUT,2023,-15.376706,166.959158,one_sided_violence,0,One-sided violence
Vanuatu,VUT,2024,-15.376706,166.959158,interstate,0,Interstate
Vanuatu,VUT,2024,-15.376706,166.959158,intrastate,0,Intrastate
Vanuatu,VUT,2024,-15.376706,166.959158,non_state,0,Non-state
Vanuatu,VUT,2024,-15.376706,166.959158,one_sided_violence,0,One-sided violence
Venezuela,VEN,2015,6.42375,-66.58973,interstate,0,Interstate
Venezuela,VEN,2015,6.42375,-66.58973,intrastate,0,Intrastate
Venezuela,VEN,2015,6.42375,-66.58973,non_state,0,Non-state
Venezuela,VEN,2015,6.42375,-66.58973,one_sided_violence,32,One-sided violence
Venezuela,VEN,2016,6.42375,-66.58973,interstate,0,Interstate
Venezuela,VEN,2016,6.42375,-66.58973,intrastate,0,Intrastate
Venezuela,VEN,2016,6.42375,-66.58973,non_state,0,Non-state
Venezuela,VEN,2016,6.42375,-66.58973,one_sided_violence,60,One-sided violence
Venezuela,VEN,2017,6.42375,-66.58973,interstate,0,Interstate
Venezuela,VEN,2017,6.42375,-66.58973,intrastate,0,Intrastate
Venezuela,VEN,2017,6.42375,-66.58973,non_state,0,Non-state
Venezuela,VEN,2017,6.42375,-66.58973,one_sided_violence,76,One-sided violence
Venezuela,VEN,2018,6.42375,-66.58973,interstate,0,Interstate
Venezuela,VEN,2018,6.42375,-66.58973,intrastate,0,Intrastate
Venezuela,VEN,2018,6.42375,-66.58973,non_state,0,Non-state
Venezuela,VEN,2018,6.42375,-66.58973,one_sided_violence,94,One-sided violence
Venezuela,VEN,2019,6.42375,-66.58973,interstate,0,Interstate
Venezuela,VEN,2019,6.42375,-66.58973,intrastate,0,Intrastate
Venezuela,VEN,2019,6.42375,-66.58973,non_state,0,Non-state
Venezuela,VEN,2019,6.42375,-66.58973,one_sided_violence,78,One-sided violence
Venezuela,VEN,2020,6.42375,-66.58973,interstate,0,Interstate
Venezuela,VEN,2020,6.42375,-66.58973,intrastate,0,Intrastate
Venezuela,VEN,2020,6.42375,-66.58973,non_state,0,Non-state
Venezuela,VEN,2020,6.42375,-66.58973,one_sided_violence,0,One-sided violence
Venezuela,VEN,2021,6.42375,-66.58973,interstate,0,Interstate
Venezuela,VEN,2021,6.42375,-66.58973,intrastate,2,Intrastate
Venezuela,VEN,2021,6.42375,-66.58973,non_state,0,Non-state
Venezuela,VEN,2021,6.42375,-66.58973,one_sided_violence,5,One-sided violence
Venezuela,VEN,2022,6.42375,-66.58973,interstate,0,Interstate
Venezuela,VEN,2022,6.42375,-66.58973,intrastate,0,Intrastate
Venezuela,VEN,2022,6.42375,-66.58973,non_state,9,Non-state
Venezuela,VEN,2022,6.42375,-66.58973,one_sided_violence,7,One-sided violence
Venezuela,VEN,2023,6.42375,-66.58973,interstate,0,Interstate
Venezuela,VEN,2023,6.42375,-66.58973,intrastate,0,Intrastate
Venezuela,VEN,2023,6.42375,-66.58973,non_state,0,Non-state
Venezuela,VEN,2023,6.42375,-66.58973,one_sided_violence,3,One-sided violence
Venezuela,VEN,2024,6.42375,-66.58973,interstate,0,Interstate
Venezuela,VEN,2024,6.42375,-66.58973,intrastate,0,Intrastate
Venezuela,VEN,2024,6.42375,-66.58973,non_state,0,Non-state
Venezuela,VEN,2024,6.42375,-66.58973,one_sided_violence,0,One-sided violence
Vietnam,VNM,2015,14.058324,108.277199,interstate,0,Interstate
Vietnam,VNM,2015,14.058324,108.277199,intrastate,0,Intrastate
Vietnam,VNM,2015,14.058324,108.277199,non_state,0,Non-state
Vietnam,VNM,2015,14.058324,108.277199,one_sided_violence,0,One-sided violence
Vietnam,VNM,2016,14.058324,108.277199,interstate,0,Interstate
Vietnam,VNM,2016,14.058324,108.277199,intrastate,0,Intrastate
Vietnam,VNM,2016,14.058324,108.277199,non_state,0,Non-state
Vietnam,VNM,2016,14.058324,108.277199,one_sided_violence,0,One-sided violence
Vietnam,VNM,2017,14.058324,108.277199,interstate,0,Interstate
Vietnam,VNM,2017,14.058324,108.277199,intrastate,0,Intrastate
Vietnam,VNM,2017,14.058324,108.277199,non_state,0,Non-state
Vietnam,VNM,2017,14.058324,108.277199,one_sided_violence,0,One-sided violence
Vietnam,VNM,2018,14.058324,108.277199,interstate,0,Interstate
Vietnam,VNM,2018,14.058324,108.277199,intrastate,0,Intrastate
Vietnam,VNM,2018,14.058324,108.277199,non_state,0,Non-state
Vietnam,VNM,2018,14.058324,108.277199,one_sided_violence,0,One-sided violence
Vietnam,VNM,2019,14.058324,108.277199,interstate,0,Interstate
Vietnam,VNM,2019,14.058324,108.277199,intrastate,0,Intrastate
Vietnam,VNM,2019,14.058324,108.277199,non_state,0,Non-state
Vietnam,VNM,2019,14.058324,108.277199,one_sided_violence,0,One-sided violence
Vietnam,VNM,2020,14.058324,108.277199,interstate,0,Interstate
Vietnam,VNM,2020,14.058324,108.277199,intrastate,0,Intrastate
Vietnam,VNM,2020,14.058324,108.277199,non_state,0,Non-state
Vietnam,VNM,2020,14.058324,108.277199,one_sided_violence,0,One-sided violence
Vietnam,VNM,2021,14.058324,108.277199,interstate,0,Interstate
Vietnam,VNM,2021,14.058324,108.277199,intrastate,0,Intrastate
Vietnam,VNM,2021,14.058324,108.277199,non_state,0,Non-state
Vietnam,VNM,2021,14.058324,108.277199,one_sided_violence,0,One-sided violence
Vietnam,VNM,2022,14.058324,108.277199,interstate,0,Interstate
Vietnam,VNM,2022,14.058324,108.277199,intrastate,0,Intrastate
Vietnam,VNM,2022,14.058324,108.277199,non_state,0,Non-state
Vietnam,VNM,2022,14.058324,108.277199,one_sided_violence,0,One-sided violence
Vietnam,VNM,2023,14.058324,108.277199,interstate,0,Interstate
Vietnam,VNM,2023,14.058324,108.277199,intrastate,0,Intrastate
Vietnam,VNM,2023,14.058324,108.277199,non_state,0,Non-state
Vietnam,VNM,2023,14.058324,108.277199,one_sided_violence,0,One-sided violence
Vietnam,VNM,2024,14.058324,108.277199,interstate,0,Interstate
Vietnam,VNM,2024,14.058324,108.277199,intrastate,0,Intrastate
Vietnam,VNM,2024,14.058324,108.277199,non_state,0,Non-state
Vietnam,VNM,2024,14.058324,108.277199,one_sided_violence,0,One-sided violence
Western Sahara,ESH,2015,24.215527,-12.885834,interstate,0,Interstate
Western Sahara,ESH,2015,24.215527,-12.885834,intrastate,0,Intrastate
Western Sahara,ESH,2015,24.215527,-12.885834,non_state,0,Non-state
Western Sahara,ESH,2015,24.215527,-12.885834,one_sided_violence,0,One-sided violence
Western Sahara,ESH,2016,24.215527,-12.885834,interstate,0,Interstate
Western Sahara,ESH,2016,24.215527,-12.885834,intrastate,0,Intrastate
Western Sahara,ESH,2016,24.215527,-12.885834,non_state,0,Non-state
Western Sahara,ESH,2016,24.215527,-12.885834,one_sided_violence,0,One-sided violence
Western Sahara,ESH,2017,24.215527,-12.885834,interstate,0,Interstate
Western Sahara,ESH,2017,24.215527,-12.885834,intrastate,0,Intrastate
Western Sahara,ESH,2017,24.215527,-12.885834,non_state,0,Non-state
Western Sahara,ESH,2017,24.215527,-12.885834,one_sided_violence,0,One-sided violence
Western Sahara,ESH,2018,24.215527,-12.885834,interstate,0,Interstate
Western Sahara,ESH,2018,24.215527,-12.885834,intrastate,0,Intrastate
Western Sahara,ESH,2018,24.215527,-12.885834,non_state,0,Non-state
Western Sahara,ESH,2018,24.215527,-12.885834,one_sided_violence,0,One-sided violence
Western Sahara,ESH,2019,24.215527,-12.885834,interstate,0,Interstate
Western Sahara,ESH,2019,24.215527,-12.885834,intrastate,0,Intrastate
Western Sahara,ESH,2019,24.215527,-12.885834,non_state,0,Non-state
Western Sahara,ESH,2019,24.215527,-12.885834,one_sided_violence,0,One-sided violence
Western Sahara,ESH,2020,24.215527,-12.885834,interstate,0,Interstate
Western Sahara,ESH,2020,24.215527,-12.885834,intrastate,0,Intrastate
Western Sahara,ESH,2020,24.215527,-12.885834,non_state,0,Non-state
Western Sahara,ESH,2020,24.215527,-12.885834,one_sided_violence,0,One-sided violence
Western Sahara,ESH,2021,24.215527,-12.885834,interstate,0,Interstate
Western Sahara,ESH,2021,24.215527,-12.885834,intrastate,0,Intrastate
Western Sahara,ESH,2021,24.215527,-12.885834,non_state,0,Non-state
Western Sahara,ESH,2021,24.215527,-12.885834,one_sided_violence,0,One-sided violence
Western Sahara,ESH,2022,24.215527,-12.885834,interstate,0,Interstate
Western Sahara,ESH,2022,24.215527,-12.885834,intrastate,0,Intrastate
Western Sahara,ESH,2022,24.215527,-12.885834,non_state,0,Non-state
Western Sahara,ESH,2022,24.215527,-12.885834,one_sided_violence,0,One-sided violence
Western Sahara,ESH,2023,24.215527,-12.885834,interstate,0,Interstate
Western Sahara,ESH,2023,24.215527,-12.885834,intrastate,0,Intrastate
Western Sahara,ESH,2023,24.215527,-12.885834,non_state,0,Non-state
Western Sahara,ESH,2023,24.215527,-12.885834,one_sided_violence,0,One-sided violence
Western Sahara,ESH,2024,24.215527,-12.885834,interstate,0,Interstate
Western Sahara,ESH,2024,24.215527,-12.885834,intrastate,0,Intrastate
Western Sahara,ESH,2024,24.215527,-12.885834,non_state,0,Non-state
Western Sahara,ESH,2024,24.215527,-12.885834,one_sided_violence,0,One-sided violence
Yemen,YEM,2015,15.552727,48.516388,interstate,0,Interstate
Yemen,YEM,2015,15.552727,48.516388,intrastate,7716,Intrastate
Yemen,YEM,2015,15.552727,48.516388,non_state,382,Non-state
Yemen,YEM,2015,15.552727,48.516388,one_sided_violence,4,One-sided violence
Yemen,YEM,2016,15.552727,48.516388,interstate,0,Interstate
Yemen,YEM,2016,15.552727,48.516388,intrastate,3013,Intrastate
Yemen,YEM,2016,15.552727,48.516388,non_state,1005,Non-state
Yemen,YEM,2016,15.552727,48.516388,one_sided_violence,3,One-sided violence
Yemen,YEM,2017,15.552727,48.516388,interstate,0,Interstate
Yemen,YEM,2017,15.552727,48.516388,intrastate,3134,Intrastate
Yemen,YEM,2017,15.552727,48.516388,non_state,463,Non-state
Yemen,YEM,2017,15.552727,48.516388,one_sided_violence,0,One-sided violence
Yemen,YEM,2018,15.552727,48.516388,interstate,0,Interstate
Yemen,YEM,2018,15.552727,48.516388,intrastate,4639,Intrastate
Yemen,YEM,2018,15.552727,48.516388,non_state,343,Non-state
Yemen,YEM,2018,15.552727,48.516388,one_sided_violence,0,One-sided violence
Yemen,YEM,2019,15.552727,48.516388,interstate,0,Interstate
Yemen,YEM,2019,15.552727,48.516388,intrastate,2627,Intrastate
Yemen,YEM,2019,15.552727,48.516388,non_state,298,Non-state
Yemen,YEM,2019,15.552727,48.516388,one_sided_violence,0,One-sided violence
Yemen,YEM,2020,15.552727,48.516388,interstate,1,Interstate
Yemen,YEM,2020,15.552727,48.516388,intrastate,6293,Intrastate
Yemen,YEM,2020,15.552727,48.516388,non_state,387,Non-state
Yemen,YEM,2020,15.552727,48.516388,one_sided_violence,52,One-sided violence
Yemen,YEM,2021,15.552727,48.516388,interstate,0,Interstate
Yemen,YEM,2021,15.552727,48.516388,intrastate,23351,Intrastate
Yemen,YEM,2021,15.552727,48.516388,non_state,55,Non-state
Yemen,YEM,2021,15.552727,48.516388,one_sided_violence,35,One-sided violence
Yemen,YEM,2022,15.552727,48.516388,interstate,0,Interstate
Yemen,YEM,2022,15.552727,48.516388,intrastate,2917,Intrastate
Yemen,YEM,2022,15.552727,48.516388,non_state,259,Non-state
Yemen,YEM,2022,15.552727,48.516388,one_sided_violence,0,One-sided violence
Yemen,YEM,2023,15.552727,48.516388,interstate,0,Interstate
Yemen,YEM,2023,15.552727,48.516388,intrastate,795,Intrastate
Yemen,YEM,2023,15.552727,48.516388,non_state,107,Non-state
Yemen,YEM,2023,15.552727,48.516388,one_sided_violence,0,One-sided violence
Yemen,YEM,2024,15.552727,48.516388,interstate,117,Interstate
Yemen,YEM,2024,15.552727,48.516388,intrastate,806,Intrastate
Yemen,YEM,2024,15.552727,48.516388,non_state,57,Non-state
Yemen,YEM,2024,15.552727,48.516388,one_sided_violence,0,One-sided violence
Zambia,ZMB,2015,-13.133897,27.849332,interstate,0,Interstate
Zambia,ZMB,2015,-13.133897,27.849332,intrastate,0,Intrastate
Zambia,ZMB,2015,-13.133897,27.849332,non_state,0,Non-state
Zambia,ZMB,2015,-13.133897,27.849332,one_sided_violence,0,One-sided violence
Zambia,ZMB,2016,-13.133897,27.849332,interstate,0,Interstate
Zambia,ZMB,2016,-13.133897,27.849332,intrastate,0,Intrastate
Zambia,ZMB,2016,-13.133897,27.849332,non_state,0,Non-state
Zambia,ZMB,2016,-13.133897,27.849332,one_sided_violence,0,One-sided violence
Zambia,ZMB,2017,-13.133897,27.849332,interstate,0,Interstate
Zambia,ZMB,2017,-13.133897,27.849332,intrastate,0,Intrastate
Zambia,ZMB,2017,-13.133897,27.849332,non_state,0,Non-state
Zambia,ZMB,2017,-13.133897,27.849332,one_sided_violence,0,One-sided violence
Zambia,ZMB,2018,-13.133897,27.849332,interstate,0,Interstate
Zambia,ZMB,2018,-13.133897,27.849332,intrastate,0,Intrastate
Zambia,ZMB,2018,-13.133897,27.849332,non_state,0,Non-state
Zambia,ZMB,2018,-13.133897,27.849332,one_sided_violence,0,One-sided violence
Zambia,ZMB,2019,-13.133897,27.849332,interstate,0,Interstate
Zambia,ZMB,2019,-13.133897,27.849332,intrastate,0,Intrastate
Zambia,ZMB,2019,-13.133897,27.849332,non_state,0,Non-state
Zambia,ZMB,2019,-13.133897,27.849332,one_sided_violence,0,One-sided violence
Zambia,ZMB,2020,-13.133897,27.849332,interstate,0,Interstate
Zambia,ZMB,2020,-13.133897,27.849332,intrastate,0,Intrastate
Zambia,ZMB,2020,-13.133897,27.849332,non_state,0,Non-state
Zambia,ZMB,2020,-13.133897,27.849332,one_sided_violence,0,One-sided violence
Zambia,ZMB,2021,-13.133897,27.849332,interstate,0,Interstate
Zambia,ZMB,2021,-13.133897,27.849332,intrastate,0,Intrastate
Zambia,ZMB,2021,-13.133897,27.849332,non_state,0,Non-state
Zambia,ZMB,2021,-13.133897,27.849332,one_sided_violence,0,One-sided violence
Zambia,ZMB,2022,-13.133897,27.849332,interstate,0,Interstate
Zambia,ZMB,2022,-13.133897,27.849332,intrastate,0,Intrastate
Zambia,ZMB,2022,-13.133897,27.849332,non_state,0,Non-state
Zambia,ZMB,2022,-13.133897,27.849332,one_sided_violence,0,One-sided violence
Zambia,ZMB,2023,-13.133897,27.849332,interstate,0,Interstate
Zambia,ZMB,2023,-13.133897,27.849332,intrastate,0,Intrastate
Zambia,ZMB,2023,-13.133897,27.849332,non_state,0,Non-state
Zambia,ZMB,2023,-13.133897,27.849332,one_sided_violence,0,One-sided violence
Zambia,ZMB,2024,-13.133897,27.849332,interstate,0,Interstate
Zambia,ZMB,2024,-13.133897,27.849332,intrastate,0,Intrastate
Zambia,ZMB,2024,-13.133897,27.849332,non_state,0,Non-state
Zambia,ZMB,2024,-13.133897,27.849332,one_sided_violence,0,One-sided violence
Zimbabwe,ZWE,2015,-19.015438,29.154857,interstate,0,Interstate
Zimbabwe,ZWE,2015,-19.015438,29.154857,intrastate,0,Intrastate
Zimbabwe,ZWE,2015,-19.015438,29.154857,non_state,0,Non-state
Zimbabwe,ZWE,2015,-19.015438,29.154857,one_sided_violence,0,One-sided violence
Zimbabwe,ZWE,2016,-19.015438,29.154857,interstate,0,Interstate
Zimbabwe,ZWE,2016,-19.015438,29.154857,intrastate,0,Intrastate
Zimbabwe,ZWE,2016,-19.015438,29.154857,non_state,0,Non-state
Zimbabwe,ZWE,2016,-19.015438,29.154857,one_sided_violence,0,One-sided violence
Zimbabwe,ZWE,2017,-19.015438,29.154857,interstate,0,Interstate
Zimbabwe,ZWE,2017,-19.015438,29.154857,intrastate,0,Intrastate
Zimbabwe,ZWE,2017,-19.015438,29.154857,non_state,0,Non-state
Zimbabwe,ZWE,2017,-19.015438,29.154857,one_sided_violence,0,One-sided violence
Zimbabwe,ZWE,2018,-19.015438,29.154857,interstate,0,Interstate
Zimbabwe,ZWE,2018,-19.015438,29.154857,intrastate,0,Intrastate
Zimbabwe,ZWE,2018,-19.015438,29.154857,non_state,0,Non-state
Zimbabwe,ZWE,2018,-19.015438,29.154857,one_sided_violence,0,One-sided violence
Zimbabwe,ZWE,2019,-19.015438,29.154857,interstate,0,Interstate
Zimbabwe,ZWE,2019,-19.015438,29.154857,intrastate,0,Intrastate
Zimbabwe,ZWE,2019,-19.015438,29.154857,non_state,0,Non-state
Zimbabwe,ZWE,2019,-19.015438,29.154857,one_sided_violence,0,One-sided violence
Zimbabwe,ZWE,2020,-19.015438,29.154857,interstate,0,Interstate
Zimbabwe,ZWE,2020,-19.015438,29.154857,intrastate,0,Intrastate
Zimbabwe,ZWE,2020,-19.015438,29.154857,non_state,0,Non-state
Zimbabwe,ZWE,2020,-19.015438,29.154857,one_sided_violence,0,One-sided violence
Zimbabwe,ZWE,2021,-19.015438,29.154857,interstate,0,Interstate
Zimbabwe,ZWE,2021,-19.015438,29.154857,intrastate,0,Intrastate
Zimbabwe,ZWE,2021,-19.015438,29.154857,non_state,0,Non-state
Zimbabwe,ZWE,2021,-19.015438,29.154857,one_sided_violence,0,One-sided violence
Zimbabwe,ZWE,2022,-19.015438,29.154857,interstate,0,Interstate
Zimbabwe,ZWE,2022,-19.015438,29.154857,intrastate,0,Intrastate
Zimbabwe,ZWE,2022,-19.015438,29.154857,non_state,0,Non-state
Zimbabwe,ZWE,2022,-19.015438,29.154857,one_sided_violence,0,One-sided violence
Zimbabwe,ZWE,2023,-19.015438,29.154857,interstate,0,Interstate
Zimbabwe,ZWE,2023,-19.015438,29.154857,intrastate,0,Intrastate
Zimbabwe,ZWE,2023,-19.015438,29.154857,non_state,0,Non-state
Zimbabwe,ZWE,2023,-19.015438,29.154857,one_sided_violence,0,One-sided violence
Zimbabwe,ZWE,2024,-19.015438,29.154857,interstate,0,Interstate
Zimbabwe,ZWE,2024,-19.015438,29.154857,intrastate,0,Intrastate
Zimbabwe,ZWE,2024,-19.015438,29.154857,non_state,0,Non-state
Zimbabwe,ZWE,2024,-19.015438,29.154857,one_sided_violence,0,One-sided violence
